{
"type": "FeatureCollection",
"name": "ws",
"crs": { "type": "name", "properties": { "name": "urn:ogc:def:crs:OGC:1.3:CRS84" } },
"features": [
{ "type": "Feature", "properties": { "GNIS_NAME": "Chilako River", "AREA_HA": 363444.20571931603 }, "geometry": { "type": "MultiPolygon", "coordinates": [ [ [ [ -122.948104265598289, 53.898643208246455 ], [ -122.948788395805408, 53.899213742694037 ], [ -122.949350751801845, 53.8998391523414 ], [ -122.949489076199526, 53.900114843439809 ], [ -122.949884658158126, 53.900216879460771 ], [ -122.950463113217168, 53.900106262653317 ], [ -122.951084052015631, 53.899825894091485 ], [ -122.951618830731562, 53.89946258878598 ], [ -122.951949258719225, 53.898872505344706 ], [ -122.952414881037143, 53.898335402505992 ], [ -122.953015700596382, 53.89786326987511 ], [ -122.95375177501154, 53.89738718349912 ], [ -122.954349132249888, 53.89696397942064 ], [ -122.954689550657648, 53.896466769473463 ], [ -122.954641157750359, 53.895873539486452 ], [ -122.954205617862542, 53.895232222786007 ], [ -122.95351139813387, 53.894591804347513 ], [ -122.954647758436565, 53.894460411844847 ], [ -122.955779077586513, 53.894287060932065 ], [ -122.956239609225833, 53.893679036403995 ], [ -122.956960424675373, 53.893140018040761 ], [ -122.957941533950788, 53.892669983690027 ], [ -122.957881376924561, 53.89196889812326 ], [ -122.957836172199094, 53.891519480320454 ], [ -122.957927902579272, 53.891092077798476 ], [ -122.958273245460688, 53.890639799366646 ], [ -122.958872207841878, 53.890162634265629 ], [ -122.959212494851485, 53.88967739184978 ], [ -122.959689601313073, 53.889309046604829 ], [ -122.960306873888342, 53.889081555730485 ], [ -122.961064331784598, 53.888994917489583 ], [ -122.961004144575739, 53.888275851078092 ], [ -122.960958976808683, 53.887763512144652 ], [ -122.960974714126394, 53.887206253165949 ], [ -122.961519061747254, 53.887197444159185 ], [ -122.962009286067826, 53.887220567369425 ], [ -122.962408294222797, 53.887169764547941 ], [ -122.962947560511751, 53.887165932990015 ], [ -122.96358494079071, 53.887095228488789 ], [ -122.964489361852543, 53.887091503902305 ], [ -122.965523971782261, 53.887063843072994 ], [ -122.966536592231293, 53.887051143931508 ], [ -122.967312409614493, 53.887216138623806 ], [ -122.967851415821258, 53.887558831310805 ], [ -122.967911719495334, 53.888268907993925 ], [ -122.967956947372372, 53.888826175855741 ], [ -122.968017242362592, 53.88957220665295 ], [ -122.968062470366462, 53.890102514804092 ], [ -122.968122796568636, 53.890812591150031 ], [ -122.968183234499094, 53.891378851027156 ], [ -122.968243577970526, 53.892070954450958 ], [ -122.968303881552075, 53.89279900239665 ], [ -122.969384751322963, 53.892134163435585 ], [ -122.970495984921584, 53.891514267180398 ], [ -122.971246769602558, 53.891334689213849 ], [ -122.971855607136305, 53.891024247487465 ], [ -122.972327577114086, 53.890603914664958 ], [ -122.972657629465033, 53.890031745264999 ], [ -122.973126211788227, 53.889587441403684 ], [ -122.973723274151752, 53.889151154173753 ], [ -122.974313627222699, 53.888594015705316 ], [ -122.974773829174936, 53.887982923819671 ], [ -122.9755143918036, 53.887785342566481 ], [ -122.976255001990552, 53.887527830747381 ], [ -122.976995610176019, 53.88721039615028 ], [ -122.977397636045922, 53.886914583277331 ], [ -122.977719821972755, 53.886734763352337 ], [ -122.977962170385709, 53.886670954941401 ], [ -122.978014320021984, 53.886670810930916 ], [ -122.978030400966958, 53.886635206122591 ], [ -122.978197280665412, 53.886474266911314 ], [ -122.978234398936749, 53.886430194674453 ], [ -122.978379582283438, 53.886257787132017 ], [ -122.978473105389767, 53.886195121670987 ], [ -122.978472543070012, 53.88603927141363 ], [ -122.978426476777074, 53.885853463515758 ], [ -122.978279580467458, 53.885527862628585 ], [ -122.978092117830386, 53.885206256694296 ], [ -122.977955336597404, 53.884927598984852 ], [ -122.978521807150472, 53.884574171337974 ], [ -122.978980080015546, 53.884205739587564 ], [ -122.979401164899528, 53.883861269743633 ], [ -122.979756300383428, 53.88351378994701 ], [ -122.980116512013694, 53.883166310977614 ], [ -122.979310430430047, 53.882746732043415 ], [ -122.978658159149987, 53.88236113244627 ], [ -122.978261143416631, 53.881958590974605 ], [ -122.978354328149464, 53.881545150850584 ], [ -122.978817614570659, 53.881244638740156 ], [ -122.979407671216677, 53.880945135379854 ], [ -122.979889531832029, 53.880640619174365 ], [ -122.979859328137408, 53.880182226803832 ], [ -122.979798812110616, 53.879499112902899 ], [ -122.979768576100881, 53.879112619819757 ], [ -122.979207698706162, 53.878591217505871 ], [ -122.978405062033858, 53.878201589903902 ], [ -122.97735566578433, 53.877887813651093 ], [ -122.976184537182789, 53.877646906440056 ], [ -122.975008364146206, 53.877403986300187 ], [ -122.974932824965379, 53.876541110328077 ], [ -122.975778214391397, 53.875928098728174 ], [ -122.976363341410561, 53.875274078424063 ], [ -122.976703354561423, 53.874707898414322 ], [ -122.977301836518649, 53.874273588322666 ], [ -122.978158874128468, 53.873872277742834 ], [ -122.97874729550405, 53.873264185750834 ], [ -122.979087231213384, 53.872730948202275 ], [ -122.97917872245398, 53.872272576959105 ], [ -122.979288678814356, 53.872022926812647 ], [ -122.979655505105157, 53.871800278523025 ], [ -122.980279166157231, 53.871604646889523 ], [ -122.981419867372139, 53.871505961347921 ], [ -122.982560552876535, 53.871452196894552 ], [ -122.98369618639596, 53.871347497590051 ], [ -122.984030992195542, 53.870802262816881 ], [ -122.984485788561983, 53.870179146816795 ], [ -122.985072337823695, 53.869636943081922 ], [ -122.985925803364026, 53.869282513133811 ], [ -122.986921143256353, 53.869118837388221 ], [ -122.986500528136617, 53.868666393641568 ], [ -122.986084996773116, 53.868231922720675 ], [ -122.985801246991031, 53.86786137761829 ], [ -122.985772633962668, 53.867515831600407 ], [ -122.986127570989652, 53.867225253912579 ], [ -122.986739338522653, 53.866943697925237 ], [ -122.986075401158971, 53.866607067855156 ], [ -122.98565481128162, 53.86617558886423 ], [ -122.985477594652878, 53.865649264222512 ], [ -122.984838965702124, 53.865473410877172 ], [ -122.984433590555042, 53.86511983178795 ], [ -122.984261454530611, 53.864588510958939 ], [ -122.983215728120953, 53.864250815202517 ], [ -122.981919944524307, 53.863968004085386 ], [ -122.981747841843273, 53.863411710994157 ], [ -122.981449045163941, 53.862856400858419 ], [ -122.981023500820527, 53.862382958438246 ], [ -122.980608040539522, 53.862052322066731 ], [ -122.980081001170291, 53.86185849709095 ], [ -122.979442410827275, 53.861801464933365 ], [ -122.97890025203894, 53.861461821114005 ], [ -122.978236423859087, 53.861208033468479 ], [ -122.977493198480886, 53.860976202636863 ], [ -122.976831168088694, 53.860535654813241 ], [ -122.976250369863891, 53.859886400958054 ], [ -122.976711796313467, 53.859514984049049 ], [ -122.977146136126791, 53.859183503665363 ], [ -122.977524739444632, 53.858845025410524 ], [ -122.977793555952601, 53.858463582511867 ], [ -122.97778027149559, 53.858020157093506 ], [ -122.977410541282524, 53.857589661079835 ], [ -122.976738411602696, 53.857208031763669 ], [ -122.977350127726439, 53.856840640305649 ], [ -122.977695009816742, 53.856352346756729 ], [ -122.977773033160034, 53.855743161535415 ], [ -122.978127919969339, 53.855467592568992 ], [ -122.978616266984318, 53.855151105416354 ], [ -122.979099557811637, 53.854801646596442 ], [ -122.97970614712294, 53.854436232119987 ], [ -122.98030767461033, 53.85405383583506 ], [ -122.981042631651064, 53.853694435149841 ], [ -122.981579651252304, 53.854008105006855 ], [ -122.982243355100152, 53.854305811031175 ], [ -122.982905372948039, 53.854658439055555 ], [ -122.983444061838853, 53.855069970523793 ], [ -122.984614550648786, 53.85542066343254 ], [ -122.985133102712325, 53.855565540786223 ], [ -122.985888208431859, 53.855502711862805 ], [ -122.986879870008963, 53.85523218153098 ], [ -122.987244794392822, 53.85503148363221 ], [ -122.987604680938233, 53.854764874480374 ], [ -122.987831119654814, 53.854426350077439 ], [ -122.987929193678283, 53.854081813478629 ], [ -122.987883741373821, 53.853533533027395 ], [ -122.98785343388144, 53.853200965832947 ], [ -122.987823147359734, 53.852823457833765 ], [ -122.987777661509497, 53.852401013569875 ], [ -122.987747381180114, 53.852005532641655 ], [ -122.987701923454125, 53.851466237935036 ], [ -122.987671644524127, 53.851070756857823 ], [ -122.987768000868655, 53.850760176837163 ], [ -122.988122787133378, 53.850463609708569 ], [ -122.988867710522868, 53.850226986446202 ], [ -122.989886202620426, 53.850154171372232 ], [ -122.991049939791125, 53.850137294110688 ], [ -122.992103864959688, 53.850169318601807 ], [ -122.993037896262251, 53.850178364200879 ], [ -122.993853693146178, 53.850145453020048 ], [ -122.99463401620504, 53.850145497226798 ], [ -122.995635623586878, 53.84986490532588 ], [ -122.996380497149616, 53.849574317063926 ], [ -122.996738581433448, 53.849273718919854 ], [ -122.996838257109374, 53.848968121868687 ], [ -122.99680788978867, 53.848509728711512 ], [ -122.995770893487887, 53.848435791074955 ], [ -122.994980491231772, 53.848214060440576 ], [ -122.99443670401206, 53.847844524107231 ], [ -122.994141197980142, 53.847410078078219 ], [ -122.993847387930458, 53.847008596885544 ], [ -122.993688687007023, 53.846671029010047 ], [ -122.993406688524146, 53.846381400944615 ], [ -122.993129766320308, 53.846127719238197 ], [ -122.993084239830168, 53.845669321343635 ], [ -122.993038714342447, 53.845210923357605 ], [ -122.992993222649062, 53.844599720431482 ], [ -122.991751973727233, 53.844572683448888 ], [ -122.990551248170689, 53.844509670247469 ], [ -122.989387730948849, 53.844347792292346 ], [ -122.988220848307492, 53.84412297596365 ], [ -122.989360797284832, 53.844006241783276 ], [ -122.990485557097827, 53.843772642519383 ], [ -122.990455253570971, 53.843395133927807 ], [ -122.990553274267839, 53.843022629803926 ], [ -122.990779638344605, 53.842691085276499 ], [ -122.991284608116558, 53.842451442078342 ], [ -122.991664615461346, 53.842235756377235 ], [ -122.992196571687188, 53.842099967548137 ], [ -122.992730227939731, 53.841963178604473 ], [ -122.993920777040913, 53.841777489384839 ], [ -122.993890433146333, 53.841364035268469 ], [ -122.993860088823865, 53.841013495285587 ], [ -122.993814577407719, 53.840537124340933 ], [ -122.993784234326327, 53.840186584236093 ], [ -122.994932490881638, 53.840117729379848 ], [ -122.996073998370449, 53.84000691972787 ], [ -122.997163145298515, 53.839947024716153 ], [ -122.998257358240949, 53.839947048377283 ], [ -122.99923675069283, 53.839910108059144 ], [ -123.000101312773197, 53.839809238099207 ], [ -123.000710896459537, 53.839514624816999 ], [ -123.001190438112531, 53.839180067091242 ], [ -123.001534894853961, 53.838766607110266 ], [ -123.001504487708161, 53.838398086890734 ], [ -123.002108959636828, 53.838038551295639 ], [ -123.002453398597893, 53.837643070365658 ], [ -123.002537796534611, 53.837211636986758 ], [ -123.002476977210108, 53.836519546942355 ], [ -123.002814651894269, 53.836255885911285 ], [ -123.00308477864975, 53.835926317301897 ], [ -123.003537247749378, 53.835591740295392 ], [ -123.004102843694994, 53.835315091450617 ], [ -123.005409661405452, 53.835153248646812 ], [ -123.006209897798911, 53.834697807925281 ], [ -123.007025325118263, 53.834355214026743 ], [ -123.007974162365826, 53.834145430168256 ], [ -123.009056385526364, 53.834068461418866 ], [ -123.01024163626019, 53.834164239093454 ], [ -123.011442063464258, 53.83417311904843 ], [ -123.012672870712535, 53.834128052113371 ], [ -123.013873413599839, 53.83447845589189 ], [ -123.014695572679202, 53.834238676411417 ], [ -123.015519389908704, 53.833953947011949 ], [ -123.016349892494759, 53.83348944445585 ], [ -123.017398365789489, 53.833553220360258 ], [ -123.018316925182489, 53.83377378939489 ], [ -123.019105562485095, 53.834151172025898 ], [ -123.019906088566785, 53.834657369978913 ], [ -123.020737096630739, 53.835325353843402 ], [ -123.021595106215798, 53.835876478026094 ], [ -123.022576314860657, 53.836309724867426 ], [ -123.023663793914324, 53.836504254076353 ], [ -123.024871059060331, 53.836537965103062 ], [ -123.026076517492086, 53.836378924884613 ], [ -123.027266830179457, 53.836297765338045 ], [ -123.028332171744609, 53.836199641032238 ], [ -123.029135691354497, 53.835936802058775 ], [ -123.029540614757877, 53.835506269994745 ], [ -123.029676986676066, 53.834942972875368 ], [ -123.029676521407026, 53.834295822667485 ], [ -123.029676057174711, 53.833639686038502 ], [ -123.030766325810944, 53.833074161924955 ], [ -123.031721605122144, 53.832667444319483 ], [ -123.032403452953119, 53.832373654506178 ], [ -123.03308544608754, 53.832264603597686 ], [ -123.033762309815131, 53.83209464391409 ], [ -123.034702581399898, 53.831972538423045 ], [ -123.035767758047456, 53.831822420576678 ], [ -123.035767244942946, 53.831229197429302 ], [ -123.035766715470331, 53.830600028655084 ], [ -123.035636252359836, 53.83004379772737 ], [ -123.035245834148313, 53.829519604366062 ], [ -123.034595485601471, 53.829027437481137 ], [ -123.034724999871742, 53.8284611503557 ], [ -123.035117986065387, 53.828043580351604 ], [ -123.035907843594984, 53.827833626439727 ], [ -123.036964519837142, 53.827741423719914 ], [ -123.038199635518936, 53.827093893726115 ], [ -123.039429534564078, 53.826332495978733 ], [ -123.040638692067134, 53.825115684450225 ], [ -123.039288141659966, 53.824960347692382 ], [ -123.038477448539851, 53.824463256142003 ], [ -123.038125812104553, 53.823870153595472 ], [ -123.037905859652398, 53.82329797082047 ], [ -123.037547719535354, 53.822968518727826 ], [ -123.036888981889589, 53.82245439727334 ], [ -123.036292594834208, 53.821807435855931 ], [ -123.035758562443846, 53.82102761740456 ], [ -123.036958761376766, 53.82119802668133 ], [ -123.03819948985759, 53.821362426951232 ], [ -123.039435034192522, 53.821403972603413 ], [ -123.039968062181956, 53.821057252291013 ], [ -123.040762856161876, 53.820871229242798 ], [ -123.041819406610657, 53.820845897927782 ], [ -123.042923088913838, 53.820681721072695 ], [ -123.043748193199121, 53.820447726330904 ], [ -123.044294719377007, 53.820143928370108 ], [ -123.045434328887282, 53.820458085821862 ], [ -123.046000686640454, 53.819778762131833 ], [ -123.046821972322192, 53.819172243963521 ], [ -123.047898149317206, 53.818638516442718 ], [ -123.049094439413508, 53.818361397064713 ], [ -123.050277313102001, 53.818164167355171 ], [ -123.05071511842209, 53.817339064057521 ], [ -123.051402923236836, 53.816703610428029 ], [ -123.052340711556951, 53.816257784029752 ], [ -123.053495609748367, 53.816688712743321 ], [ -123.053494797558187, 53.816059540402726 ], [ -123.053509099119808, 53.815358453964372 ], [ -123.053508399228036, 53.814810169129728 ], [ -123.053522819609412, 53.814207960773643 ], [ -123.053537143521282, 53.813524846907463 ], [ -123.053550630542716, 53.81219458659838 ], [ -123.053549790021435, 53.811538453831446 ], [ -123.05368730466752, 53.810866269389798 ], [ -123.053948098348769, 53.810276924626223 ], [ -123.054462165056606, 53.809811307680668 ], [ -123.05510619192988, 53.809395553309436 ], [ -123.056005124163576, 53.809058584808966 ], [ -123.057008708041877, 53.808768485009701 ], [ -123.058149026216, 53.808533247125823 ], [ -123.059285878349158, 53.808237082030409 ], [ -123.059299961476924, 53.807464091252818 ], [ -123.058934695873262, 53.806880034198038 ], [ -123.058569500905577, 53.80634991271841 ], [ -123.058204391624599, 53.805873709312387 ], [ -123.057697609210294, 53.805422546070417 ], [ -123.057069413321031, 53.805017382957004 ], [ -123.056448113455403, 53.804707081532158 ], [ -123.056081210910904, 53.804124022846793 ], [ -123.056019588767143, 53.803457924982695 ], [ -123.056175619843103, 53.802804701604224 ], [ -123.05646365766961, 53.802469006532768 ], [ -123.056954394900799, 53.802308987534431 ], [ -123.057448618605406, 53.802246833534205 ], [ -123.057905774665628, 53.802218647731046 ], [ -123.058194169177838, 53.802146608047686 ], [ -123.058472402283272, 53.802044597966365 ], [ -123.058745506328208, 53.801900660434356 ], [ -123.059003417766704, 53.801747731929858 ], [ -123.059246141320642, 53.801594807877315 ], [ -123.059473676525286, 53.80144189732156 ], [ -123.059701189403981, 53.801279999578213 ], [ -123.05983754299551, 53.801073199697584 ], [ -123.05973082580708, 53.800758670656649 ], [ -123.059381015023078, 53.800336393121029 ], [ -123.059770002022077, 53.799835857573825 ], [ -123.06028047684147, 53.799367216127337 ], [ -123.06091755400962, 53.798954430191593 ], [ -123.061686343513415, 53.798636455532886 ], [ -123.062091050439861, 53.798534382717314 ], [ -123.062839836789365, 53.798393179334532 ], [ -123.062718028094693, 53.798150559634642 ], [ -123.062839111407769, 53.797898819930424 ], [ -123.061819849299667, 53.797653673096015 ], [ -123.06088991445543, 53.797342561256571 ], [ -123.060089821230108, 53.796989427696587 ], [ -123.059330267315801, 53.796660239584043 ], [ -123.05983071039131, 53.796273495656514 ], [ -123.05995155539982, 53.795840996019521 ], [ -123.059692782088632, 53.795362758957623 ], [ -123.05943896205153, 53.794792627290818 ], [ -123.05931155567599, 53.794161519388851 ], [ -123.059311031287749, 53.793784011502943 ], [ -123.059396495080776, 53.793391487799163 ], [ -123.059567929532164, 53.792956970970437 ], [ -123.060068377841588, 53.792606180843308 ], [ -123.060477699086078, 53.792219482960313 ], [ -123.06092603360689, 53.79199654040557 ], [ -123.061257929292367, 53.791744703896335 ], [ -123.061291250331323, 53.791457061652494 ], [ -123.061105402179862, 53.791240441036855 ], [ -123.060818398028914, 53.791050833029949 ], [ -123.060661327577989, 53.790897120065246 ], [ -123.060512603444678, 53.790692455695229 ], [ -123.060400992251971, 53.790482789137158 ], [ -123.060306224428018, 53.790265122313428 ], [ -123.060292431980301, 53.790062396263664 ], [ -123.060347607453096, 53.789720815087833 ], [ -123.060412683552101, 53.789235417666681 ], [ -123.058166706820401, 53.789614036690828 ], [ -123.057599716787237, 53.789398586095658 ], [ -123.057058089423791, 53.789219080404735 ], [ -123.057108213168533, 53.78886552005023 ], [ -123.057102740171587, 53.788565914439637 ], [ -123.057041686810365, 53.788320263955747 ], [ -123.056476382046256, 53.788080849324288 ], [ -123.056157293227884, 53.787823332375211 ], [ -123.056084399744137, 53.787547732597545 ], [ -123.056129675374976, 53.787349968596224 ], [ -123.056271131103799, 53.787200094119548 ], [ -123.056409271722728, 53.787081186752296 ], [ -123.056614901447972, 53.786993205789628 ], [ -123.056705690585702, 53.786785436099393 ], [ -123.056860490389809, 53.786528698017236 ], [ -123.056947780168755, 53.786224055765921 ], [ -123.057068834529161, 53.785956347383745 ], [ -123.057058431672075, 53.785738636403906 ], [ -123.057022710365246, 53.785515946430763 ], [ -123.057138642979879, 53.785204301975874 ], [ -123.057131578622091, 53.784965615001163 ], [ -123.057097547825663, 53.784742921557545 ], [ -123.057036541233145, 53.784518248762133 ], [ -123.057005909919312, 53.784320516806311 ], [ -123.056990448795162, 53.784104807234485 ], [ -123.057035674618987, 53.783886073548402 ], [ -123.057045451579228, 53.783631404892944 ], [ -123.057019765733912, 53.783340791941214 ], [ -123.056885840011418, 53.782818536950906 ], [ -123.056510851873583, 53.782354327490957 ], [ -123.055771802422754, 53.782007126558106 ], [ -123.054919834467569, 53.781701913115093 ], [ -123.054196018642045, 53.781387657554802 ], [ -123.053723375287348, 53.781005372682436 ], [ -123.05372264547583, 53.780430121221372 ], [ -123.053722082572079, 53.779989695817832 ], [ -123.053721402725557, 53.779459395036149 ], [ -123.053720695852263, 53.778902125471383 ], [ -123.053704904876909, 53.77841676217016 ], [ -123.053704206554499, 53.777877465297358 ], [ -123.054786804051091, 53.777961867044105 ], [ -123.055874344835487, 53.777957368709032 ], [ -123.056981970186243, 53.777847992000659 ], [ -123.058089503850198, 53.777674685237251 ], [ -123.058704569402309, 53.777416726531889 ], [ -123.05907330808482, 53.777049022179767 ], [ -123.059195707674334, 53.776571582984225 ], [ -123.059319652820619, 53.775983296295514 ], [ -123.059693079865468, 53.775371908331543 ], [ -123.060315991781579, 53.774737426075241 ], [ -123.061530659312268, 53.775252130161967 ], [ -123.062178730303231, 53.77569522251715 ], [ -123.062685173097265, 53.776120398756703 ], [ -123.063789066095055, 53.775816211113217 ], [ -123.064869430894319, 53.775570952673775 ], [ -123.06530241157526, 53.775362993853953 ], [ -123.065863708004457, 53.775266811643583 ], [ -123.066553308611319, 53.775282403885171 ], [ -123.067170339068824, 53.77525809531069 ], [ -123.067681312599134, 53.775326715730039 ], [ -123.068067784915016, 53.775556199743257 ], [ -123.068329743866968, 53.775946539186364 ], [ -123.069497213842055, 53.775370622850431 ], [ -123.069891412175537, 53.775172651988044 ], [ -123.070588762618172, 53.774785740834822 ], [ -123.070959949085207, 53.774946315382387 ], [ -123.071332781018086, 53.775075925310325 ], [ -123.071880821261615, 53.775128526461813 ], [ -123.072477681573659, 53.77514315059635 ], [ -123.073136806409977, 53.775079830042245 ], [ -123.074084393038902, 53.775113209063967 ], [ -123.075202399473227, 53.775220370440167 ], [ -123.076386489853022, 53.775510245102581 ], [ -123.077124166985513, 53.77507533918179 ], [ -123.077748557429231, 53.774472718261173 ], [ -123.078249787544394, 53.773828238117154 ], [ -123.078627723935284, 53.773081961760326 ], [ -123.079735511180147, 53.773153139642936 ], [ -123.080903816023834, 53.773134373617225 ], [ -123.082011466354544, 53.773133628334314 ], [ -123.082010214628468, 53.77249545967566 ], [ -123.081875884496625, 53.771906323958433 ], [ -123.081623712610735, 53.771402150244526 ], [ -123.081123656251549, 53.770860202300831 ], [ -123.080616823491297, 53.770298276114161 ], [ -123.080103245092218, 53.769716381277995 ], [ -123.079842685437583, 53.769221200069445 ], [ -123.079711922969594, 53.768712951450929 ], [ -123.08025262643045, 53.768490880764162 ], [ -123.080773215576855, 53.768334729010434 ], [ -123.081150762127479, 53.768303514821113 ], [ -123.081474322063272, 53.768252359993646 ], [ -123.081743894492206, 53.768181273916156 ], [ -123.081971164971819, 53.768028318894558 ], [ -123.082235569253456, 53.767897305537041 ], [ -123.082624804518147, 53.767813153014643 ], [ -123.083138872574835, 53.767775842212281 ], [ -123.083232680547667, 53.767477163155085 ], [ -123.08360645772872, 53.767258188347441 ], [ -123.084260232237185, 53.767118915933629 ], [ -123.084289369018478, 53.766519680660217 ], [ -123.084257795059116, 53.765905500460434 ], [ -123.08488633623881, 53.765806184862093 ], [ -123.085398286892669, 53.765567134687693 ], [ -123.08579362931448, 53.765188342068249 ], [ -123.086500433116257, 53.764627571507553 ], [ -123.087536145465933, 53.764998330703925 ], [ -123.088304923355167, 53.765069676015898 ], [ -123.088806749487873, 53.764841603639816 ], [ -123.089190188825128, 53.764427858601287 ], [ -123.08967142719699, 53.764033011899755 ], [ -123.090145914169824, 53.763645156469586 ], [ -123.090613679928509, 53.763264302083257 ], [ -123.091047698389374, 53.762871489693445 ], [ -123.092200909046056, 53.763023405436009 ], [ -123.093263137897992, 53.763184371133107 ], [ -123.093404544244351, 53.763863373607101 ], [ -123.09379502328693, 53.764362421757774 ], [ -123.094562543271408, 53.764626478035794 ], [ -123.095582780499456, 53.764830394883717 ], [ -123.096725993775593, 53.76499726052797 ], [ -123.097890886006098, 53.765062230924272 ], [ -123.099028506093674, 53.764995379675085 ], [ -123.100138842763499, 53.764796716498573 ], [ -123.100655842407733, 53.764599544364806 ], [ -123.10142953282103, 53.764601886681014 ], [ -123.102459909332268, 53.764803747073145 ], [ -123.102461326170683, 53.765387979008175 ], [ -123.102463642910038, 53.766340735863317 ], [ -123.102340685144526, 53.767067896260926 ], [ -123.102219356506851, 53.767782064968728 ], [ -123.102219247149165, 53.768432220559077 ], [ -123.102725965162307, 53.768839255789864 ], [ -123.103613387506073, 53.769132106567092 ], [ -123.104766852376997, 53.769295883646393 ], [ -123.105423042310079, 53.769465087434504 ], [ -123.105946227181576, 53.769699320519678 ], [ -123.107037146586947, 53.76912310200926 ], [ -123.10769387020018, 53.768840884659099 ], [ -123.108087415533362, 53.768486992198312 ], [ -123.108217817642412, 53.768061427916614 ], [ -123.108201115445524, 53.767468220985954 ], [ -123.108319529594638, 53.766972756883632 ], [ -123.108689349680773, 53.766577934576318 ], [ -123.10931060162774, 53.766283752518454 ], [ -123.110063442356775, 53.766040382822332 ], [ -123.110798054003908, 53.765917864246795 ], [ -123.111519291620894, 53.765838299822626 ], [ -123.112297233749629, 53.766165150478841 ], [ -123.112932256605163, 53.766619960337032 ], [ -123.113540563520218, 53.767163671010422 ], [ -123.114098046920276, 53.7676105561914 ], [ -123.114820114107417, 53.767822590158296 ], [ -123.115590523102668, 53.767838831943394 ], [ -123.116485383286275, 53.767751076989498 ], [ -123.117521811994763, 53.767648195144965 ], [ -123.118669313804617, 53.767488278358108 ], [ -123.119807037078544, 53.767448190204895 ], [ -123.120975021670688, 53.767375114857046 ], [ -123.122111400197156, 53.767451862897062 ], [ -123.123213646121627, 53.767384821960647 ], [ -123.124281748211601, 53.767173992976545 ], [ -123.125404223156565, 53.767112896209582 ], [ -123.126511651724229, 53.76709076288877 ], [ -123.127506686281649, 53.767254492990027 ], [ -123.128255977306949, 53.767532329744483 ], [ -123.128759526038806, 53.767924277714862 ], [ -123.129867358399437, 53.768030948719712 ], [ -123.130956596865303, 53.768114646293611 ], [ -123.132055552252268, 53.768075497568603 ], [ -123.133039736427577, 53.767989520455245 ], [ -123.133902548877003, 53.767900674018193 ], [ -123.134632586367559, 53.767940796740035 ], [ -123.135497587495522, 53.768014724936648 ], [ -123.136497570889787, 53.768122447098818 ], [ -123.136500230141834, 53.768940384636544 ], [ -123.137501318810749, 53.768866333649875 ], [ -123.138250601010768, 53.769114143300285 ], [ -123.138624779282367, 53.769608068485333 ], [ -123.138749751765971, 53.770187168883311 ], [ -123.138884654620028, 53.770708330169875 ], [ -123.139152802098423, 53.771247319516519 ], [ -123.139611017804143, 53.771655248787546 ], [ -123.140069098463073, 53.772022233961721 ], [ -123.140653333066652, 53.772298191936642 ], [ -123.141249372255587, 53.772570132231372 ], [ -123.141914469610569, 53.772823023950195 ], [ -123.142168424146917, 53.773139306222788 ], [ -123.142296236501565, 53.773544624239861 ], [ -123.143162457708641, 53.773939073960328 ], [ -123.14391688619483, 53.774174869484789 ], [ -123.144832974880686, 53.774350535421803 ], [ -123.145873965255845, 53.77456898054006 ], [ -123.146793497577647, 53.774760613110011 ], [ -123.14752387496344, 53.774860577114985 ], [ -123.147995909031565, 53.774846014843973 ], [ -123.148264794222442, 53.774602006757171 ], [ -123.148398241423891, 53.774193368123939 ], [ -123.149347227239701, 53.774137268817135 ], [ -123.15034277944352, 53.773899330384076 ], [ -123.151384883606511, 53.773479560572106 ], [ -123.151993110332896, 53.773838328725468 ], [ -123.152390024732, 53.774035565709731 ], [ -123.152609913367556, 53.774235024879168 ], [ -123.152912271523206, 53.774391437888056 ], [ -123.153336169388737, 53.774588629660265 ], [ -123.154653340984183, 53.774701795064409 ], [ -123.155751220837558, 53.774785260795042 ], [ -123.156500167791691, 53.774886156574482 ], [ -123.156891040826793, 53.775264144060067 ], [ -123.15705349098026, 53.775872138655522 ], [ -123.157419348997195, 53.77632007312431 ], [ -123.157860828403386, 53.776697999078308 ], [ -123.15817918600888, 53.776616688253661 ], [ -123.158497432384635, 53.776508407574205 ], [ -123.15878538010486, 53.776409157340787 ], [ -123.159611716912252, 53.776899419227298 ], [ -123.160225395893661, 53.777330032207146 ], [ -123.160508615377509, 53.777760092827137 ], [ -123.160674032515715, 53.778249236808755 ], [ -123.160722103446219, 53.778914299756885 ], [ -123.160765309498899, 53.779190885506054 ], [ -123.160769731995842, 53.779462518805211 ], [ -123.160465799902582, 53.779793493244576 ], [ -123.160008092687576, 53.780040783748191 ], [ -123.159504714145129, 53.780251183805831 ], [ -123.158977726038245, 53.780462610690662 ], [ -123.158761301396723, 53.780750515888009 ], [ -123.158618917090536, 53.781003377235606 ], [ -123.158513476790361, 53.781210246426767 ], [ -123.158301535518234, 53.781350341041097 ], [ -123.15803049799662, 53.781470545242513 ], [ -123.157773007605343, 53.781605705001752 ], [ -123.158053021829531, 53.782081717848108 ], [ -123.158541531129785, 53.782392667725098 ], [ -123.159056939990293, 53.782679608002887 ], [ -123.159720601073772, 53.782930395891356 ], [ -123.16038441466246, 53.783214140339169 ], [ -123.161149645163334, 53.783560658380175 ], [ -123.16177626242191, 53.78381747287596 ], [ -123.162411508081291, 53.784125209794027 ], [ -123.161767053621958, 53.784494604817596 ], [ -123.161404645734819, 53.784974464977324 ], [ -123.161324275466839, 53.785564801360017 ], [ -123.162522240394992, 53.785284550130051 ], [ -123.162570024952785, 53.785868722131973 ], [ -123.161417612559688, 53.786157897491123 ], [ -123.160295144750606, 53.786339169572493 ], [ -123.161076449885286, 53.78690738341696 ], [ -123.161775122732024, 53.787467702491021 ], [ -123.162350767257834, 53.788047171614735 ], [ -123.162661248356926, 53.788524123180466 ], [ -123.162839643063052, 53.788861437149201 ], [ -123.162919974399301, 53.789136969255445 ], [ -123.163165670495701, 53.789430252729211 ], [ -123.163688282291631, 53.789807044652832 ], [ -123.164351316000676, 53.79028950718903 ], [ -123.165019180208844, 53.790711035821431 ], [ -123.165705111263989, 53.79100570673338 ], [ -123.166537250761664, 53.791166345802388 ], [ -123.167691301069965, 53.791263606704675 ], [ -123.167650457199102, 53.791593232037279 ], [ -123.16775453662504, 53.791892689675656 ], [ -123.168214921153904, 53.791874074320923 ], [ -123.168535048601683, 53.791790731326813 ], [ -123.168856761974951, 53.791678423100805 ], [ -123.169180030185743, 53.791537148910137 ], [ -123.16953860590462, 53.791367865411942 ], [ -123.169790723554641, 53.791149799247926 ], [ -123.169936384529336, 53.7908829421227 ], [ -123.170366420891554, 53.790871343057809 ], [ -123.170750766458838, 53.790818867463273 ], [ -123.171159934907408, 53.790653497074175 ], [ -123.171587774789998, 53.790516060125483 ], [ -123.172029175864296, 53.790394589695325 ], [ -123.172357737321633, 53.790313220046329 ], [ -123.172686310136257, 53.790238844646545 ], [ -123.173037086877329, 53.790228357058318 ], [ -123.173399853139699, 53.790263787462678 ], [ -123.173749419065899, 53.790368137263549 ], [ -123.174433508318458, 53.79061282616285 ], [ -123.174980703889133, 53.790788800457747 ], [ -123.175429815740003, 53.790902991989142 ], [ -123.175780855664073, 53.790955411175204 ], [ -123.175402905866733, 53.791324479905356 ], [ -123.175824556902811, 53.791725332546797 ], [ -123.176297002047093, 53.792171059163429 ], [ -123.17682026026371, 53.79266165053803 ], [ -123.177238519534669, 53.792651041108449 ], [ -123.177685531994186, 53.792660368377199 ], [ -123.177678132761315, 53.792506577401653 ], [ -123.177831147713405, 53.792393501835221 ], [ -123.178191880689624, 53.79234303038816 ], [ -123.178701273981957, 53.792344268509659 ], [ -123.179235005037256, 53.792124761553232 ], [ -123.179947795101285, 53.791964903021359 ], [ -123.18083961476853, 53.791864689025623 ], [ -123.18159717896917, 53.791530974374666 ], [ -123.182138629901729, 53.791151652254257 ], [ -123.182685024936418, 53.79074634779127 ], [ -123.183236362302367, 53.790315069859986 ], [ -123.184118234697749, 53.789878292485028 ], [ -123.184971694452187, 53.789503464657471 ], [ -123.185709049371496, 53.789195724651989 ], [ -123.186151079843413, 53.788848492474727 ], [ -123.186425979689503, 53.788467562744422 ], [ -123.186087285245577, 53.788151499412621 ], [ -123.185707908008865, 53.78779156244407 ], [ -123.185287881237116, 53.787387743194756 ], [ -123.184901233423417, 53.786905967988638 ], [ -123.18370639508241, 53.786719052916474 ], [ -123.182470591541104, 53.786415337742 ], [ -123.181909079084789, 53.786434171584659 ], [ -123.182136097209352, 53.786281019665488 ], [ -123.18233265826116, 53.786109943857653 ], [ -123.182797213323155, 53.785901507471941 ], [ -123.183220959028432, 53.785619231746132 ], [ -123.183472343577776, 53.785256319932799 ], [ -123.183571756141433, 53.784849704875953 ], [ -123.183560479181907, 53.784586058442308 ], [ -123.183508213797651, 53.784202646464848 ], [ -123.183459900128767, 53.783564553935669 ], [ -123.18339653489069, 53.78295345085084 ], [ -123.183348414640548, 53.782360299746266 ], [ -123.184470212875866, 53.782070946415011 ], [ -123.184422396556016, 53.781549706256676 ], [ -123.184478590998381, 53.781287964197659 ], [ -123.184816514236076, 53.781057738281604 ], [ -123.18543617635882, 53.780859044403194 ], [ -123.186403270236923, 53.780679777317417 ], [ -123.187230112530656, 53.780432802985978 ], [ -123.187796823710855, 53.780088369427361 ], [ -123.188361886586293, 53.779754916105595 ], [ -123.18879882453875, 53.779427653261727 ], [ -123.189220442513289, 53.779069459474343 ], [ -123.189508330430712, 53.778593626203303 ], [ -123.190504918418583, 53.778613015836534 ], [ -123.191162281451668, 53.778562039785008 ], [ -123.191687757542482, 53.778431365201968 ], [ -123.191987145980278, 53.778268104767548 ], [ -123.192281561839621, 53.778122815232742 ], [ -123.192576125954645, 53.778013488958571 ], [ -123.192904750313673, 53.777977004596551 ], [ -123.192924017706844, 53.777765252292681 ], [ -123.192999039868255, 53.777578379222433 ], [ -123.193466767898755, 53.7773599078403 ], [ -123.194059624816859, 53.777220126412907 ], [ -123.195065869722725, 53.777144593252842 ], [ -123.196133029225351, 53.777117886095965 ], [ -123.196086666460516, 53.776938194260261 ], [ -123.196055480999476, 53.776758480102387 ], [ -123.196071338567691, 53.77654173367894 ], [ -123.196277376112832, 53.77625377599152 ], [ -123.196741069226974, 53.77589948134726 ], [ -123.197369839450801, 53.775515946927818 ], [ -123.198254409099036, 53.775034110418211 ], [ -123.198909667572863, 53.774550649781567 ], [ -123.199335606971857, 53.774065577367779 ], [ -123.20037066609072, 53.7736863466925 ], [ -123.20141815937653, 53.773444907532756 ], [ -123.202442285799791, 53.773251430206663 ], [ -123.203458193797388, 53.773105900340632 ], [ -123.20448895415204, 53.772897414079139 ], [ -123.205472626305493, 53.772365427271716 ], [ -123.205777823268292, 53.771687786282563 ], [ -123.206208231322648, 53.771102806164564 ], [ -123.20663536214488, 53.770541799666958 ], [ -123.20717408070395, 53.77005051016917 ], [ -123.207699313466904, 53.769557245833489 ], [ -123.208461164678127, 53.769194391147025 ], [ -123.209369722971019, 53.768841263854597 ], [ -123.210520625409913, 53.768410809710772 ], [ -123.211076118258418, 53.768924161718637 ], [ -123.211852241053393, 53.769393177572823 ], [ -123.212848982968623, 53.769817861621874 ], [ -123.21382255485112, 53.77031947050115 ], [ -123.214173464332134, 53.770702342115328 ], [ -123.214630448816862, 53.7710570666354 ], [ -123.215102760972329, 53.771441719847921 ], [ -123.215590417434811, 53.771856301911569 ], [ -123.215987520043598, 53.772364914999045 ], [ -123.216404899853998, 53.772882488805429 ], [ -123.216958911580235, 53.773408805269881 ], [ -123.217529901135691, 53.77395505251414 ], [ -123.218117853614444, 53.774521247839566 ], [ -123.218581093900852, 53.775092658078826 ], [ -123.219609448652321, 53.774425645386088 ], [ -123.220767479224193, 53.774381571915512 ], [ -123.221885060990175, 53.774340560104761 ], [ -123.222932226846936, 53.774374573253141 ], [ -123.223949429217242, 53.774480530742046 ], [ -123.225058747154677, 53.77478405580532 ], [ -123.226092366703739, 53.775117674431293 ], [ -123.227141905296662, 53.775589078787391 ], [ -123.228079904135498, 53.775383558572848 ], [ -123.228877505240945, 53.775094415646954 ], [ -123.229551940609937, 53.77479051742467 ], [ -123.230144360690559, 53.774598638402303 ], [ -123.230910159521642, 53.774667073217714 ], [ -123.23184029640889, 53.774878000844495 ], [ -123.232915759196487, 53.775146558967386 ], [ -123.234064731184318, 53.775290134234716 ], [ -123.235219753833647, 53.775308848667159 ], [ -123.236380816779928, 53.775202702093033 ], [ -123.236445457215808, 53.775903653785342 ], [ -123.23652505686826, 53.776568631116724 ], [ -123.237306778581143, 53.777058449518961 ], [ -123.238012809428284, 53.777575369991609 ], [ -123.238643116389497, 53.778119411062193 ], [ -123.239058419256764, 53.777616235091699 ], [ -123.239776086398692, 53.777213323004815 ], [ -123.240666986401109, 53.777031776481607 ], [ -123.241599706037135, 53.777087826326401 ], [ -123.24239049477238, 53.777383843232187 ], [ -123.243278932975258, 53.777650692106484 ], [ -123.24426920592127, 53.777743552946298 ], [ -123.245362674206447, 53.777602498436188 ], [ -123.245867659159515, 53.778324524959963 ], [ -123.246626596777105, 53.778928172067381 ], [ -123.247635714020873, 53.779350540639513 ], [ -123.248801607956011, 53.779476961946102 ], [ -123.249991578197879, 53.779399582693145 ], [ -123.251198521415063, 53.779055504013954 ], [ -123.252261038481961, 53.779095223164681 ], [ -123.253398994532958, 53.779062865402324 ], [ -123.254529111192795, 53.77912638533099 ], [ -123.255646059359819, 53.779243846315786 ], [ -123.256735376250589, 53.779529144717934 ], [ -123.257632413093518, 53.779802859835215 ], [ -123.258154297642733, 53.779941555534279 ], [ -123.258566306964568, 53.780034545223685 ], [ -123.258868423770465, 53.780081829691497 ], [ -123.259394660639671, 53.780104662204721 ], [ -123.259733900145633, 53.780153867609727 ], [ -123.260022589743571, 53.780211164206221 ], [ -123.26025074731055, 53.780294564260323 ], [ -123.260707130786201, 53.780473335973994 ], [ -123.260905080009934, 53.78058075977156 ], [ -123.261133435105293, 53.780697117569545 ], [ -123.261437636012872, 53.780804308934478 ], [ -123.261691162800602, 53.78090063256645 ], [ -123.262003908775384, 53.781026785890916 ], [ -123.262375844747027, 53.781182767748454 ], [ -123.262709304284854, 53.781385766082316 ], [ -123.262990517091993, 53.781591886137981 ], [ -123.26317336275342, 53.781708332596288 ], [ -123.263371486816098, 53.781842720765447 ], [ -123.263569691935402, 53.78198609568765 ], [ -123.263752639782339, 53.782120514034339 ], [ -123.263935489889619, 53.782236959310154 ], [ -123.264103161533285, 53.782353444145777 ], [ -123.264316649628512, 53.782514759703375 ], [ -123.264484324041433, 53.782631235041222 ], [ -123.264645531184044, 53.782789673404551 ], [ -123.264845741517007, 53.782984976574291 ], [ -123.265084971319439, 53.783217144693587 ], [ -123.265369359648119, 53.783387291134879 ], [ -123.265631587576067, 53.783523529113822 ], [ -123.265871699259932, 53.783625868772546 ], [ -123.266054511967184, 53.783733324371909 ], [ -123.266252604974866, 53.783858721303254 ], [ -123.266465993877006, 53.784002059834378 ], [ -123.266618500735902, 53.784118563315694 ], [ -123.266953991093132, 53.784369489258829 ], [ -123.267152385619511, 53.784539826588848 ], [ -123.267335536618361, 53.784701208148931 ], [ -123.267488048463591, 53.784817710496561 ], [ -123.267640691497959, 53.784952195055638 ], [ -123.267808781507853, 53.785131589266896 ], [ -123.267931051615776, 53.785266135804314 ], [ -123.268228999759131, 53.785443236907753 ], [ -123.268631569120458, 53.785633091300497 ], [ -123.269452728101697, 53.785873933730038 ], [ -123.269380185041626, 53.786398404707001 ], [ -123.269216036664062, 53.786836204746152 ], [ -123.269569856002164, 53.78757245395537 ], [ -123.269677372666592, 53.787769954067151 ], [ -123.269754645119249, 53.787985490364086 ], [ -123.269847164748327, 53.788209990651417 ], [ -123.269878727552737, 53.788398671164657 ], [ -123.269879760285406, 53.78856046439649 ], [ -123.269971949157139, 53.788734031794021 ], [ -123.270142160362568, 53.788975326409961 ], [ -123.270390379710321, 53.78928436545722 ], [ -123.270646572345143, 53.789781135553746 ], [ -123.270665848050626, 53.790419263125031 ], [ -123.27080605953013, 53.790977217551728 ], [ -123.271083013796257, 53.791553835929889 ], [ -123.271496348231295, 53.792092193719689 ], [ -123.27177829610109, 53.79265582211513 ], [ -123.27192922243978, 53.793301636628328 ], [ -123.272519802696237, 53.793597908120944 ], [ -123.272891607211932, 53.793967575697032 ], [ -123.27308993926998, 53.794379584852813 ], [ -123.273264157106453, 53.794711757898611 ], [ -123.27348825567023, 53.794933949411401 ], [ -123.273656005070052, 53.795050420370252 ], [ -123.273864545232414, 53.795213728855465 ], [ -123.274068340427277, 53.795423989347888 ], [ -123.274268409949244, 53.795839980919219 ], [ -123.274646406502612, 53.795605426732912 ], [ -123.275139865958437, 53.795485445918096 ], [ -123.275823323832896, 53.795531817889035 ], [ -123.27672767248994, 53.795818358123135 ], [ -123.277762892019837, 53.796254389659147 ], [ -123.27903426343299, 53.795668197947627 ], [ -123.280306181677034, 53.795169884497703 ], [ -123.280750301565064, 53.795750080473475 ], [ -123.281335603688902, 53.796250056031333 ], [ -123.282062544643296, 53.796738705435857 ], [ -123.282926814045879, 53.797076228711688 ], [ -123.283788081609728, 53.797218004621485 ], [ -123.284642459201464, 53.797089150412162 ], [ -123.285636047976183, 53.79684310458024 ], [ -123.286767681405962, 53.796556775888497 ], [ -123.287330040375679, 53.796156947461618 ], [ -123.288037874769955, 53.795816696064364 ], [ -123.288335952791911, 53.795007034564499 ], [ -123.289143139751147, 53.795382599566842 ], [ -123.28903758150679, 53.795978076730165 ], [ -123.288682166842122, 53.79654219816134 ], [ -123.288076856587892, 53.797074952023472 ], [ -123.289149325588482, 53.797264121434694 ], [ -123.289975980398395, 53.79751978834895 ], [ -123.290410340749474, 53.797882262056923 ], [ -123.290575290779643, 53.798318296775136 ], [ -123.290595251898736, 53.79901034705523 ], [ -123.290747832421047, 53.799607197044615 ], [ -123.29116615854673, 53.800085555596702 ], [ -123.291850205443993, 53.800445419314471 ], [ -123.29185363227711, 53.800939764991398 ], [ -123.291872875520411, 53.80152395002024 ], [ -123.29301068765308, 53.801386357425251 ], [ -123.294214950406058, 53.801344459041466 ], [ -123.295420653948227, 53.801268586742339 ], [ -123.296561347154721, 53.801063037165022 ], [ -123.297604044530772, 53.801078428670685 ], [ -123.298302710533818, 53.801109651472373 ], [ -123.298580028724857, 53.801200840232418 ], [ -123.298780061461343, 53.801336166779073 ], [ -123.298918108521789, 53.801533568833989 ], [ -123.299040929700723, 53.801722011092991 ], [ -123.300267895875137, 53.801314471823439 ], [ -123.301251967971766, 53.801387912418306 ], [ -123.302101408794357, 53.80127192366259 ], [ -123.302816207306478, 53.800966517339866 ], [ -123.302796100213754, 53.800283455911334 ], [ -123.303952598632492, 53.800640060386719 ], [ -123.305134804589997, 53.800816830251271 ], [ -123.306323430692657, 53.800948618869967 ], [ -123.307489403387038, 53.800517196109247 ], [ -123.308655756217036, 53.800142684925795 ], [ -123.308769479055741, 53.799548169465957 ], [ -123.309150228078025, 53.799019874393522 ], [ -123.309797994368012, 53.798557806163984 ], [ -123.310441461607539, 53.799115416389405 ], [ -123.310960350072421, 53.799705296093471 ], [ -123.312043530100652, 53.799242745509581 ], [ -123.312957054582895, 53.798936112869136 ], [ -123.313597850480647, 53.798843624987732 ], [ -123.313960966526082, 53.798835108488781 ], [ -123.314149460666556, 53.798852350884637 ], [ -123.314267567069507, 53.798833263575588 ], [ -123.314379645431814, 53.798810831230554 ], [ -123.314504098026561, 53.79879274636432 ], [ -123.31489762874962, 53.798809673709663 ], [ -123.315603489048328, 53.798805322357047 ], [ -123.316540287654092, 53.798707980283716 ], [ -123.317310285630867, 53.798379378092655 ], [ -123.317714905156251, 53.797899932452523 ], [ -123.317835514555654, 53.797341334123011 ], [ -123.318391052540861, 53.796968348903548 ], [ -123.318979883865836, 53.796760057087681 ], [ -123.319562669851678, 53.79664564678928 ], [ -123.320075987905938, 53.796490480597228 ], [ -123.320364364285012, 53.796480726605978 ], [ -123.320637633443155, 53.796479996610977 ], [ -123.320910826203857, 53.796470270382414 ], [ -123.321274798200207, 53.796420359662264 ], [ -123.321684026649052, 53.796330378793002 ], [ -123.322259143441016, 53.79609813767896 ], [ -123.323349232169903, 53.795708706582843 ], [ -123.324369653152587, 53.795476251105249 ], [ -123.325158643070253, 53.7954181903755 ], [ -123.325621869812338, 53.795552757290487 ], [ -123.32594157613407, 53.795668732055645 ], [ -123.326223720175221, 53.795724894208931 ], [ -123.326613452531234, 53.795735816896197 ], [ -123.327718324892771, 53.795951516795014 ], [ -123.328869313132373, 53.796238989820921 ], [ -123.330066424722972, 53.796598225672426 ], [ -123.33050775221524, 53.796731838102964 ], [ -123.331284205102165, 53.797008329349012 ], [ -123.331264698033763, 53.796460095681631 ], [ -123.332296957398853, 53.796448253185176 ], [ -123.332648239819605, 53.796072768326717 ], [ -123.333203989857012, 53.795746646572113 ], [ -123.333701234858708, 53.795486601819341 ], [ -123.33413994787368, 53.795292634138541 ], [ -123.334428457215921, 53.795300819375107 ], [ -123.334702007142113, 53.79533601230137 ], [ -123.335036342005509, 53.795380022254193 ], [ -123.33541608453487, 53.795405920723091 ], [ -123.335765394808902, 53.795422920514454 ], [ -123.335915471333692, 53.795838960471023 ], [ -123.336278372782587, 53.796290349397658 ], [ -123.336854121625493, 53.796777094640589 ], [ -123.337883389841764, 53.796601428568259 ], [ -123.338916488843083, 53.796483657417419 ], [ -123.338941570374033, 53.795827448540862 ], [ -123.339827184349573, 53.795830936198485 ], [ -123.34050888418642, 53.795649229724155 ], [ -123.341180280538254, 53.795446586899537 ], [ -123.341912992963898, 53.795316664572752 ], [ -123.342736186137628, 53.795320310372652 ], [ -123.343388364510261, 53.795243538356267 ], [ -123.343760638712325, 53.794974825944195 ], [ -123.343925808175086, 53.794545913793677 ], [ -123.344971793338928, 53.794363142680758 ], [ -123.346032153919197, 53.794081452518533 ], [ -123.34603569282713, 53.794512874225475 ], [ -123.345995405363013, 53.795151162463085 ], [ -123.344935695199524, 53.795513739611017 ], [ -123.344925742994036, 53.79615193576528 ], [ -123.344899958985494, 53.796709286152051 ], [ -123.344890155010503, 53.797365454965671 ], [ -123.344864072238494, 53.797886850263403 ], [ -123.344852362453864, 53.79830933547909 ], [ -123.344827818461567, 53.799019481693222 ], [ -123.345901001600566, 53.799052345102027 ], [ -123.3469229085254, 53.799004449914662 ], [ -123.347914155384601, 53.798921678739063 ], [ -123.348894890829968, 53.798791995027976 ], [ -123.349325305213668, 53.799227174098768 ], [ -123.349872888020798, 53.79955015960001 ], [ -123.350532357066555, 53.799735986387901 ], [ -123.351171615226207, 53.799923865668184 ], [ -123.351953669930055, 53.800040418488479 ], [ -123.352884022042474, 53.800137555797832 ], [ -123.353803585692205, 53.800153818423716 ], [ -123.354487949113974, 53.80028663008536 ], [ -123.354822796171348, 53.800583244367409 ], [ -123.354925715798231, 53.80098542151319 ], [ -123.355024735616965, 53.801523422864513 ], [ -123.3552477649678, 53.801961187115175 ], [ -123.355712547199545, 53.802459156352953 ], [ -123.356162392169011, 53.802984134678972 ], [ -123.356495698777991, 53.803493482955979 ], [ -123.356504110520518, 53.804087683580448 ], [ -123.356186434873138, 53.804626918020439 ], [ -123.355623415074277, 53.805083997767348 ], [ -123.354917356721586, 53.80538969665858 ], [ -123.355406583504958, 53.80578072745854 ], [ -123.356016597862734, 53.80608751592198 ], [ -123.356999485726732, 53.806195448892495 ], [ -123.358038558371533, 53.806360140167413 ], [ -123.358999355872513, 53.806842633965609 ], [ -123.360059013897924, 53.806848446634952 ], [ -123.361095421153777, 53.806700515072286 ], [ -123.362108565851358, 53.806398848808328 ], [ -123.363092959502737, 53.806093270627365 ], [ -123.36307102234349, 53.80531136158546 ], [ -123.362956625708946, 53.80456867078103 ], [ -123.362733818313828, 53.803775386228828 ], [ -123.362397958241971, 53.802979440340842 ], [ -123.3621690843473, 53.802262068084737 ], [ -123.36216599824624, 53.801707798693279 ], [ -123.362496594308325, 53.801308321097423 ], [ -123.363049245393796, 53.801033009685547 ], [ -123.364033496950199, 53.800724428111053 ], [ -123.365022344008125, 53.800946127564075 ], [ -123.366089459659094, 53.801243483146678 ], [ -123.367157756137729, 53.801481898238052 ], [ -123.368231457888996, 53.801565494135012 ], [ -123.368684226697951, 53.801638005750576 ], [ -123.369064022487947, 53.801660811394086 ], [ -123.369370829703527, 53.801633893516666 ], [ -123.369628554139638, 53.80158816429919 ], [ -123.369886191043747, 53.801533438966111 ], [ -123.370128656713021, 53.801478757693367 ], [ -123.370416736214068, 53.801432928933217 ], [ -123.370674371123869, 53.801378201908044 ], [ -123.370932092548912, 53.801332469892031 ], [ -123.371174628278496, 53.801286772781239 ], [ -123.371416915100397, 53.801214115689319 ], [ -123.37190182229925, 53.801104755088829 ], [ -123.372159380417472, 53.801041038599308 ], [ -123.372386405654737, 53.800959437806718 ], [ -123.372628615547526, 53.800877791988427 ], [ -123.372885849424037, 53.800778119214129 ], [ -123.373158340005034, 53.800687396454769 ], [ -123.373400474289497, 53.800596753842662 ], [ -123.373975498866542, 53.800379243197284 ], [ -123.374172234170217, 53.800306724103734 ], [ -123.374280780828116, 53.80018155294966 ], [ -123.374306132403305, 53.799997714781782 ], [ -123.374243184407106, 53.799749233832614 ], [ -123.374280317870983, 53.799561358014074 ], [ -123.374402354683085, 53.799437145069433 ], [ -123.374634649385641, 53.799379489009574 ], [ -123.374862057542188, 53.799342824509445 ], [ -123.375134947318543, 53.799297029617108 ], [ -123.375438102462212, 53.799242157263961 ], [ -123.375695894797488, 53.799205392657754 ], [ -123.375953582636356, 53.799159640554862 ], [ -123.376211358235963, 53.799122883464612 ], [ -123.376453874757701, 53.799077184621567 ], [ -123.376991827400076, 53.799431027065069 ], [ -123.377493008316691, 53.799822935143673 ], [ -123.377881619302954, 53.80026513589182 ], [ -123.378180551335632, 53.800489899298668 ], [ -123.378514023949762, 53.800615678524629 ], [ -123.378882034519108, 53.800642482250424 ], [ -123.379443810604613, 53.800640710144286 ], [ -123.379732202264975, 53.800630804802545 ], [ -123.380020831954724, 53.800647866870847 ], [ -123.380385464322032, 53.800673677710961 ], [ -123.380780543316277, 53.800708373515256 ], [ -123.380978165096295, 53.800734711844356 ], [ -123.381175712369441, 53.800752063577534 ], [ -123.381555696746119, 53.800795798064321 ], [ -123.38190531087939, 53.800839622887743 ], [ -123.382285446811835, 53.800901327606582 ], [ -123.382680859160715, 53.800971980812747 ], [ -123.383061087819371, 53.801042669676342 ], [ -123.383395685113939, 53.801104517896867 ], [ -123.383699761523573, 53.801148484640557 ], [ -123.383958281072296, 53.801192597657149 ], [ -123.384262358155695, 53.801236571930978 ], [ -123.384596793153335, 53.801280434984591 ], [ -123.385121622862741, 53.801297729158826 ], [ -123.385600935822055, 53.801318164459971 ], [ -123.386008099197042, 53.801381763267813 ], [ -123.386314882806957, 53.801535579194521 ], [ -123.387268602627344, 53.801226900121023 ], [ -123.387271656669725, 53.801559459894605 ], [ -123.38727721829315, 53.802161657244461 ], [ -123.387611656341335, 53.80275379685721 ], [ -123.388051790047584, 53.803279691195783 ], [ -123.388597632682078, 53.803742316317155 ], [ -123.389390974624405, 53.803964449276627 ], [ -123.390301723684971, 53.80411129572947 ], [ -123.391289802940818, 53.804227919333719 ], [ -123.39230870325288, 53.804392367991646 ], [ -123.393383678222833, 53.804598571165293 ], [ -123.394478412377651, 53.804750774354964 ], [ -123.395592886469956, 53.804848976700519 ], [ -123.396114701534017, 53.804361882394836 ], [ -123.396876310817305, 53.804077730088238 ], [ -123.397877720540279, 53.803996515287075 ], [ -123.399003132135618, 53.804181531649512 ], [ -123.399533790039499, 53.80462917781314 ], [ -123.400195616761479, 53.80503144534093 ], [ -123.401220177152666, 53.804898194743707 ], [ -123.402258640373034, 53.804808822682347 ], [ -123.402587660052987, 53.804283407716547 ], [ -123.403160838237, 53.803707226631786 ], [ -123.403988126489622, 53.803240051672162 ], [ -123.405208194427701, 53.802918353033313 ], [ -123.406576191662623, 53.802717978458524 ], [ -123.407576916330157, 53.802569769519145 ], [ -123.408202459063673, 53.802357913745425 ], [ -123.408201860806642, 53.80212321861304 ], [ -123.407689234766693, 53.801975161597326 ], [ -123.406922539291244, 53.8018958727355 ], [ -123.406290245871915, 53.801760192656538 ], [ -123.405795094310207, 53.801498216280365 ], [ -123.405641076901844, 53.80092248208787 ], [ -123.405757015194652, 53.800349840718745 ], [ -123.4060716890734, 53.799917333064329 ], [ -123.406384780882419, 53.799671591577621 ], [ -123.406728247689301, 53.799601523766988 ], [ -123.407127760743307, 53.799570207426498 ], [ -123.407830633067022, 53.79950789079011 ], [ -123.408410791205199, 53.79931716731307 ], [ -123.408868232594642, 53.798998020835825 ], [ -123.408865723637433, 53.798740365704433 ], [ -123.408765414917113, 53.798487039672978 ], [ -123.408556789050294, 53.798196129975118 ], [ -123.408071005190777, 53.7976814523347 ], [ -123.407453485983453, 53.797148256603307 ], [ -123.406644459623834, 53.796695595866197 ], [ -123.407829284705599, 53.796239161783497 ], [ -123.408959436891863, 53.795887764830283 ], [ -123.410138055087842, 53.796010569192617 ], [ -123.411313992403294, 53.796032510726022 ], [ -123.412440630030034, 53.796358215841067 ], [ -123.413581647216333, 53.7965999606267 ], [ -123.414351692300386, 53.796171862994122 ], [ -123.415142308429438, 53.795776635299475 ], [ -123.4159534653664, 53.795414294406257 ], [ -123.416274636173284, 53.795652869956932 ], [ -123.416724458749655, 53.7957661590426 ], [ -123.41731547975067, 53.795830018047212 ], [ -123.418175304451239, 53.795783075957445 ], [ -123.419175478149654, 53.795771592252855 ], [ -123.419755590757049, 53.795079468500433 ], [ -123.420224236077189, 53.79437473609309 ], [ -123.421417842775782, 53.794312628716803 ], [ -123.422606839404594, 53.794294463270958 ], [ -123.423077704532773, 53.794486547466207 ], [ -123.423778421856568, 53.794555982312353 ], [ -123.424697775647147, 53.794561720528236 ], [ -123.425721482347086, 53.794544105976222 ], [ -123.426228613458164, 53.794984726216846 ], [ -123.426874025212143, 53.795420863095664 ], [ -123.427526666015751, 53.795901911728542 ], [ -123.428048334753271, 53.796441340561415 ], [ -123.428038915625848, 53.797007642666529 ], [ -123.428029042680251, 53.797528994841223 ], [ -123.428004723531942, 53.79812230770581 ], [ -123.427995573177114, 53.798715568522901 ], [ -123.42797106796904, 53.799290908307604 ], [ -123.427962286105711, 53.799920123443769 ], [ -123.427937964612198, 53.80051343577427 ], [ -123.427929282036231, 53.801151637190046 ], [ -123.427905313340503, 53.801780903472348 ], [ -123.428894074338913, 53.801462778629848 ], [ -123.429856963953753, 53.801090813812259 ], [ -123.43107150736175, 53.801077464696093 ], [ -123.432239933143535, 53.801010341304071 ], [ -123.433394018729814, 53.801024154476607 ], [ -123.434518585269188, 53.801118957038938 ], [ -123.435694091360602, 53.801734881238133 ], [ -123.435657670644105, 53.802615864880295 ], [ -123.435496866645792, 53.80321566941214 ], [ -123.435078551827473, 53.803713544086044 ], [ -123.434279262769067, 53.804080964591549 ], [ -123.433235863977657, 53.804338402828932 ], [ -123.432590920893418, 53.804623362616695 ], [ -123.43206793713567, 53.804956815314384 ], [ -123.43321149937816, 53.804920737857913 ], [ -123.434230148771675, 53.805043890116458 ], [ -123.434993122490667, 53.805403653361346 ], [ -123.435494660764178, 53.805933136260506 ], [ -123.436798321019353, 53.80571567779748 ], [ -123.437514508038575, 53.805468385381019 ], [ -123.438083829992877, 53.805213636552331 ], [ -123.438109988055942, 53.804809063911904 ], [ -123.438717479847682, 53.804818828584281 ], [ -123.439516833905287, 53.804782950029292 ], [ -123.440508062866598, 53.804701415787889 ], [ -123.4407071421697, 53.804379098215676 ], [ -123.441084147902558, 53.804130031668556 ], [ -123.441639063104134, 53.803954223123725 ], [ -123.442852509932521, 53.803829905115727 ], [ -123.443933355997643, 53.803610185722597 ], [ -123.444862591120611, 53.803414993598409 ], [ -123.445640250038949, 53.803244323955248 ], [ -123.446474020390511, 53.803115387686631 ], [ -123.447162135560134, 53.802935058878148 ], [ -123.447579784276726, 53.802705791207771 ], [ -123.447726983643761, 53.802427605714108 ], [ -123.447777632195667, 53.801957031005607 ], [ -123.447779285708336, 53.801636445709988 ], [ -123.448330615781714, 53.801604423996046 ], [ -123.448650627866741, 53.801554290607058 ], [ -123.448916568834235, 53.801497368726906 ], [ -123.449113477552814, 53.801451686383835 ], [ -123.449320499464861, 53.801405967314601 ], [ -123.449522553059992, 53.801369261275291 ], [ -123.449734720454259, 53.801332509503432 ], [ -123.449769215526047, 53.800929906408193 ], [ -123.449952407416703, 53.800548714207117 ], [ -123.450171114636746, 53.800020580914925 ], [ -123.45035102535293, 53.799334792933251 ], [ -123.45040348350156, 53.798561603998138 ], [ -123.450455640781058, 53.797761446520767 ], [ -123.449844623891963, 53.797256405018167 ], [ -123.449366584815778, 53.796722889961686 ], [ -123.449326906147448, 53.796008967267092 ], [ -123.449019547936061, 53.795343985170788 ], [ -123.448254271827963, 53.794762609541117 ], [ -123.447108550398667, 53.794250562020629 ], [ -123.4465030848406, 53.793464835136994 ], [ -123.446165605123085, 53.792657148397353 ], [ -123.44609608209754, 53.791827485806266 ], [ -123.446873727480906, 53.791995366473259 ], [ -123.447594559405715, 53.791893804315393 ], [ -123.448258533354434, 53.791522808633545 ], [ -123.449032454434033, 53.791025556424422 ], [ -123.449555745499239, 53.791065537769754 ], [ -123.450060477211579, 53.790947798085107 ], [ -123.450546659752462, 53.79067232895158 ], [ -123.450911888447379, 53.789971865753593 ], [ -123.451122689297918, 53.789360067032533 ], [ -123.451222674558991, 53.789069864935307 ], [ -123.451248243987635, 53.788955950996765 ], [ -123.451427090502065, 53.788159276544697 ], [ -123.451703244565309, 53.787334305525128 ], [ -123.4522229688056, 53.786733128090972 ], [ -123.452724163308218, 53.786135007765203 ], [ -123.453264634456801, 53.785583680078688 ], [ -123.453558748332568, 53.784864504165355 ], [ -123.453602539476393, 53.784233155854075 ], [ -123.453272909051705, 53.783692109490325 ], [ -123.452696771772978, 53.783120029430727 ], [ -123.453838994680865, 53.783016841633248 ], [ -123.455002321368852, 53.782994456291163 ], [ -123.456156597078731, 53.783070964921841 ], [ -123.457400661754093, 53.78303027100764 ], [ -123.457491332280469, 53.783768969296645 ], [ -123.457845923727689, 53.784430752738352 ], [ -123.458598827701195, 53.784811373988845 ], [ -123.459620483349553, 53.784783497894871 ], [ -123.460892293676181, 53.784499978768238 ], [ -123.462113606852441, 53.784687029668255 ], [ -123.463376538151607, 53.784975773679548 ], [ -123.46449733479399, 53.785222114880156 ], [ -123.465323720814709, 53.785530503772328 ], [ -123.465839812102544, 53.785990902710829 ], [ -123.466314652183101, 53.786532345801469 ], [ -123.466901706812678, 53.787155253992481 ], [ -123.467911146709199, 53.787843415493043 ], [ -123.468198137797259, 53.787716466057077 ], [ -123.46842449831982, 53.787598728980313 ], [ -123.468605641165226, 53.787508139267011 ], [ -123.468816818346824, 53.787390467114534 ], [ -123.469582246868328, 53.786915083475584 ], [ -123.47043089869554, 53.786494295279248 ], [ -123.470469599414798, 53.785882941925443 ], [ -123.471103009278195, 53.785369119209946 ], [ -123.471885072609169, 53.784879672117576 ], [ -123.47305070136747, 53.784608424449544 ], [ -123.474277757539085, 53.784402844555721 ], [ -123.475548127516305, 53.784448744585099 ], [ -123.476727405931896, 53.784492000495092 ], [ -123.477870312291472, 53.78459930761754 ], [ -123.479067946689582, 53.784773295967085 ], [ -123.480341203692902, 53.785070809032938 ], [ -123.481509739737362, 53.785057134175368 ], [ -123.482028932233305, 53.78459664156766 ], [ -123.482687685434442, 53.784247438158452 ], [ -123.48334372214218, 53.78395816788953 ], [ -123.483942684006678, 53.783690096572585 ], [ -123.484151469781494, 53.783222860385777 ], [ -123.484275165339639, 53.782689051413726 ], [ -123.484313772538528, 53.782087674603495 ], [ -123.484357223892118, 53.781468305130417 ], [ -123.48440572797945, 53.780847911590087 ], [ -123.484312196903204, 53.780632572738547 ], [ -123.484929518902362, 53.78035343186616 ], [ -123.48512565846498, 53.779962151704829 ], [ -123.484900642144609, 53.779458716676196 ], [ -123.484673636130765, 53.778781508219978 ], [ -123.484585568077051, 53.778015860060606 ], [ -123.483280569132162, 53.778021124361594 ], [ -123.482181111295546, 53.777865756878995 ], [ -123.481509935629362, 53.77756185787721 ], [ -123.481399552365701, 53.777050964320871 ], [ -123.481699278089891, 53.776427561969285 ], [ -123.482004697783765, 53.775713261095952 ], [ -123.48205198196267, 53.774984016658735 ], [ -123.48168968869858, 53.774265399291075 ], [ -123.480911367611228, 53.773727226527946 ], [ -123.479848235514666, 53.773345990396088 ], [ -123.478815453292214, 53.773111425471043 ], [ -123.478061219495373, 53.772759897936531 ], [ -123.477585518770098, 53.772291403717979 ], [ -123.476387209863248, 53.772323129128438 ], [ -123.476126229296341, 53.771449646488328 ], [ -123.476038504375481, 53.771156028154195 ], [ -123.476033818745861, 53.771114783001806 ], [ -123.476003382242112, 53.77084736686983 ], [ -123.475968301902597, 53.770539029196378 ], [ -123.475905607211132, 53.76998807273953 ], [ -123.475626649949689, 53.769404397735173 ], [ -123.475551641937955, 53.769247442544319 ], [ -123.47519704070713, 53.768865569315217 ], [ -123.475005557418257, 53.768659369121309 ], [ -123.474267340047078, 53.768223858586857 ], [ -123.473332006399943, 53.7677961119686 ], [ -123.473589203685904, 53.767732177465568 ], [ -123.473876731651117, 53.767668127325479 ], [ -123.47416436919994, 53.767613054176152 ], [ -123.474436847352038, 53.767558047067794 ], [ -123.47470940443462, 53.76751202533648 ], [ -123.474981866012101, 53.767457016670257 ], [ -123.475262631876134, 53.767389987718921 ], [ -123.475536497610207, 53.767311004334474 ], [ -123.475783172511271, 53.767211157828029 ], [ -123.475948216590268, 53.767048713219928 ], [ -123.47612792737408, 53.766841260574267 ], [ -123.476292763082824, 53.766660842515826 ], [ -123.476442534881372, 53.766489468565766 ], [ -123.476607273130213, 53.766300054778412 ], [ -123.476734604919386, 53.766081834774241 ], [ -123.476812626876992, 53.765826856401461 ], [ -123.476841339700925, 53.765535119745557 ], [ -123.476747540555337, 53.764843382437448 ], [ -123.476507816151155, 53.764215153439288 ], [ -123.476100904604735, 53.763783889010661 ], [ -123.475832125633644, 53.763422801886094 ], [ -123.475559825399131, 53.763205165130536 ], [ -123.475301404703757, 53.763003080349911 ], [ -123.474778277729328, 53.762794047069939 ], [ -123.474404165202088, 53.762416833886242 ], [ -123.474171068040548, 53.761923395567216 ], [ -123.474337676437443, 53.76130254247601 ], [ -123.474378190495898, 53.760710150039515 ], [ -123.474138268053977, 53.760208748834827 ], [ -123.473489827072029, 53.759798842720961 ], [ -123.472817641135649, 53.75937405079523 ], [ -123.47230247270609, 53.758823793940664 ], [ -123.471944350603763, 53.758148074739047 ], [ -123.471612419127922, 53.757403353015285 ], [ -123.47140376440899, 53.756679105689607 ], [ -123.471318254163037, 53.755966364333702 ], [ -123.471246382995545, 53.75526655266497 ], [ -123.470926572918756, 53.754698551519759 ], [ -123.470358847303729, 53.754262341412598 ], [ -123.469183762073683, 53.753610799202356 ], [ -123.469234506531507, 53.752720746224789 ], [ -123.468740882741301, 53.752277257552791 ], [ -123.467944459785272, 53.752030694216131 ], [ -123.466837376461925, 53.752032011317915 ], [ -123.465588555959044, 53.752168696368749 ], [ -123.464506567015206, 53.751696508549308 ], [ -123.463707288820174, 53.751187272229338 ], [ -123.463468469614938, 53.75061693292556 ], [ -123.463648762881235, 53.750004027218061 ], [ -123.464106874408884, 53.749373068656816 ], [ -123.464338104104115, 53.74879791110633 ], [ -123.4644076385418, 53.748227380190308 ], [ -123.464634796761757, 53.74819953191443 ], [ -123.464846988422593, 53.748189721508268 ], [ -123.465074253515894, 53.74817086806577 ], [ -123.465498050042683, 53.748097308439675 ], [ -123.465804678386363, 53.748095121502878 ], [ -123.466271677113525, 53.748120268909247 ], [ -123.466899062076848, 53.748172758062388 ], [ -123.467633681004244, 53.748020084773742 ], [ -123.468274458430344, 53.747762913820296 ], [ -123.468650647926069, 53.747500778123424 ], [ -123.468856089414103, 53.747338190879866 ], [ -123.469083037461658, 53.747292361080547 ], [ -123.469310093836086, 53.747255517560745 ], [ -123.469794319846372, 53.747163733123344 ], [ -123.470036229007434, 53.747099871550631 ], [ -123.470292146055812, 53.747083880889953 ], [ -123.47057725182357, 53.747115722315506 ], [ -123.47113512795579, 53.747281316159288 ], [ -123.471641590815466, 53.747424806831098 ], [ -123.472140587258522, 53.747515630392726 ], [ -123.472269950150547, 53.747518354959944 ], [ -123.472537731812309, 53.747603517966759 ], [ -123.472782954197299, 53.747831641860429 ], [ -123.473005603181619, 53.748202744332083 ], [ -123.47425391321778, 53.748182834033365 ], [ -123.475267715601774, 53.748284682935605 ], [ -123.476086283707076, 53.748406268570804 ], [ -123.476673387938547, 53.748919272422256 ], [ -123.477249218305687, 53.74932745150312 ], [ -123.47812190561325, 53.748721753823915 ], [ -123.478694869459488, 53.748135218955163 ], [ -123.479215262542382, 53.747521924456315 ], [ -123.479853869276766, 53.747672181088284 ], [ -123.480857833618103, 53.747059940873271 ], [ -123.48159988955959, 53.746532632634889 ], [ -123.481624261924495, 53.746011208199 ], [ -123.48166276115812, 53.745399841928446 ], [ -123.481715912922638, 53.744743475597112 ], [ -123.481640541047241, 53.744045686136211 ], [ -123.481363811092436, 53.743418603161267 ], [ -123.480885729645465, 53.742862243240978 ], [ -123.480147094635541, 53.742355867735682 ], [ -123.479463083783259, 53.741762368761293 ], [ -123.478777322955509, 53.741159897985476 ], [ -123.478089768734904, 53.740548427549008 ], [ -123.477310482063089, 53.740015229254332 ], [ -123.477753668443938, 53.739432211476718 ], [ -123.478201812794197, 53.738843181255859 ], [ -123.478384627690104, 53.738178312713778 ], [ -123.478149858628001, 53.737530088178389 ], [ -123.477497524778528, 53.736898505212125 ], [ -123.476834515278341, 53.736362841260181 ], [ -123.476588266282093, 53.735887433273653 ], [ -123.476892270487426, 53.735512705814955 ], [ -123.477743788068537, 53.735293588867918 ], [ -123.47886236007767, 53.735155297570849 ], [ -123.478900270698929, 53.7344900011731 ], [ -123.478953562328343, 53.733842629015697 ], [ -123.478867175682623, 53.733059985318874 ], [ -123.478643307873327, 53.732330815455974 ], [ -123.478405296331118, 53.731840403232994 ], [ -123.478562840917277, 53.731475245275668 ], [ -123.47924767795638, 53.731268764690931 ], [ -123.480202861261091, 53.730991295275778 ], [ -123.481147759969332, 53.730698879597959 ], [ -123.48181874240646, 53.730314674127989 ], [ -123.482345009806892, 53.729943029907133 ], [ -123.48262062989329, 53.729449559991018 ], [ -123.482777815940509, 53.728910619147889 ], [ -123.48283092918895, 53.728254248155842 ], [ -123.482908578541824, 53.727094430326517 ], [ -123.482814886056701, 53.726560491424927 ], [ -123.482603382592913, 53.726032033283232 ], [ -123.482273883169157, 53.725494050355756 ], [ -123.482066880276776, 53.724915625279507 ], [ -123.481982499046239, 53.724311744409611 ], [ -123.48080981286202, 53.723813107389624 ], [ -123.480865309784789, 53.723363463627443 ], [ -123.480725130942929, 53.723031448537171 ], [ -123.480677603522707, 53.722851873215411 ], [ -123.480552680269298, 53.722528795032972 ], [ -123.480490123651123, 53.722358264933725 ], [ -123.480442613727618, 53.72217868083554 ], [ -123.480410659456382, 53.722034993640968 ], [ -123.480452005584326, 53.721821105058403 ], [ -123.4805673526036, 53.721599929871395 ], [ -123.480775198034735, 53.721221577532795 ], [ -123.481001551508754, 53.720693352609914 ], [ -123.480428022467891, 53.720455959430069 ], [ -123.47956203891539, 53.720264674986417 ], [ -123.47864314469814, 53.720008690157506 ], [ -123.47767131578405, 53.719687985159574 ], [ -123.477138900810957, 53.719361523618431 ], [ -123.476709256825885, 53.719038656331549 ], [ -123.476434981704003, 53.71890491513156 ], [ -123.476256847593021, 53.718786780654156 ], [ -123.47600962242862, 53.718662923842757 ], [ -123.475693291748769, 53.718533343950014 ], [ -123.475019850025632, 53.718389206748888 ], [ -123.475675960038899, 53.718190860339611 ], [ -123.476039677036297, 53.7178947910934 ], [ -123.475998040758199, 53.717488483170754 ], [ -123.47572656958495, 53.717005184001891 ], [ -123.475437048335039, 53.716564902188253 ], [ -123.475299711436023, 53.716180941222767 ], [ -123.475314538958301, 53.715853301333873 ], [ -123.475353223514702, 53.715700348108086 ], [ -123.475260484416125, 53.715538916463665 ], [ -123.475044304362285, 53.715180239606717 ], [ -123.47496683123417, 53.715027745939523 ], [ -123.474858546764494, 53.714830425156059 ], [ -123.474750860992415, 53.71468704179717 ], [ -123.474613072478377, 53.714561746611345 ], [ -123.474444787466453, 53.71441859318179 ], [ -123.474322169875478, 53.714293240509896 ], [ -123.474108015995384, 53.714114321225154 ], [ -123.474602250451795, 53.713600024155397 ], [ -123.475178453332475, 53.713190261746732 ], [ -123.475806144412076, 53.712867184398831 ], [ -123.476640471750756, 53.712507331534098 ], [ -123.477605249578986, 53.712073041915353 ], [ -123.478515518032722, 53.711731846269927 ], [ -123.479410329797375, 53.711513546526795 ], [ -123.480329979862802, 53.711407987617839 ], [ -123.481199865660159, 53.71121973600377 ], [ -123.481980921463204, 53.710918983666623 ], [ -123.482658582261962, 53.710556715288568 ], [ -123.483306423338391, 53.710239510951581 ], [ -123.483833176948139, 53.709931777658078 ], [ -123.484450405063725, 53.709587715867265 ], [ -123.485015979362998, 53.709290807684646 ], [ -123.485614935524524, 53.708970790800493 ], [ -123.486341751300543, 53.708644260811099 ], [ -123.487127072923158, 53.708282530662451 ], [ -123.487961599249999, 53.70795554960015 ], [ -123.488466399886576, 53.70793850728974 ], [ -123.48924917467393, 53.707941307466321 ], [ -123.490451146411957, 53.708093193928079 ], [ -123.491647257454858, 53.708317995761419 ], [ -123.492294004681895, 53.708924559632528 ], [ -123.492665189751463, 53.709573194070728 ], [ -123.492900272238813, 53.710242366064989 ], [ -123.493141752191093, 53.710882547813853 ], [ -123.493663125253235, 53.711415717789052 ], [ -123.494314157765729, 53.711805530280991 ], [ -123.495241026097503, 53.712030405695664 ], [ -123.496254850185494, 53.712061171650767 ], [ -123.497306743600163, 53.712035831222323 ], [ -123.498250462711198, 53.711975981446244 ], [ -123.499022296023313, 53.712327319523645 ], [ -123.499954843459591, 53.712602075884625 ], [ -123.501048118238742, 53.712800247122587 ], [ -123.502262450249034, 53.712983920280358 ], [ -123.502899792824536, 53.713206954440977 ], [ -123.503395123072949, 53.713519472693335 ], [ -123.503875758551388, 53.713869996452985 ], [ -123.504474395659045, 53.714233007092055 ], [ -123.505737565436633, 53.714272628014044 ], [ -123.507351005640203, 53.714460558376409 ], [ -123.508944309264209, 53.714651545359025 ], [ -123.510541843433074, 53.71477358423472 ], [ -123.511638213053004, 53.71521832379841 ], [ -123.512835856610735, 53.714713845253925 ], [ -123.514036060372561, 53.714282251321443 ], [ -123.515215126124531, 53.714052480668002 ], [ -123.516269365713342, 53.713804251931933 ], [ -123.517190356055679, 53.713535618650866 ], [ -123.517978068019573, 53.713246583258737 ], [ -123.518883036825969, 53.713045920640774 ], [ -123.519913465845221, 53.712917613429724 ], [ -123.521005552609452, 53.712739096167105 ], [ -123.521964154573539, 53.712522196472676 ], [ -123.522793916751155, 53.712233945553187 ], [ -123.523693672650239, 53.712160103471113 ], [ -123.524707469173563, 53.712186628914779 ], [ -123.525029237441629, 53.712880325944766 ], [ -123.525476963946502, 53.713548502357675 ], [ -123.526055000427817, 53.714134211525234 ], [ -123.527046336320751, 53.714514360376526 ], [ -123.528310638177899, 53.71477744940298 ], [ -123.529861926149678, 53.714697690992537 ], [ -123.531418708778077, 53.71452101916158 ], [ -123.532143344088084, 53.71444289851749 ], [ -123.5327902754116, 53.714210317297926 ], [ -123.533276587738541, 53.713791686669673 ], [ -123.533554414172073, 53.713262130118054 ], [ -123.535145164467949, 53.7132460418579 ], [ -123.536166556197699, 53.713735842857318 ], [ -123.53592210286665, 53.71410646344313 ], [ -123.536151024200436, 53.714499936504438 ], [ -123.536853334480313, 53.714916250365448 ], [ -123.538293127180708, 53.715335245723679 ], [ -123.539327113160027, 53.715618226823736 ], [ -123.54045365500069, 53.716026616242118 ], [ -123.541525984446764, 53.716013786789674 ], [ -123.542614991741743, 53.715859057667579 ], [ -123.543720696484144, 53.715562420062199 ], [ -123.54432667241484, 53.715943172286451 ], [ -123.544806932201723, 53.716366447874783 ], [ -123.545780854157201, 53.716685594217246 ], [ -123.546563286836999, 53.716648074304779 ], [ -123.547092635769246, 53.7165707547734 ], [ -123.547368931202413, 53.716453639589993 ], [ -123.547638399633769, 53.716200733958274 ], [ -123.547727550896639, 53.716065498947849 ], [ -123.547816370738701, 53.715903295615242 ], [ -123.547874990590287, 53.715750230017768 ], [ -123.547964029638223, 53.715606008375687 ], [ -123.548022538557845, 53.715443947300201 ], [ -123.548065892831659, 53.715281952943364 ], [ -123.548063909003474, 53.715129163492826 ], [ -123.548076954109078, 53.714967311576217 ], [ -123.54809010962596, 53.714814446082663 ], [ -123.548087669559777, 53.714625692641953 ], [ -123.548100714416051, 53.714463840690854 ], [ -123.548781066339572, 53.713960369494686 ], [ -123.549501653926754, 53.713444724766958 ], [ -123.550180323564092, 53.71320192309711 ], [ -123.550930863220842, 53.713048660829656 ], [ -123.551171753764336, 53.712930706779552 ], [ -123.551463774869234, 53.712861451789017 ], [ -123.551837360918114, 53.712849738819116 ], [ -123.552534165598345, 53.713092215102463 ], [ -123.553198473137044, 53.713424717485871 ], [ -123.553716975149825, 53.713807832916991 ], [ -123.554188515508287, 53.714202137339214 ], [ -123.55451889377342, 53.713975905503368 ], [ -123.554713601922558, 53.713804218613092 ], [ -123.554848201653314, 53.713668766742167 ], [ -123.555043145679491, 53.713515061427501 ], [ -123.555248674200769, 53.713397257132584 ], [ -123.555545571255905, 53.713314983084203 ], [ -123.555933867416513, 53.713268239226103 ], [ -123.556666047979576, 53.713383688140283 ], [ -123.557302746658991, 53.713407695981459 ], [ -123.557843959108979, 53.713340264272389 ], [ -123.558176444151059, 53.713275798127405 ], [ -123.558539122781923, 53.71320219951815 ], [ -123.558871478171497, 53.713128735748043 ], [ -123.559113181913531, 53.713073680655512 ], [ -123.559339618738164, 53.713009706825751 ], [ -123.558816607778866, 53.712671579810419 ], [ -123.558325044980791, 53.712292361883037 ], [ -123.557584084473007, 53.711639649928962 ], [ -123.556869811032442, 53.710711164523296 ], [ -123.556536306226448, 53.710059554560345 ], [ -123.556367933342159, 53.709419162961716 ], [ -123.555907758979686, 53.708989851106921 ], [ -123.555392764682367, 53.708614723339664 ], [ -123.554822457148759, 53.708257823287717 ], [ -123.554134716977515, 53.7078025951432 ], [ -123.555155892910093, 53.707501245851176 ], [ -123.555990505105029, 53.707093897409401 ], [ -123.55674745427882, 53.706670910848437 ], [ -123.557188932558333, 53.706196464583989 ], [ -123.557566209802175, 53.705831181989218 ], [ -123.557704397708221, 53.705461010509985 ], [ -123.55796585239824, 53.705121225565058 ], [ -123.558107487608027, 53.704631191496468 ], [ -123.558251326222319, 53.704053261263248 ], [ -123.55828593901451, 53.703235142452634 ], [ -123.557164447496035, 53.703195422918817 ], [ -123.556644193791797, 53.702800348975003 ], [ -123.556425884235225, 53.702327969110883 ], [ -123.556509524970153, 53.701778285241126 ], [ -123.555402767664972, 53.701705521102824 ], [ -123.554735126250279, 53.701746564092119 ], [ -123.554177257635573, 53.701816060220068 ], [ -123.553805939206157, 53.701224538619194 ], [ -123.553515060901773, 53.700862346485252 ], [ -123.553333806531597, 53.700515633955959 ], [ -123.553262128173373, 53.700184391650197 ], [ -123.5531171958648, 53.699784568455946 ], [ -123.552847789125778, 53.699389323374426 ], [ -123.552336647624387, 53.699041128678189 ], [ -123.551702820227845, 53.698705480448893 ], [ -123.550950983336506, 53.698352399301619 ], [ -123.550367885600622, 53.698033488793918 ], [ -123.550015050069121, 53.697690553390231 ], [ -123.549768261776919, 53.697350125111889 ], [ -123.549396302117628, 53.697088165853415 ], [ -123.54878123881366, 53.696897232945943 ], [ -123.549123762457185, 53.696449232417727 ], [ -123.549581421327417, 53.696054638737991 ], [ -123.550034742616191, 53.695715985194809 ], [ -123.550483742894755, 53.695433281125425 ], [ -123.550818214957786, 53.695144110992779 ], [ -123.55140295000173, 53.694689997587609 ], [ -123.551866456915533, 53.694231450999673 ], [ -123.551374251028037, 53.694038968988323 ], [ -123.550887134358348, 53.693887215158561 ], [ -123.550429625975823, 53.693728927162788 ], [ -123.549902554697454, 53.693617086599836 ], [ -123.549330955863695, 53.693574360194816 ], [ -123.548632675740663, 53.693626100718177 ], [ -123.548772716472158, 53.693265918487384 ], [ -123.549017608318522, 53.692947197435757 ], [ -123.549356171684806, 53.692713948201437 ], [ -123.549569494233467, 53.692426330379469 ], [ -123.549533144860689, 53.691960100934644 ], [ -123.54914807492024, 53.691464495914317 ], [ -123.548522488697913, 53.69097498990881 ], [ -123.547405766476217, 53.691276725332344 ], [ -123.546296041398691, 53.690952214759477 ], [ -123.545677963849542, 53.690649418278802 ], [ -123.545299818277954, 53.690293600996739 ], [ -123.54516160104761, 53.689884747249565 ], [ -123.545259998932238, 53.68942589247122 ], [ -123.545360699453155, 53.68901595131905 ], [ -123.545346360235087, 53.688686440285323 ], [ -123.545097264010394, 53.68841991545797 ], [ -123.545077003548613, 53.688024514797007 ], [ -123.545056054931734, 53.687575185288075 ], [ -123.545160762677398, 53.687084333060902 ], [ -123.54537632194436, 53.686579002014966 ], [ -123.545707552503387, 53.686041178297451 ], [ -123.545918422091916, 53.685433991091053 ], [ -123.546004112219975, 53.684775436336515 ], [ -123.544924944989972, 53.684456770573931 ], [ -123.545982355608089, 53.684263191012761 ], [ -123.545845093603887, 53.683796415722405 ], [ -123.545592909423149, 53.683420043459471 ], [ -123.545219743438622, 53.683053216202346 ], [ -123.544958291429637, 53.682479141212816 ], [ -123.544814672395219, 53.681778695634726 ], [ -123.544792682683223, 53.681248466788681 ], [ -123.544755222218711, 53.680691353443791 ], [ -123.544733577569303, 53.680188093305496 ], [ -123.544245075923186, 53.679875718444002 ], [ -123.543636495802701, 53.67964477838516 ], [ -123.542539294230437, 53.679481966072281 ], [ -123.541542173710639, 53.679252774379158 ], [ -123.540788227091411, 53.678964554076991 ], [ -123.540277452536799, 53.67861730973361 ], [ -123.539793865501466, 53.678290912203032 ], [ -123.53919480613196, 53.67801097214592 ], [ -123.539173244966008, 53.677507710774719 ], [ -123.539750198810211, 53.677112609217332 ], [ -123.539970432645902, 53.676708137167992 ], [ -123.53983392740524, 53.676294278054478 ], [ -123.539577662308332, 53.675852996895529 ], [ -123.53955400077426, 53.675317789569377 ], [ -123.53976294972027, 53.674688647508802 ], [ -123.539967144482233, 53.673952662159103 ], [ -123.540057996949002, 53.673297091401494 ], [ -123.540037806630309, 53.67290168780174 ], [ -123.540015772968786, 53.67236247854882 ], [ -123.539994545973514, 53.671886176277916 ], [ -123.539973086466574, 53.671391909361297 ], [ -123.541072017823566, 53.671312037645478 ], [ -123.542175627778974, 53.671205182288134 ], [ -123.543270022708981, 53.671297101724015 ], [ -123.544364035127956, 53.671488880107781 ], [ -123.544853202691996, 53.671729342631032 ], [ -123.545459902560154, 53.671823458403885 ], [ -123.546193395276845, 53.671838089632651 ], [ -123.546804324813721, 53.671739426799782 ], [ -123.547421253969361, 53.671714641334852 ], [ -123.54790767622103, 53.671612545285626 ], [ -123.548503369450671, 53.67150694487605 ], [ -123.549083582260494, 53.671244615092839 ], [ -123.549775520453096, 53.670909868742349 ], [ -123.550828767386875, 53.670425638761927 ], [ -123.551927677861073, 53.669962166726471 ], [ -123.551922752130281, 53.669584670851009 ], [ -123.551901976775198, 53.669153312709319 ], [ -123.551863720267434, 53.668542269408334 ], [ -123.552417429283963, 53.668316996799405 ], [ -123.552856037480211, 53.668034334774937 ], [ -123.553183195959662, 53.667589389629647 ], [ -123.553510771659006, 53.667177394688373 ], [ -123.553838779976289, 53.666798359229368 ], [ -123.554331002129032, 53.666502458699853 ], [ -123.55495131844981, 53.666229928137398 ], [ -123.555699831949354, 53.665986766203147 ], [ -123.556431730222769, 53.665887485047854 ], [ -123.557286478171562, 53.665923460945592 ], [ -123.55826410008919, 53.666094682614812 ], [ -123.558884567386698, 53.665835118675304 ], [ -123.559376522088911, 53.665523214744148 ], [ -123.559470572366735, 53.665005431218788 ], [ -123.559797508723605, 53.664551480558799 ], [ -123.560357355391375, 53.664161361510736 ], [ -123.560456696600752, 53.663790365869673 ], [ -123.560675979856256, 53.663461758029925 ], [ -123.561014698030959, 53.66313658611822 ], [ -123.561352905661678, 53.66277246197 ], [ -123.561685682091166, 53.662381398986632 ], [ -123.562140615525763, 53.662071653891275 ], [ -123.562604083269079, 53.661771854182923 ], [ -123.563076085468197, 53.661481999766167 ], [ -123.563434549777497, 53.661126764467838 ], [ -123.564035431773448, 53.660920198660229 ], [ -123.56440141161481, 53.6607506814047 ], [ -123.564532476928932, 53.660618232464593 ], [ -123.564529722340325, 53.660411510697372 ], [ -123.564557464010875, 53.660222624464964 ], [ -123.564585076883134, 53.660024742331728 ], [ -123.565475357351247, 53.660210298072052 ], [ -123.566154544695593, 53.66045277987218 ], [ -123.566622638539357, 53.66075218234937 ], [ -123.567338926237298, 53.660625943324035 ], [ -123.568062293078356, 53.660526635294133 ], [ -123.568798024915068, 53.660472208434911 ], [ -123.569525950279541, 53.660336921583699 ], [ -123.57012290486071, 53.6600903909317 ], [ -123.570708794076396, 53.659772996148028 ], [ -123.57116971449895, 53.659416248593075 ], [ -123.571754354362994, 53.659131819752965 ], [ -123.57222290838655, 53.658841950636493 ], [ -123.572815850373416, 53.658551480447258 ], [ -123.573163919900239, 53.658181284416116 ], [ -123.57350847982336, 53.657801117500057 ], [ -123.573611118430549, 53.657435084063842 ], [ -123.573964992981388, 53.6571227825536 ], [ -123.574327000305061, 53.656789475271147 ], [ -123.574937409289532, 53.656426004392387 ], [ -123.575547235344985, 53.656020583220325 ], [ -123.576263461600774, 53.655651599843573 ], [ -123.576986933605781, 53.655321538367026 ], [ -123.577710775178048, 53.655018423999408 ], [ -123.578553014190106, 53.65476966833814 ], [ -123.57950614828016, 53.654515374634911 ], [ -123.580577262016149, 53.654406317569084 ], [ -123.581652477707166, 53.654352162879192 ], [ -123.58279911521241, 53.654112887235549 ], [ -123.583843391229493, 53.654130769430289 ], [ -123.584886895283219, 53.654093717312115 ], [ -123.585031686063758, 53.654594374492063 ], [ -123.585299039973165, 53.655083443559782 ], [ -123.585814010680053, 53.655484415769003 ], [ -123.586331273408291, 53.655807469822705 ], [ -123.586973304926858, 53.656034029783292 ], [ -123.587615014586035, 53.656237617013694 ], [ -123.588494275451964, 53.656474999174847 ], [ -123.589493426094123, 53.656628881996838 ], [ -123.590612461336377, 53.656699271451934 ], [ -123.591719554469122, 53.65663587570058 ], [ -123.592814097507997, 53.656517604053754 ], [ -123.593876760537597, 53.656404474217084 ], [ -123.594995406488607, 53.656327015252941 ], [ -123.596114425478063, 53.656276505942067 ], [ -123.597254031888113, 53.656255844413714 ], [ -123.598382463771216, 53.656157327284056 ], [ -123.599496636780572, 53.656121797468856 ], [ -123.600621757810032, 53.656146120005211 ], [ -123.601676052260032, 53.656155806333196 ], [ -123.602646507971244, 53.65618088574552 ], [ -123.60338686449191, 53.656339952471832 ], [ -123.603897111668061, 53.656633001492615 ], [ -123.60467467385125, 53.656689002598 ], [ -123.606007252909166, 53.65675817474439 ], [ -123.607239885190651, 53.656891747735926 ], [ -123.608369295124191, 53.657212603512534 ], [ -123.609477460184678, 53.657458649717761 ], [ -123.610618487926928, 53.657533728404466 ], [ -123.611750864591855, 53.657707726724034 ], [ -123.612883943831989, 53.657929643336225 ], [ -123.614026378444237, 53.658100565474314 ], [ -123.614404901021913, 53.657769041569914 ], [ -123.614659684111587, 53.657484096962804 ], [ -123.614915846476606, 53.657179166849048 ], [ -123.615048651640194, 53.656830920932549 ], [ -123.61518238703799, 53.656431738690799 ], [ -123.615187572287354, 53.65574858446378 ], [ -123.61519682076819, 53.655344044915807 ], [ -123.615333792991791, 53.654822009663114 ], [ -123.615722521788925, 53.654385556879902 ], [ -123.61636298548855, 53.654034701771579 ], [ -123.617121425761013, 53.653819069548661 ], [ -123.617751093605037, 53.653536171214107 ], [ -123.618380030392032, 53.653203349521633 ], [ -123.618891563503823, 53.652776242318659 ], [ -123.619409927275825, 53.652356092104512 ], [ -123.619807306900171, 53.651940555564508 ], [ -123.620068365732351, 53.651400888788984 ], [ -123.620200866002818, 53.650922810461495 ], [ -123.620083336368765, 53.650473986654063 ], [ -123.620090687438207, 53.650058479353987 ], [ -123.620288617132687, 53.649684928643168 ], [ -123.62080776140472, 53.64943654423238 ], [ -123.62129891820905, 53.649228263227251 ], [ -123.621660021724765, 53.64909255150544 ], [ -123.621886860609365, 53.648972525925664 ], [ -123.622152671415051, 53.64887227316742 ], [ -123.622453538850436, 53.648756854803295 ], [ -123.622829971012365, 53.648635045714109 ], [ -123.623281936251473, 53.648506853540972 ], [ -123.623294416607592, 53.648327016013276 ], [ -123.623303584553611, 53.647922483568415 ], [ -123.623311286166782, 53.647419079004955 ], [ -123.623995414364714, 53.647304655936651 ], [ -123.624428578485549, 53.64726944224789 ], [ -123.625586069385548, 53.647338299514828 ], [ -123.626734009230276, 53.647329300417496 ], [ -123.627860780906587, 53.64714062881599 ], [ -123.628975898139473, 53.647185714268062 ], [ -123.630087988789953, 53.647365633804419 ], [ -123.631240211630299, 53.647530341201474 ], [ -123.631990154014716, 53.647772080917484 ], [ -123.632754281548543, 53.648061670412339 ], [ -123.633642843309076, 53.648241736250888 ], [ -123.634655833924825, 53.648312275688298 ], [ -123.635775813137968, 53.648342285211712 ], [ -123.635795388510942, 53.64763208099744 ], [ -123.636914211271502, 53.647587190444384 ], [ -123.638057806177684, 53.647512185831488 ], [ -123.639197109647768, 53.647488129730476 ], [ -123.640345141561809, 53.647374134614715 ], [ -123.64050351122674, 53.646842957382091 ], [ -123.640851977549005, 53.646877044900066 ], [ -123.641185038856989, 53.646893245410638 ], [ -123.641547271756238, 53.646837367416076 ], [ -123.641917188659548, 53.646734513940373 ], [ -123.642279935397013, 53.646602737036446 ], [ -123.642644556369362, 53.646373068425646 ], [ -123.643776881086353, 53.646223163467361 ], [ -123.64471198584674, 53.646258077469049 ], [ -123.645351031699349, 53.646498331091621 ], [ -123.645604795480637, 53.646825543901606 ], [ -123.645763395624982, 53.647084365718385 ], [ -123.646007501499895, 53.64721887719751 ], [ -123.646491848120235, 53.647234235436173 ], [ -123.64711975139322, 53.647184898366731 ], [ -123.648240808563088, 53.647286702785742 ], [ -123.64938431575122, 53.647208594201174 ], [ -123.650554555137575, 53.647229204427674 ], [ -123.651052523970279, 53.647583046487149 ], [ -123.651800358301301, 53.647898579386542 ], [ -123.65267171923621, 53.648266362239269 ], [ -123.653547409799685, 53.648586174298565 ], [ -123.654297553304858, 53.648939617458289 ], [ -123.655305261582939, 53.649098901350293 ], [ -123.656435455796299, 53.649243520603008 ], [ -123.657692599134876, 53.649335498353594 ], [ -123.658695798381899, 53.649527731673146 ], [ -123.659565831243768, 53.649804583850603 ], [ -123.660144669316978, 53.650056068291242 ], [ -123.660535383520724, 53.650316588278379 ], [ -123.660737971595665, 53.650586127737597 ], [ -123.660811741435452, 53.650789456033287 ], [ -123.660825153041344, 53.651002113339601 ], [ -123.660721235200896, 53.651344260714289 ], [ -123.660655004365978, 53.651731131358659 ], [ -123.660163929076106, 53.651934586738534 ], [ -123.659813546342804, 53.652104307125114 ], [ -123.659653898406162, 53.652215046211907 ], [ -123.659544273816039, 53.65230054623936 ], [ -123.659511517681878, 53.652356651776856 ], [ -123.659498242184341, 53.652474573010799 ], [ -123.659504401460879, 53.652654318006277 ], [ -123.660499647229926, 53.653193138170167 ], [ -123.661745101060944, 53.653711595924527 ], [ -123.662374714518748, 53.654087637253063 ], [ -123.662749114050968, 53.654484059040392 ], [ -123.662868307605194, 53.654900872921473 ], [ -123.662884221357118, 53.655272311679148 ], [ -123.662923275607042, 53.655511792612423 ], [ -123.663270421267512, 53.655455939343788 ], [ -123.663655417632569, 53.656204854872705 ], [ -123.663960154758698, 53.656980176975729 ], [ -123.664069953526166, 53.65786944571115 ], [ -123.664303896527485, 53.658632177823371 ], [ -123.664794159313033, 53.659015967331676 ], [ -123.665286691658281, 53.659328833429107 ], [ -123.665781475950439, 53.659570775819496 ], [ -123.666154313654474, 53.659862324355899 ], [ -123.66564240311763, 53.66045542398944 ], [ -123.665008003712387, 53.661064182172986 ], [ -123.665584185327319, 53.661029023570784 ], [ -123.666126340204386, 53.660968085625136 ], [ -123.667269517999472, 53.661486054554501 ], [ -123.668441616908794, 53.661916959948947 ], [ -123.669173993388938, 53.662293391959821 ], [ -123.669922701379193, 53.662744625639363 ], [ -123.67066052538037, 53.663144985236023 ], [ -123.671268264325846, 53.66361198291218 ], [ -123.671623724488668, 53.664182265072519 ], [ -123.671726929001423, 53.664855825523631 ], [ -123.672879200770481, 53.664666594620968 ], [ -123.674028131407454, 53.664585228227523 ], [ -123.67517372982195, 53.664611726449884 ], [ -123.676291326397205, 53.664464602215304 ], [ -123.677007550933666, 53.664455559321603 ], [ -123.677623437856511, 53.664481040030388 ], [ -123.678185400724558, 53.664081359920615 ], [ -123.678638484827445, 53.663603402287123 ], [ -123.679012117396084, 53.662996050271786 ], [ -123.679390348570848, 53.662361700352861 ], [ -123.679773192072261, 53.661700361715688 ], [ -123.680163126693273, 53.661167819504001 ], [ -123.680549623501264, 53.660839039633863 ], [ -123.680935246613672, 53.660561194713146 ], [ -123.681579440802537, 53.660052175061345 ], [ -123.681969044138484, 53.65950164437713 ], [ -123.682230347711908, 53.658918898904929 ], [ -123.6826097138796, 53.658359435383574 ], [ -123.683488556346148, 53.657808117351678 ], [ -123.684740607904416, 53.657255652349306 ], [ -123.686042830907894, 53.656687906975492 ], [ -123.687143410254166, 53.656130294536212 ], [ -123.687633110541142, 53.656777662455347 ], [ -123.688228619901992, 53.657313562653314 ], [ -123.689050786490839, 53.657725298759161 ], [ -123.69004548913172, 53.658097096475188 ], [ -123.691152388938548, 53.658543142752478 ], [ -123.692033224273828, 53.65873580526781 ], [ -123.692857269601944, 53.658847894112071 ], [ -123.693437139078782, 53.658835545439807 ], [ -123.693525979944638, 53.659023790290597 ], [ -123.693710323384536, 53.659191513303703 ], [ -123.693934847160605, 53.659348013359192 ], [ -123.694219458681658, 53.659478189506771 ], [ -123.694403345836264, 53.659822690528742 ], [ -123.694564609781381, 53.660222245135024 ], [ -123.69515850489843, 53.660652252947557 ], [ -123.695468499169337, 53.660995018384376 ], [ -123.695525698818912, 53.661303296434056 ], [ -123.695511058521902, 53.661639949756882 ], [ -123.695626405535293, 53.662211560256203 ], [ -123.695622817536247, 53.662912688655524 ], [ -123.695603951647868, 53.663604924742877 ], [ -123.695586408771675, 53.664378048605819 ], [ -123.695708668086084, 53.664959599777085 ], [ -123.696080388800169, 53.665372918016011 ], [ -123.696701589971823, 53.665617983464692 ], [ -123.697441459491301, 53.665817422399805 ], [ -123.69806755187355, 53.666052470026067 ], [ -123.698704055139146, 53.666203561454651 ], [ -123.699216628982114, 53.666386339159644 ], [ -123.699850774959458, 53.666395621232532 ], [ -123.700473188424453, 53.666507834850428 ], [ -123.701345885449371, 53.666501721176999 ], [ -123.702346993054235, 53.666531811289367 ], [ -123.703492407356549, 53.666543070013915 ], [ -123.70463448744303, 53.666454456123965 ], [ -123.705774573660847, 53.666347870726426 ], [ -123.706912680208021, 53.666223305209655 ], [ -123.708084009008317, 53.665873813564545 ], [ -123.709240127078743, 53.665421541565962 ], [ -123.709740543934501, 53.664979129488827 ], [ -123.71049186935231, 53.664657079656855 ], [ -123.711494074192103, 53.664455377861927 ], [ -123.712226217738419, 53.664193344197031 ], [ -123.712940325622299, 53.663960387364781 ], [ -123.713748310525133, 53.663909635447467 ], [ -123.714529106139423, 53.664139676719714 ], [ -123.71529535805179, 53.664603512187782 ], [ -123.715924505142667, 53.665013229142069 ], [ -123.716664183626349, 53.665296445321182 ], [ -123.717412951067288, 53.665321922520803 ], [ -123.71816997078534, 53.66514060594298 ], [ -123.718715678772725, 53.664762740163646 ], [ -123.719262930804135, 53.664477678470334 ], [ -123.71981171630776, 53.664285402672611 ], [ -123.720353713860547, 53.664249249385172 ], [ -123.720988607387838, 53.664270923570029 ], [ -123.721889531730199, 53.664339227948467 ], [ -123.72285119637472, 53.664425311523118 ], [ -123.723665169221746, 53.664625134626128 ], [ -123.724341383401566, 53.665029531833262 ], [ -123.725013683203159, 53.665596738873752 ], [ -123.72465870538521, 53.666078285215768 ], [ -123.724421036488025, 53.666438270007404 ], [ -123.724538768487932, 53.666733181660447 ], [ -123.725011908354205, 53.6669630191507 ], [ -123.725605000676254, 53.667321969306286 ], [ -123.725837346461049, 53.66772904602135 ], [ -123.725708951137634, 53.668184251658182 ], [ -123.725333059050513, 53.668623972412121 ], [ -123.725199550191704, 53.669076211393374 ], [ -123.725435349962538, 53.669488258285753 ], [ -123.72604046811297, 53.669860119885762 ], [ -123.727017310810822, 53.669744333811558 ], [ -123.727864737625382, 53.66973219388138 ], [ -123.728545296520778, 53.669990721838928 ], [ -123.72925314265845, 53.670367930026238 ], [ -123.729991504308856, 53.670758936232055 ], [ -123.730780998404256, 53.671188570652539 ], [ -123.731615762475613, 53.671414183185647 ], [ -123.732548765816588, 53.671582260738006 ], [ -123.732653026709102, 53.672259757221369 ], [ -123.732880126161234, 53.6729405102313 ], [ -123.73322992100303, 53.673615514773552 ], [ -123.733457037697093, 53.674296257361604 ], [ -123.733561635293995, 53.674991734306658 ], [ -123.735262370761106, 53.675196032050522 ], [ -123.736632547229931, 53.675446286153459 ], [ -123.73767954206501, 53.675874297860489 ], [ -123.737674618163268, 53.676458581437288 ], [ -123.736726188911433, 53.67695680144449 ], [ -123.736013986155612, 53.677497500802517 ], [ -123.735538016404746, 53.678080692651022 ], [ -123.735179513136458, 53.678649175926154 ], [ -123.734825956780213, 53.679211637169168 ], [ -123.734586733285695, 53.679771399576317 ], [ -123.734456906097051, 53.680334475976565 ], [ -123.734455682314831, 53.681134478189549 ], [ -123.734438700601146, 53.681898606849053 ], [ -123.734318904404731, 53.682362758020517 ], [ -123.733978316999057, 53.682802292902636 ], [ -123.733416886519421, 53.683217208766038 ], [ -123.73373649060899, 53.683892398332148 ], [ -123.734059749296733, 53.684486660850411 ], [ -123.734275725984574, 53.685005672315917 ], [ -123.734492496715973, 53.685570628755634 ], [ -123.73482581434692, 53.686161832970079 ], [ -123.735386654235683, 53.686773607653791 ], [ -123.736441089797935, 53.686552407060674 ], [ -123.737497906113347, 53.686275243534723 ], [ -123.738646202106779, 53.685842711753743 ], [ -123.739770757013787, 53.685497198379579 ], [ -123.740213755004234, 53.685909933560055 ], [ -123.740908543716301, 53.686097393475634 ], [ -123.741726290491783, 53.686005442304179 ], [ -123.742550416180691, 53.685797591862894 ], [ -123.743264172281783, 53.685532501812105 ], [ -123.744129523759582, 53.685278437730247 ], [ -123.745137157173005, 53.684984539074541 ], [ -123.746311157841006, 53.68458473114999 ], [ -123.7467529998369, 53.685119296715634 ], [ -123.747451631850836, 53.685427538185984 ], [ -123.748434971234275, 53.685567211510751 ], [ -123.749586394111205, 53.685696844590844 ], [ -123.749580037748018, 53.686191253107332 ], [ -123.750653281197287, 53.686370295677754 ], [ -123.751767979291159, 53.68660900035951 ], [ -123.752201904390176, 53.687071680297976 ], [ -123.752867104220513, 53.687294215068107 ], [ -123.753763571492243, 53.687276591928118 ], [ -123.754879563099081, 53.687020881169097 ], [ -123.75592042191947, 53.686798593338544 ], [ -123.756497461703034, 53.687358235044265 ], [ -123.756955991684208, 53.687969556134 ], [ -123.757214522520897, 53.688500254081248 ], [ -123.75733900302842, 53.689060754644913 ], [ -123.757596308836483, 53.689522537865109 ], [ -123.758118410072967, 53.690017604102437 ], [ -123.758774502991798, 53.690477867971644 ], [ -123.759165434780599, 53.690976752139576 ], [ -123.75929121123761, 53.691514277373344 ], [ -123.760307764376634, 53.691618689378537 ], [ -123.761161163438828, 53.691727119192258 ], [ -123.761897722055949, 53.691887234588556 ], [ -123.762477310772113, 53.692114247075416 ], [ -123.763262145476872, 53.692245077365065 ], [ -123.764171451600717, 53.69228023213698 ], [ -123.765312277412306, 53.692184058617386 ], [ -123.766452453911995, 53.69223769212843 ], [ -123.767592008529206, 53.692441132961427 ], [ -123.767596516548821, 53.691856842989267 ], [ -123.767601858193686, 53.691317485092526 ], [ -123.767965545021667, 53.690775843965589 ], [ -123.768324683468805, 53.690261183673954 ], [ -123.768563279385901, 53.689780265480572 ], [ -123.768819993951936, 53.689371129433162 ], [ -123.769212790725788, 53.689043017782581 ], [ -123.76985764427377, 53.68878919346232 ], [ -123.770484957553862, 53.688404637718051 ], [ -123.770864329240382, 53.687894838321917 ], [ -123.77099574982617, 53.687259797268837 ], [ -123.771573507364948, 53.687940211468394 ], [ -123.772034682368044, 53.688592410874385 ], [ -123.772482265191542, 53.689052935341451 ], [ -123.773059587902353, 53.689430733049115 ], [ -123.773658801438614, 53.689716501186517 ], [ -123.774020541189444, 53.690082695708952 ], [ -123.774144848034823, 53.6905293285322 ], [ -123.77475195889896, 53.690877950126669 ], [ -123.775109308417711, 53.691370013895728 ], [ -123.775216891925695, 53.692005513031695 ], [ -123.775211330366361, 53.692526889643773 ], [ -123.775208407385009, 53.69319206584904 ], [ -123.775695658592767, 53.693884035790525 ], [ -123.776413373576318, 53.694386743115331 ], [ -123.777361520081286, 53.694700192192947 ], [ -123.778501313104755, 53.69481962463172 ], [ -123.779662180599701, 53.694894968334303 ], [ -123.780828972649601, 53.694926318850627 ], [ -123.780810319955975, 53.695555645190481 ], [ -123.781862186746181, 53.695650654353621 ], [ -123.782936147942252, 53.695847388958832 ], [ -123.784000023501861, 53.695229203385423 ], [ -123.784393961727091, 53.695780922023552 ], [ -123.784900861747388, 53.696342884770949 ], [ -123.785386669569675, 53.696856051628487 ], [ -123.785851398837323, 53.697320405249492 ], [ -123.786065675678259, 53.697801388730888 ], [ -123.786163286716658, 53.698343064175084 ], [ -123.787360067404734, 53.69835318006664 ], [ -123.787377782737735, 53.69767892173126 ], [ -123.788580537666249, 53.697739924474398 ], [ -123.789601038405593, 53.697773151408029 ], [ -123.790354696192665, 53.697667304052722 ], [ -123.790841520230003, 53.697422396657878 ], [ -123.791203073324311, 53.697048481910464 ], [ -123.791568262458512, 53.6965996294878 ], [ -123.791937084604086, 53.696075857229744 ], [ -123.792065104590861, 53.695544681583421 ], [ -123.79242032351894, 53.695103882184121 ], [ -123.793127823356457, 53.694782601969386 ], [ -123.794064061783033, 53.694545694731403 ], [ -123.795022763557768, 53.694250695048339 ], [ -123.795751030799039, 53.69387333643845 ], [ -123.796125054018219, 53.693361490919472 ], [ -123.796251976291742, 53.692775387764833 ], [ -123.796897158853625, 53.69227671895068 ], [ -123.797414269463431, 53.691769919972629 ], [ -123.796913415749373, 53.69153355334327 ], [ -123.796290405537789, 53.69133395573094 ], [ -123.795673328882998, 53.691091367698746 ], [ -123.795306464785668, 53.69073225754488 ], [ -123.795189809392028, 53.690256636472583 ], [ -123.795196326665831, 53.689798172244998 ], [ -123.795202828626699, 53.689339707654248 ], [ -123.795580903257672, 53.68877690754622 ], [ -123.795959762134629, 53.688256042491034 ], [ -123.79621489794755, 53.687777952172532 ], [ -123.796221598560351, 53.687330473521293 ], [ -123.795979871966509, 53.68691360659534 ], [ -123.795618447618068, 53.686484550222808 ], [ -123.795382223654414, 53.686002730635025 ], [ -123.795142726057335, 53.685524929384506 ], [ -123.79489994017429, 53.685051137218203 ], [ -123.794533555010275, 53.684625105413559 ], [ -123.794167806062731, 53.684232031561173 ], [ -123.794171451742642, 53.683620779922407 ], [ -123.794191070681862, 53.683054370859836 ], [ -123.794196572763312, 53.682541977961897 ], [ -123.795314843139991, 53.682426694856247 ], [ -123.796413176349191, 53.682859838104022 ], [ -123.796914920641314, 53.683148135171891 ], [ -123.797544640830949, 53.683442565284217 ], [ -123.798686279541656, 53.683761547177632 ], [ -123.799637576987351, 53.683712251999907 ], [ -123.800493677367967, 53.683788428832997 ], [ -123.801264099304547, 53.684047945899465 ], [ -123.802045628671365, 53.684449205581871 ], [ -123.803194724807341, 53.684360601457783 ], [ -123.803205239872995, 53.684117834835796 ], [ -123.803205838529593, 53.683353796737862 ], [ -123.803223291924112, 53.682679532049001 ], [ -123.803230741413429, 53.682274993055692 ], [ -123.803234419678688, 53.681672726926443 ], [ -123.803114099313532, 53.681184153748227 ], [ -123.802994858462313, 53.680752493909196 ], [ -123.80287669566286, 53.680377765355445 ], [ -123.803133191859459, 53.680065436654623 ], [ -123.80363785553709, 53.679800384806882 ], [ -123.804390714491191, 53.679582598292093 ], [ -123.805547281517008, 53.679451973968632 ], [ -123.806691668861873, 53.679300459650861 ], [ -123.807811012108175, 53.679247964229376 ], [ -123.808784832023292, 53.679150508270062 ], [ -123.809639421967475, 53.679151724637769 ], [ -123.810363985906221, 53.679039963402737 ], [ -123.811187237125594, 53.678986445862435 ], [ -123.812094522556066, 53.678928369609501 ], [ -123.813058752090868, 53.679032682713213 ], [ -123.814027728104762, 53.67920886840183 ], [ -123.814986975240203, 53.679489986390998 ], [ -123.816017757588156, 53.679554876163543 ], [ -123.817041741797524, 53.679269244188106 ], [ -123.817509258146018, 53.679001387965258 ], [ -123.818083398908286, 53.678940542627849 ], [ -123.818764157448584, 53.679086697426101 ], [ -123.819342271219639, 53.679317450231075 ], [ -123.819937613804655, 53.679395270665751 ], [ -123.820552668329782, 53.67927620236847 ], [ -123.821424486429237, 53.679125409308497 ], [ -123.822431240490857, 53.67899266160569 ], [ -123.823605834440954, 53.678927664991726 ], [ -123.82398292711531, 53.678856157012682 ], [ -123.824287993677487, 53.678714227229591 ], [ -123.824617860342656, 53.678463272527082 ], [ -123.825003058225747, 53.678118047802698 ], [ -123.825775488942725, 53.677618349018253 ], [ -123.826303143240594, 53.677676629847682 ], [ -123.826852002543575, 53.67770081264684 ], [ -123.826819773874092, 53.678202406019665 ], [ -123.826750599177373, 53.678535464513807 ], [ -123.826617464220845, 53.678695176949269 ], [ -123.826435370870925, 53.678845251180853 ], [ -123.82622607651264, 53.678981527343481 ], [ -123.826001470578433, 53.679108909803809 ], [ -123.825761366869514, 53.679218429878958 ], [ -123.825401401724278, 53.679391695730232 ], [ -123.825283446836011, 53.679553313907938 ], [ -123.82528708910219, 53.679740053821781 ], [ -123.825481060370365, 53.68011024222271 ], [ -123.825648651357554, 53.680852151420396 ], [ -123.825721176666335, 53.681807446589659 ], [ -123.825829225193601, 53.682257138387591 ], [ -123.82605186298521, 53.682716018051963 ], [ -123.82652398767128, 53.6832001495398 ], [ -123.827020092532265, 53.683705082601314 ], [ -123.827540163543787, 53.684230825608118 ], [ -123.827707754442883, 53.684712057811517 ], [ -123.827710251253649, 53.685182452886586 ], [ -123.827856203835083, 53.685675816774705 ], [ -123.827926288142891, 53.686160722921571 ], [ -123.828048769111561, 53.686658251084651 ], [ -123.828299723351819, 53.68718584512466 ], [ -123.828683015141436, 53.687683561219721 ], [ -123.828938853991176, 53.688116246936723 ], [ -123.829063346014848, 53.688543845565071 ], [ -123.830163766313547, 53.688287536575437 ], [ -123.831216869523786, 53.687935662481877 ], [ -123.832182610879357, 53.687677274948875 ], [ -123.832878699583702, 53.687396782541555 ], [ -123.833210497038152, 53.68707288117843 ], [ -123.833451895951484, 53.686601795493011 ], [ -123.833839413099753, 53.686118701174323 ], [ -123.834584870035556, 53.685699037834269 ], [ -123.835549203759243, 53.685457605738478 ], [ -123.836571610585239, 53.685345604348086 ], [ -123.83756710690183, 53.685489458359577 ], [ -123.838440080661414, 53.685647141948436 ], [ -123.839062134943703, 53.685962385099444 ], [ -123.83955528412676, 53.686394376309643 ], [ -123.839919108629744, 53.686922158019264 ], [ -123.840410755850954, 53.687362150873014 ], [ -123.841026789284385, 53.687795282412928 ], [ -123.841075967948342, 53.687983691846327 ], [ -123.841179174463505, 53.688603185293744 ], [ -123.841299320909272, 53.688806087306034 ], [ -123.841586617963856, 53.689037773939866 ], [ -123.842041068537839, 53.689298252942521 ], [ -123.842022268761866, 53.689873654468158 ], [ -123.842017714491831, 53.690404020562447 ], [ -123.842012246829157, 53.690889445911559 ], [ -123.843128861506187, 53.690854622775561 ], [ -123.844307228522567, 53.690963176067783 ], [ -123.845386111497206, 53.691229221428109 ], [ -123.846221811026936, 53.691618828538125 ], [ -123.846760181357922, 53.692033498577921 ], [ -123.847813647287722, 53.691702446954686 ], [ -123.848322897674166, 53.692006459716033 ], [ -123.848960175221606, 53.692233650712467 ], [ -123.849662885308732, 53.692784969969239 ], [ -123.850209965979076, 53.693295437042586 ], [ -123.850601424636764, 53.693765063316491 ], [ -123.851334908523754, 53.69408743555757 ], [ -123.851940988294288, 53.694434684387161 ], [ -123.852682142254281, 53.694719047974687 ], [ -123.85355818254601, 53.694933527740226 ], [ -123.853988566732099, 53.695245067550232 ], [ -123.853718341899139, 53.695363849066105 ], [ -123.853432249954537, 53.695446781513461 ], [ -123.853101099193125, 53.695548019874316 ], [ -123.853389514880917, 53.696079289784173 ], [ -123.853477122773015, 53.696583035793978 ], [ -123.853510958407625, 53.697091153065443 ], [ -123.853505814696376, 53.69758556404458 ], [ -123.853499951108091, 53.698044030138654 ], [ -123.853496261382887, 53.698610339720403 ], [ -123.853807691015035, 53.69903058408552 ], [ -123.854124068316835, 53.699444810823053 ], [ -123.854335480542929, 53.699827815557796 ], [ -123.854329841490056, 53.70021436764091 ], [ -123.853999548954292, 53.700609229178838 ], [ -123.853454479840536, 53.70103757530692 ], [ -123.854417566208213, 53.701471158545104 ], [ -123.855469942979425, 53.701077137538014 ], [ -123.855950752002684, 53.700801043046248 ], [ -123.856550016208772, 53.700557061411267 ], [ -123.857059403963191, 53.700859036189321 ], [ -123.857815882333185, 53.701063356818473 ], [ -123.858819495163559, 53.701170019459973 ], [ -123.859726717574674, 53.701088606319146 ], [ -123.860709648397432, 53.701006645608459 ], [ -123.861670540929268, 53.700893444255541 ], [ -123.862566175336397, 53.700857184000107 ], [ -123.86332761830144, 53.700973548511357 ], [ -123.864177063861518, 53.701053742114873 ], [ -123.865114479968071, 53.701097762403847 ], [ -123.866182247974749, 53.700967198133618 ], [ -123.867233457489263, 53.700767837456382 ], [ -123.867687768199232, 53.700762551142823 ], [ -123.868090727818782, 53.700714689787091 ], [ -123.868442320575099, 53.700624244677755 ], [ -123.868566260210017, 53.70043159420905 ], [ -123.868905975355432, 53.700255347991281 ], [ -123.869461463224283, 53.70009551315114 ], [ -123.869806250195211, 53.699757429194193 ], [ -123.870236026675556, 53.699460676478886 ], [ -123.870566806821927, 53.699341427719446 ], [ -123.871018462992438, 53.69920730903592 ], [ -123.871419323592505, 53.699059574553871 ], [ -123.87196267095679, 53.698883833227683 ], [ -123.872609583991789, 53.698670391720384 ], [ -123.873236096549562, 53.698366200126564 ], [ -123.873538829292841, 53.698031412152488 ], [ -123.873544734470102, 53.697747721823539 ], [ -123.873339844480881, 53.697605399465694 ], [ -123.873058996251999, 53.697534542685602 ], [ -123.872725457940533, 53.6975189965681 ], [ -123.872361805941139, 53.697512651065573 ], [ -123.872043595260436, 53.697505981435668 ], [ -123.871810083314486, 53.697444756502378 ], [ -123.871661880881121, 53.697277053469264 ], [ -123.871749753465622, 53.696968801672412 ], [ -123.872024141019708, 53.696565308546376 ], [ -123.872404114610617, 53.696140074943138 ], [ -123.872657374742388, 53.695773688073373 ], [ -123.87289054047686, 53.695411444576749 ], [ -123.873103582516791, 53.695053335076928 ], [ -123.873552098509975, 53.694689522875187 ], [ -123.874026061206138, 53.694335501871151 ], [ -123.874525454208225, 53.69399128941194 ], [ -123.874897761038696, 53.693605053504669 ], [ -123.875250684307659, 53.693177009912255 ], [ -123.875587473446316, 53.692620247106795 ], [ -123.87592748803327, 53.691976562297256 ], [ -123.876886335266647, 53.691880661614753 ], [ -123.877730876171071, 53.691628783112925 ], [ -123.878336586411152, 53.691221854103873 ], [ -123.87893584506044, 53.690747050744555 ], [ -123.879649668952908, 53.690280385255001 ], [ -123.880726303337951, 53.689944887363431 ], [ -123.882043060018532, 53.689828334043554 ], [ -123.883345253128667, 53.689980529760192 ], [ -123.88450914131171, 53.690277564571872 ], [ -123.884514678837434, 53.689819095858162 ], [ -123.884531964991268, 53.68919874796547 ], [ -123.884532599555513, 53.688506610480239 ], [ -123.885631671981287, 53.688201865986684 ], [ -123.886198087941025, 53.687852110439529 ], [ -123.886458399079729, 53.687508609509102 ], [ -123.886412612607927, 53.687171374148704 ], [ -123.886636894911405, 53.687034883876883 ], [ -123.886846032563284, 53.686898502726898 ], [ -123.887070113502972, 53.686753025242872 ], [ -123.887295322944226, 53.686661473538933 ], [ -123.887594918591049, 53.686506442712485 ], [ -123.887828677518741, 53.686340918462612 ], [ -123.887965550592256, 53.686129166583321 ], [ -123.888016401535197, 53.68566737223162 ], [ -123.888329083206017, 53.685175667151697 ], [ -123.888903600862747, 53.684654049544413 ], [ -123.890061480812463, 53.684271921556771 ], [ -123.891369576102903, 53.684073428039952 ], [ -123.892690707269495, 53.684173449283868 ], [ -123.893875193157072, 53.68449420102025 ], [ -123.894785198921753, 53.68496082032302 ], [ -123.895939217044685, 53.685350691158561 ], [ -123.896594999660394, 53.685728302409245 ], [ -123.897126206096743, 53.686102845631716 ], [ -123.897107393825635, 53.686642311405471 ], [ -123.897485360084858, 53.68708892241311 ], [ -123.897992594127317, 53.687521572562332 ], [ -123.898504335254501, 53.68792821143883 ], [ -123.899020581741922, 53.688308856911632 ], [ -123.899407910660415, 53.688719433728984 ], [ -123.898744639393598, 53.68909893810828 ], [ -123.898341375459964, 53.689599344589197 ], [ -123.898198110428964, 53.690220637542808 ], [ -123.898317242555066, 53.690758065489234 ], [ -123.898707511005483, 53.691147645849071 ], [ -123.899368904049098, 53.691389375777831 ], [ -123.900164337277332, 53.691524221751628 ], [ -123.90097588203615, 53.691703890999058 ], [ -123.901894671771885, 53.691940664384497 ], [ -123.902788116375262, 53.692330438943991 ], [ -123.903669736540493, 53.692795197076215 ], [ -123.904448449811042, 53.693325645950431 ], [ -123.905256835256509, 53.693825903139086 ], [ -123.905252476207153, 53.694329302645272 ], [ -123.905234341623412, 53.694895735330491 ], [ -123.905231353238534, 53.695462047059856 ], [ -123.905227975528845, 53.696010377323788 ], [ -123.906218652847301, 53.696141716320916 ], [ -123.906977425421914, 53.696444584089249 ], [ -123.907504281932034, 53.696918993661171 ], [ -123.908620557716787, 53.697410900693406 ], [ -123.909723606721471, 53.69775608976984 ], [ -123.910446828865688, 53.698047225128825 ], [ -123.911194775694682, 53.698235287765698 ], [ -123.912087254492164, 53.698336366869043 ], [ -123.913124277250091, 53.698350432615754 ], [ -123.914311174019389, 53.69829044756441 ], [ -123.915423622758226, 53.698135133484904 ], [ -123.916461631410868, 53.697884501652133 ], [ -123.916916860023946, 53.698387385766594 ], [ -123.917625875109209, 53.698718535600207 ], [ -123.918470861716187, 53.69895575084206 ], [ -123.919225047185535, 53.69927355541914 ], [ -123.919743650261793, 53.699746975512014 ], [ -123.920225465549365, 53.700231669149552 ], [ -123.920961397950023, 53.70063649822594 ], [ -123.921951420279797, 53.700961457575744 ], [ -123.92309793306022, 53.70074588991536 ], [ -123.924241488492214, 53.700395501866915 ], [ -123.924722977580444, 53.700017257942747 ], [ -123.925336160692439, 53.699658969571679 ], [ -123.925967083702901, 53.699265574242446 ], [ -123.926478712212386, 53.69880519878037 ], [ -123.927553511524451, 53.698086770902499 ], [ -123.928738239431041, 53.697547251254477 ], [ -123.929938585553003, 53.697717721024361 ], [ -123.930546456151617, 53.697427357822008 ], [ -123.931030818144208, 53.697106988869045 ], [ -123.931526125291413, 53.696673680634277 ], [ -123.932148929546955, 53.696298294549159 ], [ -123.933288808393513, 53.696018760448247 ], [ -123.934300392808481, 53.6959499538698 ], [ -123.935183699171446, 53.696091869120387 ], [ -123.935985238943545, 53.696493100580533 ], [ -123.936785089764243, 53.697044151807091 ], [ -123.937256622747782, 53.696982528950322 ], [ -123.937611958270892, 53.696841925281582 ], [ -123.937799900104125, 53.696589770889908 ], [ -123.937857857837983, 53.696244747022831 ], [ -123.938517729505094, 53.69610075454667 ], [ -123.939013866662179, 53.695935064119141 ], [ -123.93934626960052, 53.695747695682449 ], [ -123.939614651040301, 53.695556823540542 ], [ -123.939838190079158, 53.695393275704021 ], [ -123.940361002737134, 53.695141483839038 ], [ -123.940854242592508, 53.694771062575754 ], [ -123.941617874897375, 53.694150836478109 ], [ -123.942369190303069, 53.693431818204225 ], [ -123.943515966348187, 53.693166113151626 ], [ -123.944651558699661, 53.693003353683807 ], [ -123.94579229183104, 53.692994353833328 ], [ -123.946949296768139, 53.693036146931099 ], [ -123.947426671303106, 53.692937498055187 ], [ -123.947791713157073, 53.692781800325264 ], [ -123.948044391306524, 53.692569063194405 ], [ -123.948499672429804, 53.692535492284499 ], [ -123.948865296213341, 53.692406758223598 ], [ -123.949141277039402, 53.692182844162431 ], [ -123.949811174156764, 53.691741083353335 ], [ -123.950347350974866, 53.691265423076231 ], [ -123.951010141766119, 53.691107347949014 ], [ -123.951643113052114, 53.69097049012629 ], [ -123.952518018810906, 53.690816721491252 ], [ -123.952491716678693, 53.690322550316964 ], [ -123.952487029466525, 53.689891124644042 ], [ -123.952503940874053, 53.68952245320542 ], [ -123.952998989801927, 53.68909104608715 ], [ -123.953622269466919, 53.688749510038271 ], [ -123.953621972311382, 53.688066367617914 ], [ -123.953604905941177, 53.687311445167119 ], [ -123.953596790977528, 53.68695195626961 ], [ -123.953582369431615, 53.68631387088773 ], [ -123.95358167772919, 53.685612755767551 ], [ -123.953567256876028, 53.684974670042237 ], [ -123.953553444420123, 53.684363542477954 ], [ -123.953555594946323, 53.683788241405189 ], [ -123.953931303545971, 53.683215965325843 ], [ -123.954312784213002, 53.68267659752 ], [ -123.954700052793271, 53.682170138212648 ], [ -123.954681554691518, 53.681352302442278 ], [ -123.955740589630608, 53.681538612612194 ], [ -123.956669286112913, 53.681615096560066 ], [ -123.957399349849226, 53.681612256871453 ], [ -123.957987983321843, 53.681604555666773 ], [ -123.958108354835986, 53.681570631191327 ], [ -123.958288715685327, 53.681512259858678 ], [ -123.958436217753288, 53.681340292466984 ], [ -123.958537831901069, 53.681147722264384 ], [ -123.958609097214008, 53.680952393846702 ], [ -123.958779590144573, 53.680681363147301 ], [ -123.959070401769836, 53.680301505749924 ], [ -123.959439814997026, 53.679901049423144 ], [ -123.959887812728368, 53.679479975257557 ], [ -123.960156531103479, 53.678942489194093 ], [ -123.960290064658267, 53.678305219330596 ], [ -123.960859888869876, 53.677472681855626 ], [ -123.96130974920078, 53.676544222358466 ], [ -123.961963075874351, 53.67642512316003 ], [ -123.962349246820452, 53.676098418125584 ], [ -123.962468261676008, 53.675564127669858 ], [ -123.96360772485005, 53.67559392341122 ], [ -123.964741959929512, 53.675689653543245 ], [ -123.965898054987306, 53.675932021008421 ], [ -123.967002381522846, 53.675896148913694 ], [ -123.968132463269328, 53.675884020568986 ], [ -123.96927639600635, 53.675814840893608 ], [ -123.970434144650469, 53.67568860897255 ], [ -123.971510463418582, 53.675533071509541 ], [ -123.972621030772814, 53.675330295319604 ], [ -123.973762901401784, 53.675173202387249 ], [ -123.974410007424112, 53.675006140364268 ], [ -123.974925594777801, 53.674825162383158 ], [ -123.975654299950037, 53.674477651288235 ], [ -123.976298262317187, 53.674029958861418 ], [ -123.976817812183043, 53.673512362688776 ], [ -123.977211975641723, 53.672882929053351 ], [ -123.977782333095959, 53.672817342751678 ], [ -123.97811844782521, 53.672514979827298 ], [ -123.978336578766815, 53.672056764683141 ], [ -123.978553254673727, 53.671535637401789 ], [ -123.978909762653288, 53.671243083123507 ], [ -123.979168201181963, 53.671000277250698 ], [ -123.979328543427627, 53.670807202006124 ], [ -123.97945738857436, 53.670633362501299 ], [ -123.979638788465067, 53.670478069488745 ], [ -123.979898126658853, 53.670347111593671 ], [ -123.980208321413599, 53.670233711687317 ], [ -123.980727875273232, 53.670154543630957 ], [ -123.981324101005782, 53.670118700525897 ], [ -123.981915301645657, 53.670155804973227 ], [ -123.982344091323327, 53.670224201457962 ], [ -123.982725079547492, 53.670262019920472 ], [ -123.983183022125758, 53.670210320530046 ], [ -123.983777564726822, 53.670029657643887 ], [ -123.984475807023756, 53.669752259622861 ], [ -123.985094892741643, 53.669470514354643 ], [ -123.985708518389245, 53.669171829609887 ], [ -123.98631674252951, 53.668786291109612 ], [ -123.987046690183419, 53.668355802129497 ], [ -123.987651644764227, 53.667903370701602 ], [ -123.988135159260224, 53.667435961103109 ], [ -123.989220009255121, 53.667369081396579 ], [ -123.990282254414794, 53.667433942664196 ], [ -123.991321904243051, 53.66763055445405 ], [ -123.991997614565477, 53.667825737371274 ], [ -123.992324847920543, 53.667940733496529 ], [ -123.992572486671946, 53.66773967356923 ], [ -123.993019183562865, 53.667501239521656 ], [ -123.993664904524039, 53.667225410694321 ], [ -123.994708485336957, 53.666977045492828 ], [ -123.995342825007313, 53.667490128916967 ], [ -123.995728956243866, 53.668032243597338 ], [ -123.995866885790804, 53.66860338321041 ], [ -123.995989626324516, 53.669172654779999 ], [ -123.996221129956893, 53.669718043520156 ], [ -123.996565169716632, 53.670185600042196 ], [ -123.996912987215879, 53.670599179839719 ], [ -123.997201656594655, 53.670857452978154 ], [ -123.997496695794197, 53.671172604652703 ], [ -123.997798136921091, 53.671544626344016 ], [ -123.998447479490665, 53.671904763160086 ], [ -123.998967491839352, 53.672343875 ], [ -123.999331624729308, 53.672805258435943 ], [ -123.999690863038055, 53.673272672687382 ], [ -124.000045206756866, 53.673746117795019 ], [ -124.000618856568082, 53.674388528070345 ], [ -124.001332544040139, 53.675047730847581 ], [ -124.002391970532685, 53.675035876516652 ], [ -124.003484865340567, 53.674945816704799 ], [ -124.004611205666379, 53.674777577107818 ], [ -124.00353575615263, 53.675388842087692 ], [ -124.00287619714571, 53.675947675416637 ], [ -124.002351352196058, 53.676513376816189 ], [ -124.001806692379489, 53.677237033035276 ], [ -124.001485777428215, 53.677961818769468 ], [ -124.001246109498084, 53.678637990249939 ], [ -124.000978402248151, 53.67926644125933 ], [ -124.000444439000105, 53.67980524128042 ], [ -124.000050714422215, 53.680298921021489 ], [ -123.999680264519455, 53.680710505044829 ], [ -123.999686097075724, 53.681098974213079 ], [ -123.999691930169064, 53.681487434363063 ], [ -124.000067269480923, 53.681920761081848 ], [ -124.000462390301152, 53.682407854172034 ], [ -124.000994707903388, 53.682933737771137 ], [ -124.001151353575665, 53.683508719013119 ], [ -124.00092357772472, 53.68397803311727 ], [ -124.000311383013596, 53.684341705077294 ], [ -124.000810989534443, 53.684693085927194 ], [ -124.001539092625436, 53.684959660105285 ], [ -124.002495677056757, 53.685141423222817 ], [ -124.003015786111405, 53.685575520074437 ], [ -124.003763394147782, 53.68581195261585 ], [ -124.004738478822759, 53.685850725352253 ], [ -124.005229829206641, 53.686488796086778 ], [ -124.005843589764908, 53.687108865287378 ], [ -124.007018007574388, 53.687249813660415 ], [ -124.008180950918756, 53.687331913886247 ], [ -124.008688716122677, 53.687739127710707 ], [ -124.009319790695415, 53.688095362039327 ], [ -124.009335482966065, 53.688751411888425 ], [ -124.009352897747675, 53.689479358550329 ], [ -124.010529925855977, 53.689304638713239 ], [ -124.011663619273648, 53.689217166187085 ], [ -124.012768327650107, 53.689113944938178 ], [ -124.013870923559367, 53.689063667663255 ], [ -124.014599854183416, 53.688518170313536 ], [ -124.015337415680946, 53.687912659951124 ], [ -124.016070701379405, 53.687340153429744 ], [ -124.016670610694703, 53.686679878733869 ], [ -124.017144009472275, 53.686006688238379 ], [ -124.017255242690979, 53.685316604584585 ], [ -124.017479461905367, 53.684637542374567 ], [ -124.017941610834939, 53.68391750253096 ], [ -124.018528800129729, 53.683151460684392 ], [ -124.019264311667598, 53.682258303704749 ], [ -124.020052877704771, 53.682239608323414 ], [ -124.020667652534314, 53.682408147522182 ], [ -124.021108626297632, 53.682763941601301 ], [ -124.022417599210158, 53.682766757717985 ], [ -124.023481203497553, 53.682919478118393 ], [ -124.024299463929367, 53.683222091640822 ], [ -124.025344268514317, 53.683293052083229 ], [ -124.026378460020595, 53.683411044407052 ], [ -124.027521118500133, 53.683285383960204 ], [ -124.028629571820602, 53.683205962490625 ], [ -124.029751677145214, 53.683272221382083 ], [ -124.030859687503536, 53.683381545368448 ], [ -124.031369239025167, 53.682959676520987 ], [ -124.032131624220654, 53.682557600189696 ], [ -124.033146836877492, 53.682175311560378 ], [ -124.033163476940672, 53.681617861888576 ], [ -124.034357105195056, 53.681514667738483 ], [ -124.035147399021255, 53.681429941416624 ], [ -124.035921702114976, 53.681310381018065 ], [ -124.03668001183631, 53.681156004762691 ], [ -124.037326617525665, 53.680837798285069 ], [ -124.037844613690538, 53.680489737942679 ], [ -124.03834332771126, 53.680109876759047 ], [ -124.038962015643989, 53.679751949586148 ], [ -124.03786595272625, 53.679509763905301 ], [ -124.038485528648835, 53.679119877589869 ], [ -124.038863793023651, 53.678700114319369 ], [ -124.03900076747577, 53.678250476611225 ], [ -124.040062256700011, 53.67838808171394 ], [ -124.041128972659678, 53.678600535006687 ], [ -124.0416536435376, 53.678933559397031 ], [ -124.042433980938782, 53.679197428857648 ], [ -124.043469487429689, 53.679439103813365 ], [ -124.044627986525725, 53.679687679967685 ], [ -124.045784413339717, 53.680124033083928 ], [ -124.046910818952185, 53.68036588677478 ], [ -124.04701764975178, 53.681145979462869 ], [ -124.047373481859395, 53.681655235728968 ], [ -124.047978318295705, 53.681893635606613 ], [ -124.047962979833073, 53.682496025792467 ], [ -124.048714272643963, 53.682669224390459 ], [ -124.049205695001305, 53.682844974653676 ], [ -124.049608796669119, 53.682961259156109 ], [ -124.049859401182161, 53.683031521065075 ], [ -124.050065428172786, 53.68304598005156 ], [ -124.050209678972251, 53.683072925097122 ], [ -124.050365862728114, 53.683104411801686 ], [ -124.050420472714009, 53.683120584387616 ], [ -124.050693251895382, 53.683209869041931 ], [ -124.050867984588123, 53.683185432196296 ], [ -124.051171703247178, 53.68317575916128 ], [ -124.051604393353088, 53.683180839752538 ], [ -124.052491585092397, 53.683358195505363 ], [ -124.053277535066755, 53.683504093672425 ], [ -124.054030385534674, 53.683536426501547 ], [ -124.054861818638756, 53.683549080232773 ], [ -124.055771832859421, 53.683542062189062 ], [ -124.056756720123673, 53.683770086360511 ], [ -124.057719540848822, 53.683923385384389 ], [ -124.058708961343839, 53.6841303735238 ], [ -124.059717517056356, 53.684295234867953 ], [ -124.060793721497987, 53.684540390990293 ], [ -124.060421505469535, 53.684993136059525 ], [ -124.059930241534659, 53.685462903759607 ], [ -124.059323703283908, 53.685898737754535 ], [ -124.058624032028391, 53.686177582934334 ], [ -124.058607949892021, 53.686744020917374 ], [ -124.058605218682956, 53.687238431451028 ], [ -124.05858959102504, 53.687822850048306 ], [ -124.058587520115069, 53.688344217843273 ], [ -124.058691747029584, 53.68887663895029 ], [ -124.058800413548653, 53.68931812587347 ], [ -124.059029287659484, 53.689654686376457 ], [ -124.059258514099753, 53.689938299793432 ], [ -124.059851158859104, 53.690286618996971 ], [ -124.060579033400188, 53.690726622696261 ], [ -124.061442177128882, 53.691258308871255 ], [ -124.062057336879278, 53.6916303862834 ], [ -124.062670172074689, 53.691977510943893 ], [ -124.06328017688827, 53.692344639671269 ], [ -124.064013878753784, 53.692745612882611 ], [ -124.06402943198772, 53.692161203684364 ], [ -124.065134087290318, 53.692124418544893 ], [ -124.066306859995976, 53.691987138700711 ], [ -124.067458296960623, 53.691804099443786 ], [ -124.068473237347277, 53.691481436556003 ], [ -124.069241324446921, 53.691113034048009 ], [ -124.0697625626795, 53.690698887685762 ], [ -124.070886970425846, 53.690248388881081 ], [ -124.072048469974533, 53.690067207518645 ], [ -124.073196944965119, 53.689970034017151 ], [ -124.074349861630523, 53.689848833955345 ], [ -124.075394169949888, 53.689757558927738 ], [ -124.076317082692341, 53.689591465277168 ], [ -124.077085194944743, 53.689425759041711 ], [ -124.077798248523081, 53.689278518928838 ], [ -124.078635588536244, 53.689254006430396 ], [ -124.079313009211901, 53.689292848969636 ], [ -124.079830513184845, 53.68939504925423 ], [ -124.080207184513256, 53.689319740750307 ], [ -124.080569790600308, 53.689286508164166 ], [ -124.081215620884947, 53.689274688070817 ], [ -124.082144691291163, 53.689284276136696 ], [ -124.08264187497339, 53.689183896772043 ], [ -124.083069237789559, 53.689117117365882 ], [ -124.083426781926676, 53.689083920752125 ], [ -124.083744268802732, 53.689063071918135 ], [ -124.084062447562232, 53.689069179810616 ], [ -124.084370917167661, 53.689090352974887 ], [ -124.08468482094375, 53.689126465908949 ], [ -124.08502853041719, 53.689144327879227 ], [ -124.085489340102001, 53.689200077457919 ], [ -124.086067206204561, 53.689293712565657 ], [ -124.086296520051278, 53.689115856963006 ], [ -124.086496100353401, 53.688894318710119 ], [ -124.087576385376025, 53.689091255391176 ], [ -124.087960557533947, 53.688524462170939 ], [ -124.088342455620364, 53.688065560801903 ], [ -124.088722083486914, 53.687714533449537 ], [ -124.089249036375421, 53.687204371894929 ], [ -124.089907731811053, 53.686714980058838 ], [ -124.089922240424073, 53.686103599854746 ], [ -124.090062794908604, 53.685161484727914 ], [ -124.090327481565197, 53.684401017191853 ], [ -124.090556598136928, 53.684023140659527 ], [ -124.09071476886534, 53.683762273224382 ], [ -124.090978056629709, 53.683143640924975 ], [ -124.091118926215884, 53.682605018366807 ], [ -124.091130841111095, 53.681894792144014 ], [ -124.091131340137466, 53.681328484109436 ], [ -124.091141563645962, 53.681057442722661 ], [ -124.091149310920045, 53.680851917389298 ], [ -124.091150506309532, 53.680312566738436 ], [ -124.091164282323888, 53.67967423590504 ], [ -124.09117643834125, 53.678972985924176 ], [ -124.092207886285976, 53.679046485576038 ], [ -124.09298031305326, 53.678862659740744 ], [ -124.093493753709382, 53.678421505134764 ], [ -124.093984952061376, 53.677966584156039 ], [ -124.09471660864223, 53.677638294646037 ], [ -124.095688724027582, 53.677436641209333 ], [ -124.096658901104888, 53.677225007894968 ], [ -124.09737895347628, 53.67690480122306 ], [ -124.097734415320559, 53.676407156175088 ], [ -124.097861183155786, 53.675783760379744 ], [ -124.097862763713252, 53.67526238936091 ], [ -124.096795362114619, 53.675355065014905 ], [ -124.095723698564029, 53.675283976325254 ], [ -124.094647785675264, 53.675049123163724 ], [ -124.094650348100373, 53.674563695744538 ], [ -124.094661744975085, 53.673835495256398 ], [ -124.094676407070267, 53.673233106086613 ], [ -124.094677784615271, 53.672702739561451 ], [ -124.09470593745236, 53.671453030945607 ], [ -124.094707329321039, 53.670922673237847 ], [ -124.095776455254324, 53.670706150032828 ], [ -124.096872495648824, 53.670360529280281 ], [ -124.097940514643781, 53.670102043700361 ], [ -124.098405249739216, 53.669734239224823 ], [ -124.098988223314151, 53.669451228488136 ], [ -124.099688581135737, 53.669220079473767 ], [ -124.100267047767488, 53.668958084121371 ], [ -124.100727473661706, 53.668620259821125 ], [ -124.10107143197736, 53.668266531991371 ], [ -124.101560805117117, 53.667813578296716 ], [ -124.102168508822274, 53.667384513379375 ], [ -124.102618643045147, 53.666910943685757 ], [ -124.102616316716535, 53.666435559198831 ], [ -124.10216156164968, 53.665958333257961 ], [ -124.101474183069541, 53.665524203659373 ], [ -124.100905707981639, 53.665070001234568 ], [ -124.10045617976715, 53.664598713503338 ], [ -124.100237716333595, 53.664023436292347 ], [ -124.100128797232742, 53.66345713891188 ], [ -124.100154985755836, 53.662719803103748 ], [ -124.100038760478782, 53.662195521523344 ], [ -124.099805221098094, 53.661686294442973 ], [ -124.099436700075245, 53.661418018743689 ], [ -124.09911684719458, 53.661275126678454 ], [ -124.098845673020534, 53.661257645772984 ], [ -124.099178875334601, 53.661073804885412 ], [ -124.099652573904947, 53.660925637783528 ], [ -124.100266754103004, 53.660813124651348 ], [ -124.101190995554589, 53.660660809838582 ], [ -124.101125175503725, 53.660071144653344 ], [ -124.101108727044036, 53.659633830109399 ], [ -124.101172070495849, 53.659289673292598 ], [ -124.101362791567809, 53.659059203626903 ], [ -124.101680905276993, 53.658942411818437 ], [ -124.101888680306345, 53.658785691891339 ], [ -124.101745870462778, 53.658532321153118 ], [ -124.101141146898797, 53.658232257365739 ], [ -124.100329833558135, 53.657941087627449 ], [ -124.099509399259077, 53.657685947379719 ], [ -124.09884355107414, 53.657362463936309 ], [ -124.098205286788954, 53.656999774390627 ], [ -124.09779146770218, 53.656732906566447 ], [ -124.097619004856924, 53.656501774824122 ], [ -124.0976879089703, 53.65630638045679 ], [ -124.097883009957926, 53.656114827885887 ], [ -124.098047840638003, 53.655858627798381 ], [ -124.098182415554817, 53.655537789497451 ], [ -124.098749051098949, 53.655603502608862 ], [ -124.099259332698068, 53.655635769319439 ], [ -124.099768511541171, 53.655819862733281 ], [ -124.100354985450579, 53.656066163982956 ], [ -124.101320179948928, 53.656392878905159 ], [ -124.10231573546298, 53.6565934551015 ], [ -124.103341627857034, 53.656667900564116 ], [ -124.104005676733919, 53.657115225655531 ], [ -124.104678637120003, 53.657452597408103 ], [ -124.105399527526529, 53.657628711859836 ], [ -124.105996370630805, 53.657947803863784 ], [ -124.106473979221477, 53.658400825616148 ], [ -124.10645972255783, 53.659012205685016 ], [ -124.10644500482546, 53.659605613921819 ], [ -124.107392025598642, 53.659939439430111 ], [ -124.108107426762743, 53.660289374430057 ], [ -124.108591217682189, 53.660655441218942 ], [ -124.108591416900154, 53.661239725696745 ], [ -124.110397498131917, 53.661435725751822 ], [ -124.111822666279508, 53.661533363194039 ], [ -124.113172585510284, 53.661838432065124 ], [ -124.11480290683825, 53.662062971269258 ], [ -124.114805559716544, 53.662737114231966 ], [ -124.114781981180499, 53.66356431178481 ], [ -124.11477870977302, 53.664013789351316 ], [ -124.11469952055532, 53.664531329734871 ], [ -124.114706553949034, 53.664602159178543 ], [ -124.114707493049764, 53.664705845198611 ], [ -124.114702321843538, 53.664842405468121 ], [ -124.114631651616662, 53.664989588454397 ], [ -124.114563532211207, 53.665107113075109 ], [ -124.114495161770847, 53.665184097495043 ], [ -124.114404492653065, 53.665289183357586 ], [ -124.114374056678514, 53.665333866067343 ], [ -124.11434588712585, 53.665375733819687 ], [ -124.114450977219832, 53.665394688798244 ], [ -124.114587581258775, 53.665399904457601 ], [ -124.114763848332146, 53.665397084672321 ], [ -124.114944193156362, 53.665410509206602 ], [ -124.115103579017827, 53.665444212456009 ], [ -124.115232932780302, 53.66550120716574 ], [ -124.115328801475243, 53.665580336511439 ], [ -124.115403221604438, 53.665667384417759 ], [ -124.115438540557903, 53.665766501568058 ], [ -124.115463412258521, 53.665868143630391 ], [ -124.115474111311272, 53.6659697868525 ], [ -124.115477243155993, 53.666070316009517 ], [ -124.115486669777184, 53.666184031931749 ], [ -124.115474728799683, 53.666277260185723 ], [ -124.115512471077352, 53.666380870611789 ], [ -124.115585674673341, 53.666496970157432 ], [ -124.115758258061206, 53.666739629644553 ], [ -124.115994762351221, 53.667096368563094 ], [ -124.11605867988618, 53.667181861336807 ], [ -124.11616712266428, 53.66728279133752 ], [ -124.116291145934795, 53.667371021878289 ], [ -124.116430764040302, 53.667446571066229 ], [ -124.116535312410718, 53.667481391197889 ], [ -124.116613926556781, 53.667510837385336 ], [ -124.116720260539225, 53.667564304074958 ], [ -124.116919932193113, 53.667598629006228 ], [ -124.117212911952691, 53.667613793321109 ], [ -124.117934042096209, 53.667793614701459 ], [ -124.118523155838403, 53.668423279605854 ], [ -124.11898028139268, 53.669502789875331 ], [ -124.120172903999517, 53.669192010666521 ], [ -124.121327692570503, 53.668977457728303 ], [ -124.122401359771587, 53.668748660392353 ], [ -124.123496064176692, 53.668552624452602 ], [ -124.124611823629294, 53.66838934061964 ], [ -124.125726932368337, 53.668139155576718 ], [ -124.126846355162144, 53.667987803982619 ], [ -124.127606654026636, 53.667929704995615 ], [ -124.128375134847403, 53.667792172060544 ], [ -124.129168129162593, 53.667636407444725 ], [ -124.12998562009642, 53.667462419379326 ], [ -124.130351280641051, 53.667448924897037 ], [ -124.130580718568055, 53.667449331781455 ], [ -124.130705567253713, 53.667473618446486 ], [ -124.130957311867689, 53.667565340916617 ], [ -124.131149609106401, 53.667688836811728 ], [ -124.131199403533429, 53.667856409575123 ], [ -124.131099549550086, 53.668042184954253 ], [ -124.130963893388753, 53.668190361858841 ], [ -124.130932867358396, 53.668323273455883 ], [ -124.130901230768728, 53.668482736307162 ], [ -124.130798468018767, 53.668715518902154 ], [ -124.130395364399462, 53.669105238901921 ], [ -124.129940363207893, 53.669602622835576 ], [ -124.129554049583177, 53.670187554587201 ], [ -124.129658650263096, 53.670828779665833 ], [ -124.130274510939287, 53.671341324960096 ], [ -124.131152153623248, 53.671768505788421 ], [ -124.131919366563963, 53.672153772026455 ], [ -124.132297486516535, 53.672643586348549 ], [ -124.132415417561333, 53.673214772465776 ], [ -124.132414253160675, 53.673736135114197 ], [ -124.132398452758025, 53.674275619117047 ], [ -124.132382887531406, 53.674824097691562 ], [ -124.133533782827598, 53.675150789564938 ], [ -124.134695218598054, 53.675367509957347 ], [ -124.135867155508464, 53.675474258119628 ], [ -124.13697723126981, 53.675469711709873 ], [ -124.138120475125163, 53.675572710750984 ], [ -124.139255773287204, 53.675567916562436 ], [ -124.140328673038411, 53.675556702085785 ], [ -124.141270917365048, 53.675441861410356 ], [ -124.141972784793566, 53.675146523602926 ], [ -124.14244783113773, 53.674737488308381 ], [ -124.143645136432539, 53.674414447645333 ], [ -124.14472737631769, 53.674128446239195 ], [ -124.145712429925752, 53.673795420722911 ], [ -124.146421949243418, 53.673474018789427 ], [ -124.146986091463191, 53.673127031231097 ], [ -124.147266312984058, 53.672730831067717 ], [ -124.147407396255886, 53.672290025233949 ], [ -124.147557184805336, 53.671736262856584 ], [ -124.147966627734277, 53.67132984070593 ], [ -124.148764899633534, 53.671120432039565 ], [ -124.149815893794027, 53.671050412909253 ], [ -124.150965949739572, 53.671036370127439 ], [ -124.152126020989954, 53.671019225782835 ], [ -124.153279196469882, 53.671118989893181 ], [ -124.154365782438845, 53.671120501835411 ], [ -124.155462980198209, 53.671079955507913 ], [ -124.156574123991788, 53.670934393583195 ], [ -124.156588872583939, 53.6703679483605 ], [ -124.15772650043931, 53.670391917386041 ], [ -124.158879857738683, 53.670375761113313 ], [ -124.160096074093985, 53.670199188160197 ], [ -124.161185561375092, 53.670368409488297 ], [ -124.162304411626351, 53.670504375275314 ], [ -124.162944894282234, 53.670431234572312 ], [ -124.163335504720507, 53.6702017194512 ], [ -124.163476243067066, 53.66981582335363 ], [ -124.163476277019001, 53.669267502322015 ], [ -124.164542098549717, 53.669128299291224 ], [ -124.165598257525147, 53.668882311710625 ], [ -124.166639303725191, 53.668516611062941 ], [ -124.167665274492094, 53.668031189426479 ], [ -124.168354355843732, 53.668500881446612 ], [ -124.168918069213888, 53.668997768461701 ], [ -124.169485909972025, 53.669460652287569 ], [ -124.16982501144868, 53.669862840037034 ], [ -124.170171665260625, 53.670173063598646 ], [ -124.17028567978565, 53.670463598499268 ], [ -124.170629344386924, 53.670786835456823 ], [ -124.1710825119021, 53.671176920107655 ], [ -124.171756139304151, 53.671631761304816 ], [ -124.172090469513876, 53.671921137550676 ], [ -124.172432450042791, 53.672182464541521 ], [ -124.173006391389805, 53.672438515811585 ], [ -124.17380425939244, 53.672702369493905 ], [ -124.174824655875369, 53.672923075298378 ], [ -124.174821768913489, 53.673363566755285 ], [ -124.175847246696392, 53.673282586118653 ], [ -124.176862131530797, 53.673244650974468 ], [ -124.176970700762112, 53.673579171382436 ], [ -124.177107436983803, 53.67389844210409 ], [ -124.177981881258617, 53.674312323560272 ], [ -124.179134284098183, 53.674921220401295 ], [ -124.180165682096316, 53.675231668205718 ], [ -124.181188683759871, 53.675542185598182 ], [ -124.1822159969214, 53.67576576416743 ], [ -124.183247856438499, 53.675851456359538 ], [ -124.184290499564639, 53.675781222654948 ], [ -124.185352726440698, 53.675689807828419 ], [ -124.186434534935415, 53.675577220314864 ], [ -124.187501046074971, 53.675818341986606 ], [ -124.187597836437661, 53.676208903673697 ], [ -124.187762826314128, 53.676512891982945 ], [ -124.187996031334876, 53.676730306893859 ], [ -124.188311269396394, 53.676814072172213 ], [ -124.188810906110632, 53.676815107727485 ], [ -124.1894949385253, 53.67673341125392 ], [ -124.190448711570539, 53.676732918900854 ], [ -124.191480431121164, 53.676871478401793 ], [ -124.192522379304407, 53.677133768766659 ], [ -124.193574579957527, 53.677519807834422 ], [ -124.194556218962276, 53.677968453935257 ], [ -124.195567643021633, 53.678398823426619 ], [ -124.196109576768833, 53.678288541793428 ], [ -124.196733660425309, 53.678228374046093 ], [ -124.197718677658514, 53.678260473859844 ], [ -124.198820838097348, 53.678330343148595 ], [ -124.199820374181385, 53.678518095666639 ], [ -124.200813427220695, 53.67865496194419 ], [ -124.201764338705445, 53.678729318839089 ], [ -124.202559332166985, 53.678763287051694 ], [ -124.203359599776334, 53.678746261813906 ], [ -124.204343095505124, 53.678724384323928 ], [ -124.205474754295892, 53.678765940686652 ], [ -124.206609565890716, 53.678917305054881 ], [ -124.207747522944928, 53.679178503966504 ], [ -124.208843826102608, 53.67951201720188 ], [ -124.209949932650957, 53.679776510385594 ], [ -124.211074150195245, 53.679908974948063 ], [ -124.212206824509622, 53.679984410478106 ], [ -124.213284338301492, 53.680072378008219 ], [ -124.214464731299771, 53.680051425071596 ], [ -124.215240549905815, 53.67988574788621 ], [ -124.215950522116273, 53.679653810934724 ], [ -124.216626225040756, 53.679400250105282 ], [ -124.217265740177524, 53.679175019778661 ], [ -124.217583763514682, 53.679002992176443 ], [ -124.217814998359671, 53.678737964198838 ], [ -124.217959444819883, 53.678379936318414 ], [ -124.218605650720733, 53.678446266574007 ], [ -124.219371811439046, 53.678646215647255 ], [ -124.220269663958931, 53.678920722409842 ], [ -124.221360459865153, 53.679235205049267 ], [ -124.22188245809491, 53.679020137206912 ], [ -124.222606572689998, 53.678870919148672 ], [ -124.223532759020983, 53.678787555507107 ], [ -124.224391584101994, 53.678817726367377 ], [ -124.224527771537907, 53.6782929765684 ], [ -124.225066315480504, 53.677779089562407 ], [ -124.226007201512971, 53.677276059933014 ], [ -124.227130758323298, 53.676980898335835 ], [ -124.228253215688397, 53.676764645445566 ], [ -124.229392961972806, 53.676911752392591 ], [ -124.230497241463553, 53.677053224294013 ], [ -124.2316271781757, 53.677209406577354 ], [ -124.232754016523501, 53.677431523816665 ], [ -124.233887073522581, 53.677866316034411 ], [ -124.233905265779882, 53.677452627493267 ], [ -124.233918468116173, 53.676868212729531 ], [ -124.233933763334946, 53.676355673464343 ], [ -124.233949057800245, 53.675843143049669 ], [ -124.234333246247516, 53.675347782019024 ], [ -124.234847686069926, 53.674820114694334 ], [ -124.235492800998415, 53.674275124207099 ], [ -124.236419618847918, 53.673700250035523 ], [ -124.237333510476475, 53.673144468878192 ], [ -124.238234476896508, 53.672607798959753 ], [ -124.238973193322323, 53.672159702643121 ], [ -124.239864248284533, 53.671744970993025 ], [ -124.240882507759935, 53.671366870975795 ], [ -124.242059312064143, 53.671061033070771 ], [ -124.24306705416609, 53.670783898983942 ], [ -124.24394929803303, 53.67047210997346 ], [ -124.244719669139684, 53.670131506609593 ], [ -124.24562878441435, 53.669990213757409 ], [ -124.246676655450031, 53.670048228293439 ], [ -124.247809122315758, 53.669952531960249 ], [ -124.248940611824239, 53.669823877832094 ], [ -124.249692974616053, 53.669615276230097 ], [ -124.250465157931657, 53.669337535050772 ], [ -124.251242892513446, 53.669020788027701 ], [ -124.252024783212548, 53.668674032262693 ], [ -124.252776655468523, 53.668393497285187 ], [ -124.253522957617022, 53.668151976432895 ], [ -124.253538825254523, 53.667666398805082 ], [ -124.254103501785934, 53.667652496937194 ], [ -124.254754754487749, 53.667665651235474 ], [ -124.255752317071284, 53.667787025833128 ], [ -124.256120301913555, 53.667944972325841 ], [ -124.256472073561213, 53.668067131472959 ], [ -124.256830145038094, 53.668118307639261 ], [ -124.257361279277134, 53.668163663650205 ], [ -124.258029512737707, 53.668238547247995 ], [ -124.258648090873663, 53.668452781830759 ], [ -124.259126979908984, 53.668776340127373 ], [ -124.26025909581827, 53.669177928574086 ], [ -124.260732983996121, 53.669502545839421 ], [ -124.261122057795347, 53.66969021041669 ], [ -124.261457389305704, 53.669767584026751 ], [ -124.261778128927261, 53.669863084782669 ], [ -124.262083455164415, 53.669949755918495 ], [ -124.262627346268573, 53.670139786326644 ], [ -124.263120353729846, 53.670202499888305 ], [ -124.263562442112558, 53.670137905759915 ], [ -124.26406384160893, 53.669862948216689 ], [ -124.264951263309584, 53.669504999585534 ], [ -124.265957451414806, 53.669294603101839 ], [ -124.267088140560531, 53.669309616762256 ], [ -124.268230227173433, 53.669480304828816 ], [ -124.268613849815253, 53.669317429661923 ], [ -124.268747346983389, 53.669114260013401 ], [ -124.268880527753666, 53.668901109038771 ], [ -124.268886272147924, 53.668644363829088 ], [ -124.26922950160089, 53.668369054005915 ], [ -124.269655897884348, 53.668062899075082 ], [ -124.2700822067643, 53.667809681084911 ], [ -124.27043005390226, 53.667632201788912 ], [ -124.270728353772853, 53.667485209076439 ], [ -124.270996130865825, 53.667329555457862 ], [ -124.271233636336703, 53.667174217429277 ], [ -124.271419528508673, 53.666980477773784 ], [ -124.271577855112284, 53.666709126792561 ], [ -124.271708616173001, 53.666360155610931 ], [ -124.272280500530442, 53.666251212279157 ], [ -124.272667683286997, 53.666040348370828 ], [ -124.27287014887149, 53.665727574389898 ], [ -124.273509913571417, 53.665304269603475 ], [ -124.273901017908244, 53.664889614680142 ], [ -124.274043485793939, 53.664483585402238 ], [ -124.274177062623778, 53.664061678610153 ], [ -124.274442653483064, 53.663667327291165 ], [ -124.274838239990359, 53.663234636212842 ], [ -124.275231818077017, 53.662736040637789 ], [ -124.275611810101097, 53.66228852964462 ], [ -124.275991689540163, 53.661838030945475 ], [ -124.276249906568296, 53.661367844143776 ], [ -124.276386538339651, 53.660880973915631 ], [ -124.27640077324736, 53.660350463997879 ], [ -124.276413391582992, 53.6597660408314 ], [ -124.276558798688427, 53.659236136140876 ], [ -124.276834558173505, 53.658679861726775 ], [ -124.277241138914803, 53.658112210840741 ], [ -124.2775167580442, 53.657551943963036 ], [ -124.27766100577071, 53.656984095574813 ], [ -124.27767577253212, 53.656471555871214 ], [ -124.277693789147463, 53.656066851631557 ], [ -124.278098189351766, 53.655595105204625 ], [ -124.278507692783847, 53.655126299191835 ], [ -124.278922330047621, 53.654660425019735 ], [ -124.279280984604682, 53.654344972302596 ], [ -124.279765133383123, 53.654065132181273 ], [ -124.280384260276165, 53.653745896389502 ], [ -124.281138360812676, 53.6533872538606 ], [ -124.281810860540688, 53.652943580472488 ], [ -124.282087137675134, 53.652463197452114 ], [ -124.281967219929399, 53.651946116695044 ], [ -124.281584340858558, 53.651461799174541 ], [ -124.281335368611494, 53.651013015880714 ], [ -124.281218379169729, 53.650536841577967 ], [ -124.28127105553655, 53.650142637292895 ], [ -124.281337743310161, 53.649957793921075 ], [ -124.281368047217256, 53.649803138165481 ], [ -124.281493188200557, 53.649666309673748 ], [ -124.281708296317234, 53.649435075007858 ], [ -124.282196848777971, 53.649171046982147 ], [ -124.282572632737228, 53.64885037151123 ], [ -124.28283701359787, 53.648532920092087 ], [ -124.282724916875893, 53.648107632532614 ], [ -124.282614586835578, 53.647629394367748 ], [ -124.282628404556675, 53.647142843226575 ], [ -124.282764781013896, 53.646706901940476 ], [ -124.28302187370393, 53.646371552498032 ], [ -124.283277303344519, 53.646092148319084 ], [ -124.283649400160201, 53.64589040151067 ], [ -124.283677024956575, 53.645305805279818 ], [ -124.283699191844974, 53.644541497094067 ], [ -124.283714163349501, 53.644037948736518 ], [ -124.283722574605719, 53.643318727906731 ], [ -124.283748839987439, 53.642689203161595 ], [ -124.283758070446595, 53.641996938751497 ], [ -124.284879849266943, 53.642074799229739 ], [ -124.286003006513326, 53.642197577277862 ], [ -124.287150313990097, 53.642285121994362 ], [ -124.28830489188833, 53.642280692938236 ], [ -124.289432452539288, 53.64254721722186 ], [ -124.29053362782075, 53.64293985920532 ], [ -124.291259951299395, 53.643276613608528 ], [ -124.292001593104928, 53.643619184221279 ], [ -124.292888158145956, 53.64402810399708 ], [ -124.293901131577272, 53.644392708580192 ], [ -124.295033641430436, 53.644653135836727 ], [ -124.295760581426137, 53.64495289522641 ], [ -124.296104672580213, 53.645147293612524 ], [ -124.296499541376662, 53.645370380072315 ], [ -124.296917427099288, 53.645668191273181 ], [ -124.297250543036597, 53.645905590306867 ], [ -124.297419288090651, 53.646002260864243 ], [ -124.297953464893084, 53.64630827396423 ], [ -124.298390128048524, 53.646558426571623 ], [ -124.298904928894217, 53.646900426958418 ], [ -124.2992593537505, 53.647274119853442 ], [ -124.299453368081529, 53.647679524152352 ], [ -124.299439414998574, 53.648210030355727 ], [ -124.300582338870072, 53.647984880151625 ], [ -124.301738455897819, 53.647861446914355 ], [ -124.30288550166857, 53.647879930487463 ], [ -124.30401685956312, 53.647989466990055 ], [ -124.305120900325235, 53.648139238448927 ], [ -124.306246813595877, 53.648180893366707 ], [ -124.306605179453015, 53.647701555531093 ], [ -124.30704946740039, 53.647228271713161 ], [ -124.307787802513104, 53.647294120457026 ], [ -124.30859574744396, 53.647328239367809 ], [ -124.309623741268737, 53.647140211134897 ], [ -124.310683774777175, 53.646846953558807 ], [ -124.311703256504828, 53.647197351151128 ], [ -124.312473509362761, 53.647641358231432 ], [ -124.31286229808947, 53.64814348514669 ], [ -124.312747242258325, 53.648715062712874 ], [ -124.311999251236102, 53.649313548458565 ], [ -124.310750516802671, 53.649974445071166 ], [ -124.312532738155511, 53.649873012042605 ], [ -124.314059787092475, 53.650000092152084 ], [ -124.315331702192523, 53.650355677418624 ], [ -124.316452340347837, 53.650279432848826 ], [ -124.317582886126132, 53.650252016423607 ], [ -124.318723374144469, 53.650273419331093 ], [ -124.319851589941166, 53.650225027715514 ], [ -124.320593610848178, 53.650352679167668 ], [ -124.321345979390571, 53.650381333389774 ], [ -124.322244766634867, 53.650361425529724 ], [ -124.323289479229089, 53.650330906323191 ], [ -124.324409585314328, 53.650345488984499 ], [ -124.324799112296432, 53.650865538663382 ], [ -124.325312248988411, 53.65136026314579 ], [ -124.325946252143595, 53.651741770246424 ], [ -124.326701134363944, 53.652010076228379 ], [ -124.327828991656204, 53.651841760758778 ], [ -124.328945750048248, 53.65142784788474 ], [ -124.330051389486727, 53.650768355708877 ], [ -124.329860011255121, 53.65067666072693 ], [ -124.329554141595722, 53.650530097978113 ], [ -124.328914593157677, 53.650223647536244 ], [ -124.329028048138071, 53.649821868751175 ], [ -124.329396780439907, 53.649519140215801 ], [ -124.330149335137136, 53.649393917646535 ], [ -124.331158998193345, 53.649425649392597 ], [ -124.331671636946936, 53.648835646264558 ], [ -124.332317879161806, 53.648271129568037 ], [ -124.332805657037412, 53.647853199184809 ], [ -124.33342249012864, 53.647476771631958 ], [ -124.334041068274189, 53.647049389333688 ], [ -124.334533164193374, 53.646556486955767 ], [ -124.335531884064267, 53.646243712257437 ], [ -124.336277653098264, 53.645905795249618 ], [ -124.336646283552014, 53.645443222917848 ], [ -124.336889266679449, 53.644888175067976 ], [ -124.337262951576179, 53.644266746587171 ], [ -124.33800452607133, 53.643798018056017 ], [ -124.338988970821205, 53.643462402183943 ], [ -124.340101767600359, 53.643252183468483 ], [ -124.341229881270479, 53.643047777933695 ], [ -124.342373095583852, 53.643002002249879 ], [ -124.343497940101145, 53.643013355355926 ], [ -124.344131230138061, 53.64257776300628 ], [ -124.344634643710535, 53.642128647653223 ], [ -124.345392422088509, 53.641697638104688 ], [ -124.346130434688618, 53.641332770992456 ], [ -124.347002937773908, 53.641127192402934 ], [ -124.348009939326005, 53.641080899437021 ], [ -124.349228878249079, 53.641145064968569 ], [ -124.350458134493522, 53.641164165884248 ], [ -124.350370896698251, 53.64095839758285 ], [ -124.350258859440842, 53.64076589419939 ], [ -124.350320097758228, 53.640578431321721 ], [ -124.350578248823112, 53.640346792697876 ], [ -124.351109005223975, 53.64007212705107 ], [ -124.351764371598563, 53.639753101795165 ], [ -124.352536556916732, 53.639540473483223 ], [ -124.3533427199621, 53.639366250328315 ], [ -124.353715358697471, 53.639264878436599 ], [ -124.353905869526116, 53.63921015782217 ], [ -124.353943632004274, 53.639217713368872 ], [ -124.354003393630492, 53.639224181979088 ], [ -124.354058950624534, 53.639227679602385 ], [ -124.354132629861255, 53.639222642021615 ], [ -124.354222019145723, 53.639204859028546 ], [ -124.354322406818454, 53.639161501720473 ], [ -124.354468521232562, 53.63903384304551 ], [ -124.354740380457201, 53.638807520264805 ], [ -124.355142661598933, 53.638495369875443 ], [ -124.355896379564555, 53.638100300230377 ], [ -124.356374804469027, 53.637873144082349 ], [ -124.356865563620474, 53.637663822518775 ], [ -124.357308548582694, 53.637536944675375 ], [ -124.357882244333311, 53.637555409383594 ], [ -124.358519972692804, 53.637684014953116 ], [ -124.359413141226696, 53.637811707420433 ], [ -124.360428201352761, 53.637914037284617 ], [ -124.360817294191364, 53.638254198071799 ], [ -124.361233006579639, 53.638533133307497 ], [ -124.361558054123407, 53.638763158247102 ], [ -124.361796419221506, 53.638910266718966 ], [ -124.361869186522298, 53.639082232841446 ], [ -124.361898550019831, 53.639263680108122 ], [ -124.361854817353063, 53.639470928284247 ], [ -124.361715204993587, 53.639676272997292 ], [ -124.361524041150034, 53.640003058228814 ], [ -124.361116775992073, 53.640404213914074 ], [ -124.360493385977676, 53.640879737603896 ], [ -124.360567467287225, 53.64130139267661 ], [ -124.360202309712406, 53.641549244862418 ], [ -124.359888451140833, 53.641824483068675 ], [ -124.359706351217056, 53.642120205455022 ], [ -124.35963466050795, 53.642399683356906 ], [ -124.359529352051695, 53.642574669893342 ], [ -124.35938856456599, 53.642744069994727 ], [ -124.359227124047635, 53.642898719802453 ], [ -124.359352859486791, 53.643358729987057 ], [ -124.359425846078096, 53.643903251434431 ], [ -124.359442023437282, 53.6444064613557 ], [ -124.35983285147968, 53.645112170967671 ], [ -124.360227781079914, 53.645787862478095 ], [ -124.360496552726687, 53.646461000582818 ], [ -124.360635087931641, 53.647161585042134 ], [ -124.3612743851441, 53.647437976167247 ], [ -124.36178876718391, 53.647750740987611 ], [ -124.361802663283513, 53.648182066726136 ], [ -124.361801447082598, 53.648613562131587 ], [ -124.361815058835987, 53.649035893428668 ], [ -124.361829240753778, 53.649476204263465 ], [ -124.361848060452076, 53.65006029021103 ], [ -124.361846259243777, 53.65047381443086 ], [ -124.361986002170042, 53.650949652600069 ], [ -124.362371098482811, 53.651317823679214 ], [ -124.363125130075971, 53.651552944604738 ], [ -124.364119565107956, 53.651526634783657 ], [ -124.365233116704729, 53.651337157968364 ], [ -124.366360928892732, 53.651120535787165 ], [ -124.367501963319796, 53.651001632883577 ], [ -124.368643738931127, 53.651061496823672 ], [ -124.369786285526459, 53.651300127779329 ], [ -124.369800265260594, 53.651731451959286 ], [ -124.369822111307329, 53.652405389701308 ], [ -124.369832302280798, 53.652719895055377 ], [ -124.369829130753402, 53.65308848330524 ], [ -124.369714735183265, 53.653501298209342 ], [ -124.369599329091145, 53.653883166306443 ], [ -124.369482928215248, 53.654234078855787 ], [ -124.369742254964081, 53.65445384323256 ], [ -124.370130920969359, 53.654722066626171 ], [ -124.370648960391449, 53.655038748174341 ], [ -124.370754606687456, 53.655244480238409 ], [ -124.370918173903732, 53.655563034119353 ], [ -124.37106182066745, 53.656103735825504 ], [ -124.371065369644768, 53.65667900436825 ], [ -124.371083732067873, 53.657245116379904 ], [ -124.371099951754132, 53.658064111586285 ], [ -124.371107398033132, 53.65844040844209 ], [ -124.371657669687508, 53.658163632178244 ], [ -124.372082650058957, 53.657949875813117 ], [ -124.372086828167923, 53.657947763440987 ], [ -124.372816577112758, 53.657430009804045 ], [ -124.372883340518584, 53.657333277959921 ], [ -124.373173071653014, 53.656913538295143 ], [ -124.37328115169241, 53.656410902228423 ], [ -124.373265378452984, 53.655925667214909 ], [ -124.374414922640241, 53.655909479991685 ], [ -124.375567553582869, 53.655833313405083 ], [ -124.376581034320949, 53.655666852566625 ], [ -124.377328691924035, 53.655443512785581 ], [ -124.377450206899482, 53.655372841904743 ], [ -124.377810512439282, 53.655163298817783 ], [ -124.378313197764626, 53.654698064419932 ], [ -124.378945331107516, 53.65423333405522 ], [ -124.380069139442298, 53.653893774613053 ], [ -124.381220123415233, 53.653461002880526 ], [ -124.3822189820294, 53.653620270554732 ], [ -124.382297023438682, 53.653652418731234 ], [ -124.382805647283121, 53.653861923240299 ], [ -124.383103498901633, 53.653984611112925 ], [ -124.383867859214789, 53.654427232573696 ], [ -124.384752005922095, 53.654779571337556 ], [ -124.385752906268436, 53.654948776809221 ], [ -124.386905659878153, 53.65503131704029 ], [ -124.388033196334788, 53.65511413419285 ], [ -124.389187541857751, 53.655244565205393 ], [ -124.390345834168215, 53.655341989990475 ], [ -124.391090959289272, 53.654941800081382 ], [ -124.391543373458859, 53.654639902867736 ], [ -124.391814221018549, 53.654439989912461 ], [ -124.392108936035555, 53.654352663272583 ], [ -124.392625826689766, 53.654272736578768 ], [ -124.393224137427893, 53.653602575956079 ], [ -124.393698909226728, 53.652857937078188 ], [ -124.393022851997557, 53.652495244566175 ], [ -124.392610833749217, 53.65208353940298 ], [ -124.392462833319058, 53.651622815125911 ], [ -124.392461967936555, 53.651137408297572 ], [ -124.392573151500244, 53.650429957890601 ], [ -124.392920025536384, 53.649681812130702 ], [ -124.39354126058295, 53.648995401805138 ], [ -124.393599010162518, 53.648959982175242 ], [ -124.394207176234431, 53.648586978076672 ], [ -124.394210251584013, 53.648585092178564 ], [ -124.394756833425319, 53.648438894346626 ], [ -124.395142314779648, 53.64845437746812 ], [ -124.395632675489111, 53.648540551513626 ], [ -124.396238425963688, 53.648557457900964 ], [ -124.397078437747084, 53.648439783156554 ], [ -124.39809815768389, 53.648266074053197 ], [ -124.39924300908126, 53.648114859913242 ], [ -124.400394124324578, 53.648051461256593 ], [ -124.401491636287815, 53.647993673239021 ], [ -124.402612245122668, 53.647872677676233 ], [ -124.40375240139582, 53.647580641962456 ], [ -124.403734498316794, 53.647041497642036 ], [ -124.402577056265471, 53.646812359178377 ], [ -124.402191700315583, 53.646445321332401 ], [ -124.401799506741909, 53.646024419431761 ], [ -124.40153079330679, 53.645474227006353 ], [ -124.401518054657544, 53.644938018718094 ], [ -124.401761280940519, 53.644415794657881 ], [ -124.402130574932656, 53.643994961230334 ], [ -124.402500252906009, 53.643586115883771 ], [ -124.40287940950698, 53.643159182207867 ], [ -124.403255119759251, 53.642780227327094 ], [ -124.403621961119114, 53.642337450142882 ], [ -124.403877851879798, 53.64194484012846 ], [ -124.403983415702513, 53.641782862238799 ], [ -124.404449404104923, 53.641288986033963 ], [ -124.404617469403348, 53.64112023048073 ], [ -124.404898330711404, 53.640838245739957 ], [ -124.405462172882707, 53.640508014440805 ], [ -124.406033700837341, 53.640206655409273 ], [ -124.406814112158571, 53.640020698428749 ], [ -124.407547850462322, 53.639796326008423 ], [ -124.408278191801244, 53.639470115620803 ], [ -124.409040162702695, 53.639185481103972 ], [ -124.409678555987796, 53.638824383029373 ], [ -124.410194976609006, 53.638434762995594 ], [ -124.411304590128452, 53.638143014712838 ], [ -124.412283360943107, 53.637859793380237 ], [ -124.41301294083884, 53.637512588276472 ], [ -124.413493302362554, 53.637101403526763 ], [ -124.414653153262449, 53.637107677988134 ], [ -124.41580529755511, 53.637184945812734 ], [ -124.416699959717135, 53.637402086533399 ], [ -124.417380836613674, 53.637558831919442 ], [ -124.417649673477143, 53.637456760643985 ], [ -124.418023154749605, 53.637317502041633 ], [ -124.418366386780491, 53.637178595632577 ], [ -124.418679682275837, 53.637049027111765 ], [ -124.418977257601625, 53.636901673013803 ], [ -124.419290846165055, 53.636781097072998 ], [ -124.419560283046167, 53.636697001103343 ], [ -124.419816615209783, 53.636623039469185 ], [ -124.420269096073937, 53.636484834558651 ], [ -124.420876312340923, 53.636249901462904 ], [ -124.421444617272215, 53.635757732200851 ], [ -124.421891137236656, 53.635392857461845 ], [ -124.422215910139442, 53.635155270106445 ], [ -124.422541567675054, 53.635044534324912 ], [ -124.422955823128959, 53.63496968888483 ], [ -124.42375623143073, 53.634933207664943 ], [ -124.424856206697797, 53.634910128085302 ], [ -124.425971041502208, 53.634828927060774 ], [ -124.427082672260525, 53.634602933163215 ], [ -124.427570658394004, 53.634273503941905 ], [ -124.428211475886059, 53.634886121247689 ], [ -124.429353230505853, 53.634905452608869 ], [ -124.430482961127083, 53.634966868703678 ], [ -124.431279627062835, 53.634969323628788 ], [ -124.431902030919332, 53.634887969256681 ], [ -124.432522286792391, 53.634792654507685 ], [ -124.433120603093698, 53.634644658662879 ], [ -124.433932058620982, 53.634587997030948 ], [ -124.434791980776893, 53.634473809384424 ], [ -124.435695568422261, 53.634309157848691 ], [ -124.436541821434787, 53.634040313870521 ], [ -124.437158365100757, 53.633737264189513 ], [ -124.437525732830366, 53.633421225440458 ], [ -124.43764394541391, 53.633092191150382 ], [ -124.43788915488328, 53.632791605326474 ], [ -124.438522577305591, 53.63254128529907 ], [ -124.439544207997457, 53.632341224922719 ], [ -124.439539131341931, 53.631747991664156 ], [ -124.440679093790905, 53.631914057063526 ], [ -124.441226318848933, 53.631995364174564 ], [ -124.441990655814394, 53.631938214420586 ], [ -124.442972081059906, 53.631742603436841 ], [ -124.443167342469536, 53.631407646486345 ], [ -124.443391165429503, 53.631171227040454 ], [ -124.443643566189081, 53.631033345165022 ], [ -124.443928038477267, 53.630949005337513 ], [ -124.444317403294193, 53.63083644003369 ], [ -124.444721584496378, 53.630714699297258 ], [ -124.444962954339417, 53.63059891838418 ], [ -124.445129786736857, 53.630416118087425 ], [ -124.445175492666138, 53.630130906901044 ], [ -124.445224931048259, 53.62974602705151 ], [ -124.445395712366107, 53.629299271584657 ], [ -124.445734434602457, 53.628826049684108 ], [ -124.445811801274232, 53.628747809332104 ], [ -124.445835147117435, 53.628731046245612 ], [ -124.445987179460076, 53.62865299535239 ], [ -124.4461143043318, 53.628588030102328 ], [ -124.446271521363144, 53.628522191479931 ], [ -124.446434468169016, 53.628459205652909 ], [ -124.446584447559303, 53.628392708005947 ], [ -124.446761465687104, 53.628315294109953 ], [ -124.446906860772245, 53.628245671123317 ], [ -124.447119394629567, 53.628161313786286 ], [ -124.447370453438353, 53.628074712998099 ], [ -124.447655581231444, 53.627977259712537 ], [ -124.44791665194127, 53.627857703971102 ], [ -124.448158090487894, 53.627724663280063 ], [ -124.448440375618077, 53.627577424810433 ], [ -124.44868357919789, 53.627466608142342 ], [ -124.448916392977182, 53.627346926075219 ], [ -124.449184175841566, 53.627217836955168 ], [ -124.449452564938809, 53.627106708659255 ], [ -124.44978173471759, 53.627003842368381 ], [ -124.450049816621572, 53.626883736488175 ], [ -124.450287354075897, 53.626755006238447 ], [ -124.45058535296279, 53.626625543366899 ], [ -124.450854357508078, 53.62653239144381 ], [ -124.451168704111197, 53.626438687292314 ], [ -124.451496936971466, 53.626308851522488 ], [ -124.451795233213886, 53.626188370808066 ], [ -124.452094775053467, 53.626103839461699 ], [ -124.452408811590075, 53.626001137886313 ], [ -124.452752764939802, 53.625889097009626 ], [ -124.453006016601677, 53.625778150668928 ], [ -124.453333614235731, 53.625630339249973 ], [ -124.453615867038835, 53.625483088449094 ], [ -124.45388362381911, 53.625353979758493 ], [ -124.454213073711472, 53.625260086398818 ], [ -124.454497790315031, 53.625184706446056 ], [ -124.454781895750855, 53.625091364395907 ], [ -124.455126445562257, 53.624997278075725 ], [ -124.45539512450307, 53.624895130698164 ], [ -124.455648683388475, 53.624793164104737 ], [ -124.456177586171378, 53.625320101766071 ], [ -124.456674761375254, 53.62580346935124 ], [ -124.457274644942089, 53.626194688974657 ], [ -124.457807688058026, 53.626596714471077 ], [ -124.458467210998037, 53.626963240273476 ], [ -124.459108641374044, 53.627292017904956 ], [ -124.459856127383972, 53.627528615505007 ], [ -124.460598505129255, 53.627714329667029 ], [ -124.461114223154908, 53.628002677236005 ], [ -124.46150268377049, 53.62830357585171 ], [ -124.461762746511823, 53.628584063057673 ], [ -124.462402532284855, 53.628814966717862 ], [ -124.463295290905364, 53.629023793298622 ], [ -124.464309109570422, 53.629186185735357 ], [ -124.465072833576798, 53.629404565423954 ], [ -124.465461887009283, 53.62972142168676 ], [ -124.465601084207663, 53.63010126805947 ], [ -124.465598727437268, 53.630469861558616 ], [ -124.46561585394528, 53.630964065077833 ], [ -124.465627843919862, 53.631745986410131 ], [ -124.466782921131198, 53.632088410684389 ], [ -124.467624005689416, 53.632260599037416 ], [ -124.468069474697984, 53.632347498431116 ], [ -124.46815850609282, 53.632352590470077 ], [ -124.468081695997938, 53.632583083845304 ], [ -124.468006821631818, 53.633030683125639 ], [ -124.467933851584192, 53.633695387805922 ], [ -124.468578828618917, 53.634120960035496 ], [ -124.468969703958038, 53.634487725105082 ], [ -124.469233005325862, 53.634859051291834 ], [ -124.469495196060336, 53.635246361981459 ], [ -124.469882492508646, 53.635655115531051 ], [ -124.470268342585726, 53.636021937061422 ], [ -124.470817124758469, 53.636192983746639 ], [ -124.47128061861757, 53.636279186396585 ], [ -124.471658806317038, 53.636280527899103 ], [ -124.472065872013559, 53.636242556494707 ], [ -124.472752709797277, 53.636227119015928 ], [ -124.473648860522189, 53.636238062924981 ], [ -124.474780051247734, 53.636290052405336 ], [ -124.475936955275856, 53.636356699640082 ], [ -124.477068377803107, 53.636270824974908 ], [ -124.477819030058242, 53.635677253575238 ], [ -124.478515247331401, 53.635209196981059 ], [ -124.479377449474967, 53.634779034895772 ], [ -124.480405663695365, 53.634386773097731 ], [ -124.481528839132025, 53.634067242565678 ], [ -124.482483596490482, 53.63426517364266 ], [ -124.483082387579969, 53.634375614868297 ], [ -124.483587880032488, 53.634413300124507 ], [ -124.484143987573333, 53.634313509988573 ], [ -124.48488929958684, 53.634145454889989 ], [ -124.485521137235637, 53.633952834742409 ], [ -124.486052618846884, 53.633678551285087 ], [ -124.486833367139909, 53.634232192553711 ], [ -124.487601731414017, 53.634720052318407 ], [ -124.488357722120085, 53.635142148967319 ], [ -124.489005458050741, 53.635639491781134 ], [ -124.489528030111714, 53.636161361581863 ], [ -124.489534113197323, 53.636763576351498 ], [ -124.490551495896341, 53.636827819753194 ], [ -124.491316255532183, 53.636782335131613 ], [ -124.491828417222834, 53.636627127702504 ], [ -124.491943757402453, 53.636228159338536 ], [ -124.492316827620542, 53.635941841216592 ], [ -124.492947640754466, 53.635768171158617 ], [ -124.493584789477879, 53.636201698507058 ], [ -124.494098192701799, 53.636652757437624 ], [ -124.494225195484688, 53.637155575439209 ], [ -124.494475624527894, 53.637630877632589 ], [ -124.494973868358329, 53.637985235159221 ], [ -124.495602832979898, 53.638186125383193 ], [ -124.496362497556262, 53.638233564011024 ], [ -124.496364553008803, 53.638718962994652 ], [ -124.49638268925807, 53.639231130623365 ], [ -124.496385058938699, 53.639725514432932 ], [ -124.49640542353778, 53.640300586355629 ], [ -124.49638376090742, 53.640733342268348 ], [ -124.496274562263181, 53.641067318424341 ], [ -124.49607782692658, 53.641302496706878 ], [ -124.495887620128656, 53.641484658961609 ], [ -124.495680911695018, 53.641628081023796 ], [ -124.495478048185959, 53.641737491067701 ], [ -124.495294557990945, 53.641824682560561 ], [ -124.494507446463501, 53.642239033196105 ], [ -124.494234028594377, 53.642350314777339 ], [ -124.493916097102371, 53.642438188816207 ], [ -124.493568852001957, 53.642505445491921 ], [ -124.49308076975322, 53.642535506539716 ], [ -124.492842104616358, 53.642726259443684 ], [ -124.492550321863732, 53.642888709812823 ], [ -124.492205436625838, 53.643022857455399 ], [ -124.491831838523495, 53.643153361990265 ], [ -124.491534490612523, 53.643300896863934 ], [ -124.491237766339992, 53.64346640104251 ], [ -124.49087991190386, 53.643614695709481 ], [ -124.490521117106155, 53.643736025258569 ], [ -124.490177446032064, 53.643857159018928 ], [ -124.489834070057483, 53.643987285582746 ], [ -124.489505505024567, 53.64410824046309 ], [ -124.489192064035407, 53.644228999852672 ], [ -124.488878948762476, 53.644358743636104 ], [ -124.488580614643979, 53.644479315635152 ], [ -124.489081223859159, 53.644947531352337 ], [ -124.489713681571644, 53.645436068907635 ], [ -124.490873495119985, 53.646005939458419 ], [ -124.492018133415797, 53.646240385547337 ], [ -124.493157417076631, 53.646417953711222 ], [ -124.494285581838213, 53.646233081042354 ], [ -124.4953664449217, 53.645994846541853 ], [ -124.496520967068818, 53.646175191326037 ], [ -124.497670956554202, 53.646274674329419 ], [ -124.498801474872266, 53.646299472339322 ], [ -124.49994983451802, 53.646258120168355 ], [ -124.501096955382394, 53.646134872360946 ], [ -124.502217525470741, 53.645927046189982 ], [ -124.503328587646891, 53.64568836526567 ], [ -124.504482714869383, 53.645667872248723 ], [ -124.50562096247404, 53.645626590668584 ], [ -124.506743343969617, 53.645564521165916 ], [ -124.507239269754791, 53.645989773952152 ], [ -124.50799277486837, 53.646283921720602 ], [ -124.509139999454931, 53.646352363976177 ], [ -124.510453017342215, 53.646214949465161 ], [ -124.511640468200099, 53.645857359269691 ], [ -124.512566235612567, 53.645374224053363 ], [ -124.513191885078058, 53.644913851016121 ], [ -124.514023190961083, 53.644563745348471 ], [ -124.51506015498957, 53.644323893856566 ], [ -124.516183008458171, 53.644135882637009 ], [ -124.517319354870949, 53.64390273758714 ], [ -124.517833838990825, 53.643484704365434 ], [ -124.518598567063606, 53.643295213484308 ], [ -124.519613563060275, 53.643334269350184 ], [ -124.519732638227936, 53.642625596241352 ], [ -124.520115831523484, 53.642063381531024 ], [ -124.520870392650238, 53.641779127547835 ], [ -124.521862988619162, 53.64166363346218 ], [ -124.522977419311232, 53.641664442167325 ], [ -124.524106426555292, 53.641650066412716 ], [ -124.525121587920481, 53.64164812580735 ], [ -124.525880450488557, 53.641437686681726 ], [ -124.526383021308732, 53.64101877195845 ], [ -124.526382249814944, 53.640578299087316 ], [ -124.526495344243727, 53.640126383313806 ], [ -124.526868319511678, 53.639796013392768 ], [ -124.527501142717043, 53.639587177613812 ], [ -124.528642404937401, 53.639494698728114 ], [ -124.529791068292056, 53.63946803505479 ], [ -124.530923764366264, 53.639417600576607 ], [ -124.53205535570919, 53.639337196275974 ], [ -124.533174546236012, 53.639331856396602 ], [ -124.534293092314698, 53.639308536203181 ], [ -124.535435621222661, 53.63925193227886 ], [ -124.536586391416009, 53.639144275033111 ], [ -124.537594635964922, 53.638907590830328 ], [ -124.538354608985912, 53.638592183821295 ], [ -124.53886632695945, 53.638198058886772 ], [ -124.539946743353312, 53.637959430488245 ], [ -124.541090228095513, 53.637791893974288 ], [ -124.542215193897803, 53.637669527951559 ], [ -124.543354173453963, 53.637654851528858 ], [ -124.544507161010131, 53.637747846205393 ], [ -124.544499637903897, 53.637127673798865 ], [ -124.544493087768416, 53.636534455963101 ], [ -124.545636597393695, 53.636231033098696 ], [ -124.546650237721195, 53.636099081455164 ], [ -124.547411315947173, 53.636230080323394 ], [ -124.547797644950364, 53.636591656823526 ], [ -124.547931945287672, 53.637092329367036 ], [ -124.547935914276238, 53.637613658377532 ], [ -124.54904817036838, 53.637832995843389 ], [ -124.550171920633545, 53.637953286157817 ], [ -124.550550401873849, 53.63754985377323 ], [ -124.550929650789797, 53.637167385052507 ], [ -124.551309667930326, 53.636805879998292 ], [ -124.551783236152787, 53.636475119190287 ], [ -124.552375780354879, 53.636180777805492 ], [ -124.552371037363201, 53.635639470322687 ], [ -124.552365870673057, 53.635087186848573 ], [ -124.552887711418791, 53.63460697332517 ], [ -124.553644075444197, 53.634335462797679 ], [ -124.554634969190516, 53.634272659851433 ], [ -124.554631258942266, 53.633760306460267 ], [ -124.554616062950885, 53.633346990197978 ], [ -124.554612679409331, 53.632843621505799 ], [ -124.55461161067052, 53.632403156320144 ], [ -124.554737421724496, 53.631940058512697 ], [ -124.555114654058102, 53.631550614991845 ], [ -124.555865162204213, 53.631259185063762 ], [ -124.556859452531597, 53.631016526464343 ], [ -124.555884999310706, 53.630806880814696 ], [ -124.555032102405704, 53.630580096069011 ], [ -124.554955973499304, 53.630556814374131 ], [ -124.554819877226024, 53.630529080094419 ], [ -124.554742730701463, 53.630512445513475 ], [ -124.554570421472945, 53.630492116412604 ], [ -124.554407924844568, 53.630487895615303 ], [ -124.554097946289929, 53.6304695961026 ], [ -124.553686197600371, 53.630395795077078 ], [ -124.553292500006663, 53.630299767303001 ], [ -124.553065335548283, 53.630201278612525 ], [ -124.552794356592386, 53.630067017114442 ], [ -124.552309507105491, 53.629844078731935 ], [ -124.551333821055835, 53.629952613499086 ], [ -124.550474527386172, 53.629981729929789 ], [ -124.549653412732226, 53.629860517318043 ], [ -124.548804711922585, 53.629719676103953 ], [ -124.547854464967756, 53.629605122590135 ], [ -124.547720040032246, 53.629100458027381 ], [ -124.547584020177695, 53.628551863767498 ], [ -124.547577211109541, 53.627952654033066 ], [ -124.547832039100527, 53.627340072615254 ], [ -124.546652059606686, 53.62732836032086 ], [ -124.545546658998191, 53.627288699406222 ], [ -124.545543060295117, 53.62677635320928 ], [ -124.546672314998787, 53.626504066326532 ], [ -124.547802511082537, 53.626395562569236 ], [ -124.548802594421886, 53.626266755964032 ], [ -124.549549740003187, 53.626068307701679 ], [ -124.550042052317025, 53.625747299514487 ], [ -124.550038724079727, 53.625243938061601 ], [ -124.550422249720313, 53.624843434616231 ], [ -124.55080544251183, 53.624433944937117 ], [ -124.55118828706685, 53.624015468839382 ], [ -124.551771974441053, 53.623438570518324 ], [ -124.552120082237749, 53.622897683760733 ], [ -124.552232590186435, 53.622392810279614 ], [ -124.55223353184148, 53.622006253182391 ], [ -124.55187304758941, 53.621522501940809 ], [ -124.551514214998676, 53.621083674443518 ], [ -124.551157048011504, 53.620689770913465 ], [ -124.551265794162987, 53.620264856768159 ], [ -124.551499075949877, 53.619846316738169 ], [ -124.551851110882055, 53.619413258922982 ], [ -124.552081224821706, 53.618816968252936 ], [ -124.552195243955325, 53.618078354948366 ], [ -124.552190572585488, 53.617539042957262 ], [ -124.552067534225017, 53.61707019176918 ], [ -124.551703487250876, 53.616625438628027 ], [ -124.551098438404381, 53.616204790307549 ], [ -124.551092464207201, 53.615629537784578 ], [ -124.551208455349666, 53.615173563872041 ], [ -124.55144507625144, 53.61480092802681 ], [ -124.551932344845099, 53.614529919183155 ], [ -124.552550292805719, 53.614295176352591 ], [ -124.553331296778552, 53.614018348080272 ], [ -124.554062363793207, 53.613754158878521 ], [ -124.554687802187331, 53.613495322240922 ], [ -124.555314832830362, 53.613234466999174 ], [ -124.555943455601891, 53.612971593127504 ], [ -124.556838818462978, 53.612745204323843 ], [ -124.557887752787579, 53.612538774224284 ], [ -124.557881031674711, 53.611945560183749 ], [ -124.557876941615945, 53.611424216962028 ], [ -124.558975643285564, 53.611293049045159 ], [ -124.560121985432161, 53.611224173248402 ], [ -124.560114905788211, 53.610621965080966 ], [ -124.559425441981176, 53.610463149017889 ], [ -124.55894822436322, 53.610229650209881 ], [ -124.558683252245586, 53.609921462214594 ], [ -124.558365300880311, 53.60990762900007 ], [ -124.557991810520576, 53.609890517356057 ], [ -124.557629407689859, 53.609901225239241 ], [ -124.557278106511134, 53.609939761891951 ], [ -124.557327381471808, 53.609498636056898 ], [ -124.557517889863547, 53.609061659820284 ], [ -124.557714481620479, 53.608607628070089 ], [ -124.557846533188538, 53.608134461600784 ], [ -124.557314262945468, 53.607681932590609 ], [ -124.556533560718123, 53.607323519445984 ], [ -124.555633956680921, 53.607157430465982 ], [ -124.554822976142106, 53.607162973416692 ], [ -124.554275371508936, 53.607251994297087 ], [ -124.553784735327611, 53.60729132853676 ], [ -124.553264912298829, 53.607268112704233 ], [ -124.552083463535425, 53.606789019786873 ], [ -124.552082422061616, 53.606348549771525 ], [ -124.552064300150576, 53.605854363031909 ], [ -124.552191889425046, 53.60534929258489 ], [ -124.552572795646441, 53.604928842523002 ], [ -124.553328123640668, 53.604643359968989 ], [ -124.554210478972934, 53.604433129709214 ], [ -124.55509878366027, 53.604247792770465 ], [ -124.555723941616066, 53.604122803542282 ], [ -124.55630670870093, 53.604169158667254 ], [ -124.556746211277826, 53.604384189788746 ], [ -124.557200769991198, 53.604642961602622 ], [ -124.557527721134846, 53.604765557974702 ], [ -124.557827926544093, 53.604754656887636 ], [ -124.55811166280408, 53.604661068911255 ], [ -124.55841083607443, 53.604576261922404 ], [ -124.558716129936883, 53.604521348251204 ], [ -124.559026921377608, 53.604478349276143 ], [ -124.559327182099267, 53.604423489960794 ], [ -124.559642007213881, 53.604353469342442 ], [ -124.559927388398989, 53.604304802177694 ], [ -124.560227864947052, 53.604255930591123 ], [ -124.560528355629259, 53.604207067390611 ], [ -124.560842943936066, 53.604131044472219 ], [ -124.561188422972194, 53.604072601442361 ], [ -124.561488911218447, 53.60402373582577 ], [ -124.561804494680644, 53.603974665514464 ], [ -124.562119078617883, 53.603898648192832 ], [ -124.562402799797496, 53.603805041047721 ], [ -124.562702285858137, 53.603729217242467 ], [ -124.563012204051788, 53.603663242985895 ], [ -124.563345297436499, 53.603588063263111 ], [ -124.563701535688963, 53.603503668556669 ], [ -124.564062380728743, 53.603458954032909 ], [ -124.564432911075826, 53.603439263145901 ], [ -124.56453963298668, 53.603437639667582 ], [ -124.564604050736307, 53.60343711292731 ], [ -124.564678427225545, 53.603443051517992 ], [ -124.564805155689939, 53.603453086837511 ], [ -124.564836229568144, 53.603457430269629 ], [ -124.56509563287787, 53.603530776797058 ], [ -124.565566701897311, 53.603670083794853 ], [ -124.566043681010868, 53.603761202349531 ], [ -124.566449155631503, 53.603781101785508 ], [ -124.566783123588891, 53.603729782831543 ], [ -124.567098369481698, 53.603671722538223 ], [ -124.567399177170742, 53.603631818083642 ], [ -124.56769898191925, 53.603564966738048 ], [ -124.568013552386319, 53.603488924946618 ], [ -124.568314357584299, 53.603449027147569 ], [ -124.56866148159817, 53.603435487553526 ], [ -124.568978728430849, 53.603431332473725 ], [ -124.569281194297176, 53.603436348304051 ], [ -124.569599539005068, 53.603462141467865 ], [ -124.569918338817942, 53.60349990495925 ], [ -124.570237578255515, 53.603549656511952 ], [ -124.570542382183433, 53.603617573221385 ], [ -124.570861623564852, 53.603667314147131 ], [ -124.571135878098801, 53.603726645220164 ], [ -124.571455121016399, 53.603776384560135 ], [ -124.571758264198337, 53.603799373187393 ], [ -124.572499576532422, 53.603412078999149 ], [ -124.572483555236914, 53.602980789839194 ], [ -124.572485974658534, 53.602639154426598 ], [ -124.571729669502076, 53.602757968117501 ], [ -124.57097216276172, 53.602844827193522 ], [ -124.570225878070787, 53.602781710552826 ], [ -124.569478022599654, 53.602630705128959 ], [ -124.568711938992905, 53.602350094413474 ], [ -124.56780794250173, 53.602018342316995 ], [ -124.566800265228366, 53.601742875327986 ], [ -124.565660312294284, 53.601569024078906 ], [ -124.565037921131434, 53.601358419900919 ], [ -124.564617371421235, 53.601111217923133 ], [ -124.564361456691927, 53.600865855821205 ], [ -124.564107529176127, 53.600674403278717 ], [ -124.563801622090068, 53.600575515750357 ], [ -124.563480907761459, 53.600530766166607 ], [ -124.563133026606849, 53.60047738058686 ], [ -124.56272086512098, 53.60041184747412 ], [ -124.562244469389924, 53.600334166709025 ], [ -124.56175732695182, 53.600238643664646 ], [ -124.561441255113394, 53.60009194388816 ], [ -124.561128743937516, 53.599859302697695 ], [ -124.560819780454608, 53.599540710954074 ], [ -124.560236461049413, 53.599158772418868 ], [ -124.559576889201779, 53.599122427841515 ], [ -124.558811602260533, 53.599042499970714 ], [ -124.558456546270946, 53.598702533968854 ], [ -124.558016299393117, 53.598374652962214 ], [ -124.557491080455762, 53.598064863947393 ], [ -124.556756628680134, 53.597726823932049 ], [ -124.555799188503599, 53.597397676529532 ], [ -124.554648141560193, 53.597190904420422 ], [ -124.554628332486814, 53.596651790620193 ], [ -124.554623647013642, 53.59611248298453 ], [ -124.553606961132857, 53.596134674599959 ], [ -124.552724472336863, 53.596245020828498 ], [ -124.552106444223838, 53.5965616765845 ], [ -124.551478028485988, 53.596824531943973 ], [ -124.550828431887226, 53.596967791756079 ], [ -124.550079217307214, 53.59686663378119 ], [ -124.549368389077713, 53.596621136438678 ], [ -124.548612395506453, 53.596334277349833 ], [ -124.547664461101277, 53.59603291093056 ], [ -124.546586227220601, 53.595749197557389 ], [ -124.545459345313205, 53.595512055967035 ], [ -124.545442942018596, 53.595062791458588 ], [ -124.544319040624487, 53.594722723685628 ], [ -124.543300697329016, 53.594422230486273 ], [ -124.542514462882878, 53.59413271353182 ], [ -124.541981349614389, 53.593785999508384 ], [ -124.542231363286263, 53.593459156019549 ], [ -124.542218490381444, 53.593105741046514 ], [ -124.542070847158755, 53.592647176087873 ], [ -124.541919846050391, 53.592096768620912 ], [ -124.541901526519865, 53.591593601227743 ], [ -124.541878944116121, 53.590973608908548 ], [ -124.541120009821952, 53.591155189653684 ], [ -124.540499360415907, 53.59130801415364 ], [ -124.539893861134971, 53.591369747923949 ], [ -124.539295688840213, 53.591402419725981 ], [ -124.538436986332584, 53.591287606008713 ], [ -124.537441096377933, 53.591093657203743 ], [ -124.536319350910944, 53.590993196963289 ], [ -124.535199730752623, 53.590951640639929 ], [ -124.534051751000433, 53.591007317970636 ], [ -124.53290541238708, 53.591154850810376 ], [ -124.531765094825744, 53.591376223147314 ], [ -124.530617501162766, 53.591675574198703 ], [ -124.530369407231177, 53.591407070325715 ], [ -124.53012202456766, 53.591158526806417 ], [ -124.529992672984775, 53.590877507615168 ], [ -124.529743971970603, 53.590592027344421 ], [ -124.529615679552748, 53.590201131131188 ], [ -124.529490536819168, 53.589757246780394 ], [ -124.529469115862014, 53.589164216175845 ], [ -124.529450291005773, 53.588643066844213 ], [ -124.529438931998499, 53.588328585537113 ], [ -124.529424978059595, 53.587942213780188 ], [ -124.529529552227942, 53.587537347223126 ], [ -124.529751337831826, 53.587078044625748 ], [ -124.530090544001965, 53.586570295395866 ], [ -124.530312292677792, 53.586109996329668 ], [ -124.530416329496546, 53.58569114849746 ], [ -124.530529133489935, 53.585282187190842 ], [ -124.530769984169183, 53.584886558872718 ], [ -124.53113844953144, 53.584492300504245 ], [ -124.531374159072868, 53.583954907395466 ], [ -124.531477558369275, 53.583286369573479 ], [ -124.532259804867067, 53.583334282930245 ], [ -124.533027024644696, 53.583198600297031 ], [ -124.533907021731778, 53.582886670429232 ], [ -124.534908707908002, 53.582505254097541 ], [ -124.535119238068461, 53.581737440200655 ], [ -124.53521113107594, 53.580985139939877 ], [ -124.535308450994137, 53.580335651953078 ], [ -124.535527265650771, 53.579704574586408 ], [ -124.535747581778253, 53.579022540928172 ], [ -124.535844715628386, 53.578322111485932 ], [ -124.535823532539752, 53.577738064267812 ], [ -124.537048314882085, 53.578189784227888 ], [ -124.537025811183199, 53.577569796388545 ], [ -124.538264870358404, 53.577305162763039 ], [ -124.538807515306019, 53.577089425924598 ], [ -124.539176059762127, 53.576885909741463 ], [ -124.539644224778002, 53.576653152102161 ], [ -124.540232628472992, 53.576449808347377 ], [ -124.540735747091404, 53.576070762319233 ], [ -124.541367982257341, 53.575689049967316 ], [ -124.542321368684199, 53.575877523578171 ], [ -124.54283298495136, 53.575916879732418 ], [ -124.543290939192545, 53.57586502388488 ], [ -124.543695213172782, 53.575721965421153 ], [ -124.544285044931598, 53.575328804176337 ], [ -124.54475368659601, 53.574926214533875 ], [ -124.544859290713532, 53.574370495106116 ], [ -124.545223541563686, 53.573912315504892 ], [ -124.545976508766827, 53.573575968512912 ], [ -124.546885527081514, 53.573239595672518 ], [ -124.54767792949005, 53.572834798892764 ], [ -124.548080158511794, 53.57226925295307 ], [ -124.548196356294724, 53.571591534550244 ], [ -124.548650551009871, 53.571209092172197 ], [ -124.54935904156784, 53.570897272620691 ], [ -124.550321811053237, 53.570656062260369 ], [ -124.550430719275454, 53.570193183772382 ], [ -124.550789679655097, 53.569685114465955 ], [ -124.551398681939133, 53.569131852058959 ], [ -124.551993429431448, 53.568418957159651 ], [ -124.552462033901563, 53.567652759854305 ], [ -124.553353542034259, 53.567530313691293 ], [ -124.553990308351018, 53.567324271289067 ], [ -124.554357849969662, 53.567097760221863 ], [ -124.554997827372929, 53.56697956463951 ], [ -124.555910242599708, 53.566969698102284 ], [ -124.555887481101394, 53.566349711008854 ], [ -124.555869672587562, 53.565864510666373 ], [ -124.555850544823357, 53.565343369434139 ], [ -124.555830083086761, 53.564786278144751 ], [ -124.555818425802315, 53.564468308119352 ], [ -124.555813253939888, 53.564327602686653 ], [ -124.555790510751038, 53.563708045287527 ], [ -124.555768419809681, 53.563106036754043 ], [ -124.555766036329757, 53.56262961787305 ], [ -124.555744924561907, 53.562054564543828 ], [ -124.555728316680344, 53.561601824881514 ], [ -124.555722509070975, 53.561443570402503 ], [ -124.555707987461247, 53.5610480147921 ], [ -124.555696190727048, 53.560726681290213 ], [ -124.555677324046712, 53.560212587122976 ], [ -124.555657223417398, 53.559664480098711 ], [ -124.555634143279661, 53.559035514769995 ], [ -124.555615021558125, 53.558514371950594 ], [ -124.556725146473951, 53.558366077265781 ], [ -124.557031488306166, 53.558339597181075 ], [ -124.557840530873378, 53.558269652698925 ], [ -124.557567679687722, 53.558005392946946 ], [ -124.557188248308691, 53.557637888095627 ], [ -124.556662208882571, 53.557017468165746 ], [ -124.556509513754719, 53.556904290460906 ], [ -124.556165583756496, 53.556649368774529 ], [ -124.555549335196815, 53.556312779369179 ], [ -124.555650064103602, 53.555766104985942 ], [ -124.555873586604108, 53.555274766122864 ], [ -124.556214403276343, 53.554689008211824 ], [ -124.556549728769326, 53.55395348645434 ], [ -124.555423281541593, 53.553974140457107 ], [ -124.554252548634778, 53.553884483074981 ], [ -124.553141006284591, 53.554082716144933 ], [ -124.552021995354139, 53.554169156343164 ], [ -124.550895554377689, 53.554143821758778 ], [ -124.550874513980858, 53.553568756480807 ], [ -124.549740435469801, 53.55351753959075 ], [ -124.54863761179152, 53.553495867240734 ], [ -124.547566070505965, 53.55350374962407 ], [ -124.546376478291108, 53.553448213705074 ], [ -124.545189227646119, 53.553318728783843 ], [ -124.545551528271915, 53.552490013074582 ], [ -124.546051441484138, 53.551940180660367 ], [ -124.546559153974584, 53.551466154574648 ], [ -124.547074637673475, 53.551067943356934 ], [ -124.547325979258204, 53.550601229629542 ], [ -124.547441144524043, 53.55008034352052 ], [ -124.54741885640847, 53.549469344627347 ], [ -124.547398853735032, 53.54892123345747 ], [ -124.546217802874509, 53.548866595850413 ], [ -124.545038332996128, 53.54876298093243 ], [ -124.545019686423331, 53.548250819511061 ], [ -124.545005806780935, 53.547869886127707 ], [ -124.544995786271713, 53.54759488409924 ], [ -124.544956596598411, 53.54740579037707 ], [ -124.544855397057731, 53.546917487579989 ], [ -124.544743899507338, 53.546644485142536 ], [ -124.544584728900617, 53.546254763178027 ], [ -124.544311324389852, 53.545654990269888 ], [ -124.544292107820866, 53.54512685716216 ], [ -124.544655879757855, 53.544662692045819 ], [ -124.545147161612036, 53.544153926235914 ], [ -124.545776274408823, 53.543654365617371 ], [ -124.546284906472053, 53.54316235284972 ], [ -124.546918829995732, 53.542795565880823 ], [ -124.547403717428963, 53.54238875248749 ], [ -124.54799575647597, 53.541977565829939 ], [ -124.548577248586895, 53.541507564803865 ], [ -124.549442862363406, 53.541149755434809 ], [ -124.550433186419099, 53.540809300632517 ], [ -124.551542312844731, 53.540462300989979 ], [ -124.550424758661947, 53.540440838696433 ], [ -124.549297911652118, 53.540578299610907 ], [ -124.548174222371983, 53.540802607848761 ], [ -124.547139291594831, 53.540977817049729 ], [ -124.545956997579708, 53.541112976848453 ], [ -124.544791096298368, 53.541146025368661 ], [ -124.543792875220021, 53.541316732116222 ], [ -124.542926556200072, 53.541610583434938 ], [ -124.542192149189873, 53.542027591290505 ], [ -124.541424332344576, 53.542356121289536 ], [ -124.540654271291572, 53.542484905248536 ], [ -124.54001103725102, 53.54231939692653 ], [ -124.539623266252775, 53.541984785334463 ], [ -124.53973440967583, 53.541535866740098 ], [ -124.540230542904709, 53.541113963296702 ], [ -124.540856262981507, 53.540705365002943 ], [ -124.541366245299812, 53.54034220206389 ], [ -124.540203608133254, 53.540048546632072 ], [ -124.539069860166222, 53.53981143367325 ], [ -124.537945637177884, 53.539698050000212 ], [ -124.536830929455505, 53.539708386940575 ], [ -124.535689764237787, 53.539543261519789 ], [ -124.534559395928881, 53.539537797816642 ], [ -124.533439841857273, 53.53969199650988 ], [ -124.532299004415222, 53.540000282770912 ], [ -124.531225251960635, 53.540355643546889 ], [ -124.530062185940849, 53.540373524491095 ], [ -124.52890418567786, 53.54043928548986 ], [ -124.527820591059793, 53.540429162431842 ], [ -124.526728450872582, 53.540368199935031 ], [ -124.526707428681419, 53.539784150581703 ], [ -124.525920801603917, 53.539638371356837 ], [ -124.525136125325801, 53.539453610925122 ], [ -124.524380659464356, 53.539148611596502 ], [ -124.523748932521158, 53.538740147538917 ], [ -124.523240945555827, 53.538228220659242 ], [ -124.522047448358208, 53.53861199295725 ], [ -124.520954053378844, 53.538841656009602 ], [ -124.520505756782143, 53.538637598883149 ], [ -124.519869438111471, 53.538520836098108 ], [ -124.519045095280802, 53.538491355703989 ], [ -124.518086036198071, 53.538539498280151 ], [ -124.516946817695896, 53.53861388240238 ], [ -124.516987282550161, 53.539323549161445 ], [ -124.517021003489901, 53.539844513327722 ], [ -124.515922420791142, 53.540352866828627 ], [ -124.515952910006121, 53.54078397695023 ], [ -124.515985651932326, 53.541277984826877 ], [ -124.516016157273143, 53.541709103903678 ], [ -124.516046648437296, 53.542140213743302 ], [ -124.516082929704879, 53.542733060676738 ], [ -124.51552261141758, 53.542675141631577 ], [ -124.515315499858588, 53.54266317398006 ], [ -124.515175239055779, 53.542659270454166 ], [ -124.515101814423176, 53.542663413182382 ], [ -124.514933222122366, 53.542657732003995 ], [ -124.514670879070238, 53.542571468489136 ], [ -124.514558593673868, 53.54252217143388 ], [ -124.514483815097648, 53.542482115943677 ], [ -124.514475993415004, 53.542472741472487 ], [ -124.514386065738478, 53.54244483127885 ], [ -124.514226479689356, 53.54240657127518 ], [ -124.513789641989433, 53.542330621450716 ], [ -124.513594224683246, 53.54246594980151 ], [ -124.513442014760912, 53.542560610398056 ], [ -124.513291017246544, 53.542627024028896 ], [ -124.513199301637542, 53.542665348763165 ], [ -124.513075548076216, 53.542715124371881 ], [ -124.512944660879342, 53.542768118578508 ], [ -124.512854070792415, 53.542820332538312 ], [ -124.512803018567581, 53.542896594704253 ], [ -124.512635163918787, 53.543021947693362 ], [ -124.512232485742643, 53.543201724504172 ], [ -124.511593823507496, 53.543392193427614 ], [ -124.511559202588302, 53.542844272284022 ], [ -124.511529721536135, 53.54244011770195 ], [ -124.511498945323254, 53.542000012257873 ], [ -124.511449238332744, 53.541452279195667 ], [ -124.511441884731468, 53.541245614872992 ], [ -124.511435480493404, 53.541065906627765 ], [ -124.510308077808105, 53.541050184884774 ], [ -124.509187189596688, 53.54107633060238 ], [ -124.508076331339637, 53.541243165722939 ], [ -124.508424213000112, 53.54084024439333 ], [ -124.508771651717367, 53.540425341290174 ], [ -124.508992212171748, 53.539979067784195 ], [ -124.509086318501446, 53.539513422982431 ], [ -124.509053975105559, 53.539028398212217 ], [ -124.508400405712038, 53.538755967259192 ], [ -124.507871421091053, 53.538450005796406 ], [ -124.506878695827751, 53.538589379579122 ], [ -124.506137917863867, 53.538835434068552 ], [ -124.505649085661886, 53.539188182876387 ], [ -124.505172102479648, 53.539496843054735 ], [ -124.504554326406847, 53.5396184807785 ], [ -124.503795763842277, 53.539553111812758 ], [ -124.503038910108671, 53.539440772621468 ], [ -124.502157714007836, 53.5394158862008 ], [ -124.50115218504942, 53.539478458951365 ], [ -124.50001741200262, 53.539537643489922 ], [ -124.499959918206827, 53.538765268811304 ], [ -124.500307543246024, 53.538353385271549 ], [ -124.500653979529531, 53.537908553775353 ], [ -124.500748318518177, 53.537446905710247 ], [ -124.500591720036525, 53.537001388167695 ], [ -124.50018144012769, 53.536494135169036 ], [ -124.499885620439542, 53.536143432342996 ], [ -124.499775431300023, 53.536012794002673 ], [ -124.499530919856198, 53.535781411982647 ], [ -124.499376457341697, 53.535635247889921 ], [ -124.498984097128002, 53.535349507432358 ], [ -124.498708858555645, 53.534914470887536 ], [ -124.498551159400535, 53.534342110587424 ], [ -124.498518941784738, 53.533857081859992 ], [ -124.497363303219061, 53.533795650297705 ], [ -124.496211115192864, 53.533642266850144 ], [ -124.495062415157179, 53.533396940938935 ], [ -124.49277108898157, 53.533030038375344 ], [ -124.492357376364239, 53.532564751800095 ], [ -124.491828347678535, 53.532156835362848 ], [ -124.491425969939698, 53.531774305656093 ], [ -124.491026942716033, 53.53143968233308 ], [ -124.49087585858851, 53.531099962434361 ], [ -124.49046887717671, 53.530729471759635 ], [ -124.489929269225883, 53.530305699143895 ], [ -124.489019158167238, 53.529928490438202 ], [ -124.487994203685517, 53.529622631856725 ], [ -124.48684131583299, 53.529205473509165 ], [ -124.485679128049185, 53.52871350986937 ], [ -124.484539307825941, 53.528716681732497 ], [ -124.483389301494029, 53.528620091682328 ], [ -124.4822291179742, 53.528423721492786 ], [ -124.481705886717947, 53.528081615304956 ], [ -124.480935651210984, 53.527770534114062 ], [ -124.479918415238416, 53.527490473153954 ], [ -124.4792902042565, 53.527550185871846 ], [ -124.4787936598633, 53.527684178145627 ], [ -124.477639425457838, 53.527464730207832 ], [ -124.476544889860293, 53.52722654563091 ], [ -124.475373139708196, 53.527033249910609 ], [ -124.474212029024173, 53.526952688847878 ], [ -124.473089260733602, 53.52705941825991 ], [ -124.471984730641353, 53.527111979095267 ], [ -124.472017575147163, 53.527623973159116 ], [ -124.470890193853378, 53.527694786435738 ], [ -124.469761119937232, 53.52781354990158 ], [ -124.469222808368045, 53.527371688656835 ], [ -124.468560846820679, 53.526989281579063 ], [ -124.467903716217194, 53.526697698721115 ], [ -124.467373319124661, 53.526386584531835 ], [ -124.467341775190988, 53.525910522308358 ], [ -124.467290485392255, 53.525299867879944 ], [ -124.467254294828464, 53.524689030594089 ], [ -124.466843398756623, 53.524148704210496 ], [ -124.466438557528846, 53.523638276098936 ], [ -124.466039800613757, 53.523157737770212 ], [ -124.466008274234383, 53.52268167450876 ], [ -124.465961681614985, 53.522205802993469 ], [ -124.465930769592845, 53.52174771959109 ], [ -124.465894601882738, 53.521136880924395 ], [ -124.465863385187987, 53.520669802760494 ], [ -124.465831249332581, 53.520175776746903 ], [ -124.466934410821167, 53.520234165176078 ], [ -124.468075345607375, 53.520076321747609 ], [ -124.469033550091581, 53.519896960085603 ], [ -124.469691951990868, 53.519753376885582 ], [ -124.470058046040791, 53.519624267798378 ], [ -124.470221693334707, 53.519539408005663 ], [ -124.470488828711879, 53.519436395740719 ], [ -124.470851991775803, 53.519336540062092 ], [ -124.470956291124267, 53.519346749955098 ], [ -124.471221406196307, 53.519358454409442 ], [ -124.471647306277504, 53.519371669885992 ], [ -124.472543879072433, 53.519311192481005 ], [ -124.471775068487759, 53.518889158555623 ], [ -124.471132042918953, 53.51856646143942 ], [ -124.470611074772847, 53.51823526710281 ], [ -124.470218340636791, 53.517928463456983 ], [ -124.470307712646033, 53.517411963940546 ], [ -124.470640837954264, 53.516868496018887 ], [ -124.471217691339632, 53.516298057438554 ], [ -124.470825791022975, 53.516015217046423 ], [ -124.470430996453118, 53.515648500627115 ], [ -124.470155245723774, 53.515186437580496 ], [ -124.470001436036355, 53.51471288550681 ], [ -124.468968887368831, 53.514608710236288 ], [ -124.468062520377359, 53.514470021542373 ], [ -124.4672803481253, 53.514239904027107 ], [ -124.466394273472218, 53.514058006880745 ], [ -124.465389231384947, 53.513924501666736 ], [ -124.464379982689266, 53.513766068396514 ], [ -124.463495869457333, 53.513543165555788 ], [ -124.462728512278289, 53.513303850131933 ], [ -124.461960602458561, 53.513145438206031 ], [ -124.461320907937392, 53.512963485903299 ], [ -124.460923051242915, 53.512650721129326 ], [ -124.460759196066604, 53.512174282721197 ], [ -124.46072929448934, 53.511743153147791 ], [ -124.460700004218324, 53.511329994716718 ], [ -124.460545837898664, 53.510940333186468 ], [ -124.460148031064847, 53.510774392182597 ], [ -124.459506565136749, 53.510832169124605 ], [ -124.459991418384163, 53.510361786823111 ], [ -124.460724764012909, 53.509906349927533 ], [ -124.461706595046863, 53.509465844907965 ], [ -124.460557677841223, 53.509384001261665 ], [ -124.459419009837234, 53.509308015593646 ], [ -124.458290605610912, 53.50923788839291 ], [ -124.457817221891162, 53.509456413926912 ], [ -124.457077023880814, 53.509566317021715 ], [ -124.456070030009329, 53.509567601885394 ], [ -124.454907579036316, 53.509530822651854 ], [ -124.45379643727135, 53.509671193532554 ], [ -124.452664506585009, 53.509644997576146 ], [ -124.451511815267807, 53.509452243341052 ], [ -124.450369174744026, 53.509357241892523 ], [ -124.449240491896134, 53.509425865513307 ], [ -124.44812958070834, 53.509721000530782 ], [ -124.447026189307323, 53.510138892738674 ], [ -124.445908455425382, 53.510529974708895 ], [ -124.44473427737168, 53.510148635460141 ], [ -124.443685687481505, 53.510799562029923 ], [ -124.443527334429717, 53.510331020975286 ], [ -124.44312193196906, 53.50993938488967 ], [ -124.4423495203838, 53.509693998507508 ], [ -124.441337184689857, 53.509587353373483 ], [ -124.440834835100674, 53.509745233507317 ], [ -124.440097108649852, 53.509781094835148 ], [ -124.439124011500311, 53.509694924039898 ], [ -124.437975332426646, 53.509618853521879 ], [ -124.437591256608812, 53.510004030733299 ], [ -124.437209491237056, 53.510458097052812 ], [ -124.436967237682381, 53.51097440526221 ], [ -124.436862167583485, 53.511484074545628 ], [ -124.435808127301883, 53.511532699748457 ], [ -124.435044934380898, 53.511113363244597 ], [ -124.434260244129021, 53.510652335673377 ], [ -124.433353680770963, 53.510402513393863 ], [ -124.432335159281379, 53.510360788128857 ], [ -124.431204695399785, 53.510527148462025 ], [ -124.430051366193595, 53.51031322027395 ], [ -124.42892989588789, 53.510149834895451 ], [ -124.427897492489663, 53.509943429186144 ], [ -124.426984422752824, 53.509598751037558 ], [ -124.426190738085296, 53.509115803720981 ], [ -124.425389797663755, 53.508466125846539 ], [ -124.424932344478762, 53.50886512208551 ], [ -124.424210603123669, 53.509077487059301 ], [ -124.423224549333369, 53.509103206669479 ], [ -124.422100736810052, 53.509017702021715 ], [ -124.42094376101835, 53.508842682960818 ], [ -124.419815928037366, 53.508787168290283 ], [ -124.418720144521572, 53.508788190378205 ], [ -124.418666885752486, 53.508096638504782 ], [ -124.417598349817084, 53.50811030950856 ], [ -124.416488044064067, 53.50797665104966 ], [ -124.415335966488428, 53.507695634857193 ], [ -124.414214032326768, 53.507514148513671 ], [ -124.413094007561412, 53.507389552818829 ], [ -124.413044429915757, 53.506805827664799 ], [ -124.412277075299045, 53.506554206097078 ], [ -124.411527264641308, 53.506225454408003 ], [ -124.41080585786608, 53.505843427002588 ], [ -124.409830103926367, 53.505369514561579 ], [ -124.40914947204547, 53.50520573559249 ], [ -124.408412070704628, 53.505148511684844 ], [ -124.407750445751233, 53.505305124650278 ], [ -124.407389922369049, 53.505649978973828 ], [ -124.407291520286023, 53.506118581564678 ], [ -124.406308936916886, 53.50629795624296 ], [ -124.405461581020134, 53.506614556667643 ], [ -124.404739904016267, 53.506982625719949 ], [ -124.403889653755158, 53.507314235942552 ], [ -124.403029513293887, 53.507549067794514 ], [ -124.402302004924124, 53.507894213300652 ], [ -124.401831708562995, 53.508367182326268 ], [ -124.400721532020896, 53.508083546254461 ], [ -124.399544484042181, 53.5080583744504 ], [ -124.398396490515211, 53.507999894418752 ], [ -124.397357812591096, 53.508004050119517 ], [ -124.39657606760386, 53.508077112444646 ], [ -124.396051268153329, 53.508219086638029 ], [ -124.395074223610891, 53.508110629947247 ], [ -124.394317576290732, 53.507876748706124 ], [ -124.393781360191852, 53.507517429553793 ], [ -124.393613399761861, 53.506892129231048 ], [ -124.393207355660593, 53.50631254864458 ], [ -124.392563221314603, 53.5057786851972 ], [ -124.391848210632844, 53.505125798453946 ], [ -124.39126889650943, 53.504472315908941 ], [ -124.390119360901494, 53.504260951867735 ], [ -124.389123975750678, 53.504305490478416 ], [ -124.388407125187612, 53.504619456964406 ], [ -124.387956612029001, 53.505086150855824 ], [ -124.387991646690807, 53.505697026327347 ], [ -124.387231287705561, 53.506013490894503 ], [ -124.386606524109553, 53.506275436244188 ], [ -124.385997403127973, 53.506452306617781 ], [ -124.385403338737561, 53.506628992178321 ], [ -124.384517953412157, 53.506760103221019 ], [ -124.383488859508688, 53.506800984072939 ], [ -124.383259977245487, 53.506255284553333 ], [ -124.382723078849821, 53.505922895248489 ], [ -124.382382160926099, 53.505486353825638 ], [ -124.382237234659584, 53.504945671066402 ], [ -124.38231360262678, 53.504306533219484 ], [ -124.382519017175312, 53.503719844669689 ], [ -124.382854516857151, 53.503218552679769 ], [ -124.383076955102396, 53.502846414147378 ], [ -124.383185248215554, 53.502570481262183 ], [ -124.383697167953329, 53.502137059019127 ], [ -124.384430957199015, 53.501828916529433 ], [ -124.385386602875059, 53.501646040589584 ], [ -124.386408889413531, 53.501760040531011 ], [ -124.387304991180017, 53.501754638134358 ], [ -124.388074885473102, 53.501629836036926 ], [ -124.388925865477646, 53.501474122293239 ], [ -124.389900475842282, 53.501359906662913 ], [ -124.391054495523647, 53.501301536531955 ], [ -124.392215324957959, 53.501144186030878 ], [ -124.392730539837331, 53.501427844580135 ], [ -124.393485845456965, 53.501573864216397 ], [ -124.394481237236462, 53.50158223144966 ], [ -124.395596546177202, 53.501416392236322 ], [ -124.396709289083503, 53.501172665095922 ], [ -124.397834034249996, 53.500988717200038 ], [ -124.399006052492496, 53.500867127898587 ], [ -124.39939663806453, 53.501078305567589 ], [ -124.399911173458548, 53.501289019465375 ], [ -124.400559430936752, 53.501541126175795 ], [ -124.401461426187197, 53.501765272473087 ], [ -124.402495950298004, 53.501994852236919 ], [ -124.40363409598254, 53.502115337340136 ], [ -124.404751857337914, 53.502024294667642 ], [ -124.405849217263381, 53.501721733725546 ], [ -124.406458968741092, 53.501568732753064 ], [ -124.406935456678909, 53.501286446665276 ], [ -124.407419733344057, 53.500784332328763 ], [ -124.408033399333206, 53.500397658867598 ], [ -124.408582666142053, 53.500221690492147 ], [ -124.408637740855539, 53.50020404887978 ], [ -124.408774295734986, 53.500160297168023 ], [ -124.409516164453848, 53.499952892441364 ], [ -124.409574006036891, 53.499934399852428 ], [ -124.410255468296512, 53.499716441702958 ], [ -124.411363272514549, 53.499322484271708 ], [ -124.412462273242511, 53.498821074426864 ], [ -124.413563147309489, 53.498376564740177 ], [ -124.414525369425377, 53.497843790594075 ], [ -124.414199963695935, 53.497428129326991 ], [ -124.413880424509955, 53.496886547841171 ], [ -124.413566754514875, 53.496219046090765 ], [ -124.412626302060687, 53.495591916395938 ], [ -124.411766590249258, 53.495125627035925 ], [ -124.410963400900002, 53.495201040793098 ], [ -124.410382174127847, 53.495100028750272 ], [ -124.410022885450047, 53.494822593723811 ], [ -124.409030866978625, 53.494759387121306 ], [ -124.408019740566615, 53.494726349948422 ], [ -124.407031164999893, 53.494615134673921 ], [ -124.406062572751182, 53.494500682145542 ], [ -124.405441811631363, 53.494115443598254 ], [ -124.404929107526939, 53.493755902775284 ], [ -124.40444663978424, 53.493348062613045 ], [ -124.403998842158984, 53.492873884464451 ], [ -124.403370265880881, 53.492402825039008 ], [ -124.402693280474168, 53.491987273328384 ], [ -124.402668426797547, 53.491690904698295 ], [ -124.402627916291294, 53.491376756960825 ], [ -124.402584726543381, 53.490981726994306 ], [ -124.402417781487813, 53.490592139285162 ], [ -124.402128577671874, 53.490252931927238 ], [ -124.401716501671473, 53.489946131947441 ], [ -124.40142700001833, 53.489597945693426 ], [ -124.401260671240252, 53.489226328032245 ], [ -124.401215419167045, 53.488768395777129 ], [ -124.401168998309686, 53.48827451997078 ], [ -124.40112584057367, 53.487879489119706 ], [ -124.399961966326558, 53.488084910231898 ], [ -124.398816192670822, 53.488230172472981 ], [ -124.397827758344619, 53.488270703788103 ], [ -124.397055604901283, 53.488165859294725 ], [ -124.396499738054473, 53.487915661089787 ], [ -124.395960330852802, 53.487605335646535 ], [ -124.39517419057151, 53.487328853519124 ], [ -124.394263776373279, 53.487041827888518 ], [ -124.393363269833202, 53.486800618259423 ], [ -124.392711867610586, 53.486546524380117 ], [ -124.39218709567993, 53.486323903208763 ], [ -124.391782599186342, 53.48609189334109 ], [ -124.390680714580299, 53.486041795440059 ], [ -124.389489607799788, 53.48602867862563 ], [ -124.389091514707246, 53.48583853624897 ], [ -124.388687441424707, 53.48561849724058 ], [ -124.388398731655386, 53.485290241529455 ], [ -124.38823138338195, 53.484883665428882 ], [ -124.388067430832308, 53.484478049196149 ], [ -124.387784315149418, 53.484115767936785 ], [ -124.387381089110775, 53.483766859029551 ], [ -124.387096774145391, 53.483367636646676 ], [ -124.386932378401767, 53.482948037358831 ], [ -124.386887883082792, 53.482508070405196 ], [ -124.386722141735802, 53.482098474231343 ], [ -124.386561835848056, 53.481752739632327 ], [ -124.386285793222484, 53.481503237104825 ], [ -124.386261037461608, 53.481257815173556 ], [ -124.386114956345523, 53.48103976838788 ], [ -124.386087716213552, 53.480769401539696 ], [ -124.385681980038584, 53.480496431381496 ], [ -124.385263820103631, 53.480150691369253 ], [ -124.384591822493945, 53.479824872485608 ], [ -124.383916635781347, 53.479504080094692 ], [ -124.383119821042143, 53.479252612664638 ], [ -124.38307536956485, 53.478812643544003 ], [ -124.383011480024521, 53.478238056760162 ], [ -124.382965861753959, 53.477762143400803 ], [ -124.382923159344898, 53.477376089820595 ], [ -124.382854598557216, 53.476657726528828 ], [ -124.381805162320404, 53.476822684712111 ], [ -124.380607998167321, 53.47707924024504 ], [ -124.380672732124509, 53.477680786686243 ], [ -124.380716566151023, 53.478102784823221 ], [ -124.380002369260367, 53.478383711594361 ], [ -124.379268457521249, 53.478624915210979 ], [ -124.378388188107508, 53.478741943660459 ], [ -124.377361567255463, 53.478734802682311 ], [ -124.376679086941195, 53.478341143014873 ], [ -124.376090628956888, 53.477955383917283 ], [ -124.375855642758367, 53.477782295998395 ], [ -124.375595500213322, 53.47771137873309 ], [ -124.37531019989774, 53.47774262300743 ], [ -124.37498141408166, 53.477827309894479 ], [ -124.374609658532222, 53.477825596662754 ], [ -124.374264168924128, 53.477703717542532 ], [ -124.373860392234263, 53.477436684242612 ], [ -124.373328231028495, 53.477134157455161 ], [ -124.372510853925547, 53.476864883769252 ], [ -124.371492787645153, 53.476653829249592 ], [ -124.371055573062421, 53.476335224743259 ], [ -124.370488684675323, 53.475993135599644 ], [ -124.369921716565457, 53.475596119117561 ], [ -124.369237709145011, 53.47515148633169 ], [ -124.368565741989457, 53.474664765949115 ], [ -124.367812672449105, 53.474205939519855 ], [ -124.367637111038221, 53.473744490488841 ], [ -124.367349666037256, 53.47339618798118 ], [ -124.366818604415144, 53.473124589631261 ], [ -124.366162638192591, 53.472873401149258 ], [ -124.365381784446058, 53.472642602769525 ], [ -124.364593197304274, 53.472483809932776 ], [ -124.363950488859771, 53.472227457018974 ], [ -124.363429606068919, 53.471906787111401 ], [ -124.363143215911407, 53.47143261282244 ], [ -124.36297573055873, 53.470908140481001 ], [ -124.363302306495555, 53.470598777933787 ], [ -124.363628010011126, 53.470262447207695 ], [ -124.363829138683272, 53.469852630023681 ], [ -124.363906578665592, 53.469396276508142 ], [ -124.363862623113974, 53.468965284276621 ], [ -124.363948621592556, 53.468566768501454 ], [ -124.364164240584714, 53.468191751225682 ], [ -124.364515028010089, 53.467855134688911 ], [ -124.364737499545001, 53.467485024142007 ], [ -124.364826183172056, 53.467066500480819 ], [ -124.364764567651463, 53.466554803300646 ], [ -124.364850669152901, 53.46616027710148 ], [ -124.365065392725782, 53.465757295373756 ], [ -124.365409573706359, 53.465372806374056 ], [ -124.365754632349024, 53.465015283810231 ], [ -124.366468639123838, 53.464732440801356 ], [ -124.367178892694966, 53.464489585331805 ], [ -124.367901627007541, 53.464322500692113 ], [ -124.368504246774975, 53.464115831624468 ], [ -124.368845036131958, 53.463783314876345 ], [ -124.368924028763018, 53.463324944087859 ], [ -124.369025166894957, 53.462931248118664 ], [ -124.369254081896841, 53.462503120301285 ], [ -124.369611625491558, 53.462067526972426 ], [ -124.369970033525604, 53.461658890826008 ], [ -124.37045140534228, 53.461482574646439 ], [ -124.371059685514609, 53.461349736978612 ], [ -124.371809773830094, 53.461254232710701 ], [ -124.372565145176324, 53.461167643557218 ], [ -124.373325844580492, 53.461089987955425 ], [ -124.374177747232693, 53.461038240839571 ], [ -124.374924432532367, 53.460993685994453 ], [ -124.375565915595757, 53.46095634352173 ], [ -124.375612881226445, 53.461477184811713 ], [ -124.375590895901894, 53.46172914669522 ], [ -124.375851853952199, 53.461983842931119 ], [ -124.376275039021436, 53.46218273183316 ], [ -124.376860451726955, 53.46232581168961 ], [ -124.377464272242733, 53.462003216493528 ], [ -124.377937853454483, 53.46163917088947 ], [ -124.378963486006072, 53.461680282434102 ], [ -124.37975221239526, 53.46184796707017 ], [ -124.380304036567352, 53.462142238428697 ], [ -124.381430921236117, 53.46236293879727 ], [ -124.382595275766974, 53.462655114977977 ], [ -124.383693786807243, 53.462156966360283 ], [ -124.384026664401574, 53.461739589097569 ], [ -124.384353750231739, 53.461298314619782 ], [ -124.384675014084848, 53.460833133591393 ], [ -124.38427213344174, 53.460487205769027 ], [ -124.383743812618278, 53.460195673678918 ], [ -124.383089298250567, 53.459934573157881 ], [ -124.382286373392162, 53.459638224847971 ], [ -124.381483460201366, 53.459341862130913 ], [ -124.380718312626811, 53.459125976352382 ], [ -124.379990926382177, 53.458990550344502 ], [ -124.380041009725403, 53.458455458918969 ], [ -124.38009621002189, 53.45810053659158 ], [ -124.380094329305592, 53.457949571870437 ], [ -124.380031121071525, 53.457787662131764 ], [ -124.380037405543945, 53.457612488470865 ], [ -124.380175333991758, 53.457400270776233 ], [ -124.380520777206726, 53.457060676249768 ], [ -124.380734868379818, 53.456644678532186 ], [ -124.380947197467137, 53.456225716215513 ], [ -124.381157750077577, 53.455803771183419 ], [ -124.381620070328495, 53.455404884813568 ], [ -124.38195936288308, 53.455031389695947 ], [ -124.382307557683845, 53.454725712124805 ], [ -124.382535175366371, 53.454469376886692 ], [ -124.382895580336367, 53.45428242390895 ], [ -124.381747320473821, 53.454169856673118 ], [ -124.38060138431149, 53.454129166988146 ], [ -124.380575845028631, 53.453805839401525 ], [ -124.380354650923181, 53.452919437357941 ], [ -124.38004108602297, 53.452331748788943 ], [ -124.379629159515716, 53.452012885760539 ], [ -124.379335850196384, 53.451636712244074 ], [ -124.379167158030526, 53.451233134694682 ], [ -124.379101608518155, 53.450604630609824 ], [ -124.37831598785624, 53.450370976483235 ], [ -124.377679926677331, 53.450312389562363 ], [ -124.377190381188854, 53.450437893773653 ], [ -124.376847331184649, 53.450747490684293 ], [ -124.376372472674859, 53.451068594090877 ], [ -124.375767866903772, 53.451362227148302 ], [ -124.375161253104906, 53.451593949698427 ], [ -124.374684314388688, 53.451851147996528 ], [ -124.3742171443849, 53.452256055954813 ], [ -124.373627382077714, 53.452699323727401 ], [ -124.372484113353337, 53.452739440234069 ], [ -124.371337352618809, 53.452671703038817 ], [ -124.370194082808567, 53.452711788625002 ], [ -124.369535150227534, 53.452358764660779 ], [ -124.368994685831211, 53.451943451841046 ], [ -124.368950125763931, 53.451494485811843 ], [ -124.368907022912211, 53.451090459505295 ], [ -124.368861308498637, 53.450605548681303 ], [ -124.368820790215565, 53.450282388284748 ], [ -124.368792160802386, 53.449860209908145 ], [ -124.368749046057602, 53.449456183029461 ], [ -124.368149416373882, 53.449489021849367 ], [ -124.367605276140154, 53.449478271443667 ], [ -124.367209558088774, 53.449347951653593 ], [ -124.366813177545268, 53.44919667192309 ], [ -124.366147627247699, 53.448895646167358 ], [ -124.365602441467828, 53.448539308177743 ], [ -124.365296043411519, 53.448063369607929 ], [ -124.36512088157879, 53.447609902054744 ], [ -124.363981915983203, 53.44746709598116 ], [ -124.362843409791282, 53.447338260552378 ], [ -124.361711525590621, 53.447259274951271 ], [ -124.360593570416967, 53.447301981235228 ], [ -124.360066880700813, 53.447051273433104 ], [ -124.359419010419231, 53.446829920529233 ], [ -124.358940992651071, 53.447107041500814 ], [ -124.358206323280058, 53.44736410401935 ], [ -124.357215028821983, 53.447601103762452 ], [ -124.356477105078511, 53.447809255482348 ], [ -124.355736535117373, 53.44798646622592 ], [ -124.355005700040437, 53.448207507830254 ], [ -124.354276204115777, 53.44847048065828 ], [ -124.353551618657548, 53.448730397370745 ], [ -124.352688347209437, 53.44889100462791 ], [ -124.35169301905303, 53.44900315599817 ], [ -124.3505609561455, 53.449024946915898 ], [ -124.349428570475695, 53.448983802029296 ], [ -124.349886978129859, 53.448560113128259 ], [ -124.350470279210612, 53.448118035243489 ], [ -124.351055489708273, 53.447683914429973 ], [ -124.351511367221292, 53.447234277536303 ], [ -124.350852761988648, 53.446937088004908 ], [ -124.350316732115829, 53.446600552765098 ], [ -124.350270955722863, 53.446106647652933 ], [ -124.35020954806231, 53.445594937969524 ], [ -124.35016519531564, 53.445145963600986 ], [ -124.349036868524379, 53.445176691972669 ], [ -124.348018985831729, 53.445049348497875 ], [ -124.347636821712982, 53.444889307623178 ], [ -124.347233961498887, 53.444720596770381 ], [ -124.346689024829658, 53.444259289142437 ], [ -124.346263885724085, 53.443829591223938 ], [ -124.346231016316182, 53.443808803913669 ], [ -124.34563395473532, 53.44343116700113 ], [ -124.344924494384912, 53.443056600404361 ], [ -124.344278536851974, 53.442785204093802 ], [ -124.34316028422829, 53.442974577792036 ], [ -124.342040423012506, 53.443113010073219 ], [ -124.340912237929302, 53.44314665695876 ], [ -124.339412789254553, 53.443184461009011 ], [ -124.339043221027509, 53.443218341331431 ], [ -124.338640827078834, 53.443255241054388 ], [ -124.33755112641073, 53.443355146504111 ], [ -124.337596750392635, 53.443849057130471 ], [ -124.336811318492977, 53.44355719856636 ], [ -124.336160158871508, 53.443331762049631 ], [ -124.335525203440042, 53.443249960521378 ], [ -124.334892404612546, 53.443183120386102 ], [ -124.334015807158082, 53.44318392943444 ], [ -124.333013430678122, 53.443175137701914 ], [ -124.331883912377805, 53.443166763057476 ], [ -124.330773181735239, 53.443437837261648 ], [ -124.32980231303705, 53.443795243580375 ], [ -124.328955375414523, 53.444164698104892 ], [ -124.328330223231873, 53.44440683496618 ], [ -124.327959935058317, 53.444475363338803 ], [ -124.327799202570034, 53.444505101978045 ], [ -124.327327494452462, 53.444341282008679 ], [ -124.327193463587747, 53.444381972625251 ], [ -124.327108541867304, 53.444405307143676 ], [ -124.326808861697586, 53.444486996818931 ], [ -124.326313136116696, 53.444622112485256 ], [ -124.325207308481424, 53.444892083987469 ], [ -124.324091670948718, 53.445008338006758 ], [ -124.322969402804361, 53.445072709861513 ], [ -124.32183910170798, 53.445040276763208 ], [ -124.320670630958574, 53.444694624743079 ], [ -124.319518985569246, 53.444458644982973 ], [ -124.318384110990749, 53.444332337368039 ], [ -124.317404330562439, 53.444567880087455 ], [ -124.316680604222924, 53.444860531831161 ], [ -124.316340265978553, 53.445215870306605 ], [ -124.316255266267873, 53.445605348614102 ], [ -124.316300657604927, 53.446099267061967 ], [ -124.315076900197298, 53.446454345066385 ], [ -124.314134946228336, 53.44672540257352 ], [ -124.313441144485907, 53.447013707357904 ], [ -124.313072920838707, 53.447280441012389 ], [ -124.3128392585418, 53.4474618008012 ], [ -124.312741506989809, 53.447601714428174 ], [ -124.312702245886541, 53.447738986852514 ], [ -124.312872333809935, 53.44804575545588 ], [ -124.313144653530543, 53.448521193356981 ], [ -124.313624671585814, 53.44900334352316 ], [ -124.314312380624443, 53.449492194268032 ], [ -124.31472343665169, 53.449799310772526 ], [ -124.315147036018303, 53.450187184247866 ], [ -124.315464435816324, 53.450712064338241 ], [ -124.315779127075174, 53.451203019574663 ], [ -124.315962173767375, 53.451657466347449 ], [ -124.316003398053994, 53.45201658947564 ], [ -124.315796894580643, 53.452427388254719 ], [ -124.315596694863686, 53.452880058853886 ], [ -124.315656870062995, 53.453364825943176 ], [ -124.315967266677561, 53.453824863593283 ], [ -124.314851964685445, 53.453959998817211 ], [ -124.313748811223149, 53.454163909162311 ], [ -124.312646558001916, 53.454397763313892 ], [ -124.311531032657271, 53.454526885373163 ], [ -124.310408652669906, 53.4545961341436 ], [ -124.309291005011133, 53.454711265644661 ], [ -124.308170151744662, 53.454776481121293 ], [ -124.30704088599569, 53.454785843742343 ], [ -124.305906424139508, 53.45478925908629 ], [ -124.305250494551572, 53.454517761040634 ], [ -124.304713635484305, 53.454200002020535 ], [ -124.303566386514547, 53.454113649276863 ], [ -124.302401343587874, 53.453937575798761 ], [ -124.301305537331558, 53.454219198256752 ], [ -124.300222210912878, 53.454581579184143 ], [ -124.299124854659055, 53.454759324612098 ], [ -124.298006276669867, 53.454789462078161 ], [ -124.296866443418452, 53.454671990344671 ], [ -124.295698955599903, 53.454414983731183 ], [ -124.294564861646464, 53.454265470037484 ], [ -124.293967128404248, 53.454529642294347 ], [ -124.293497263300395, 53.45481639508742 ], [ -124.293162540037926, 53.4552005708222 ], [ -124.292833363252996, 53.455602664363454 ], [ -124.292631590729684, 53.456011368978572 ], [ -124.292427783830632, 53.456409107440059 ], [ -124.292092037038358, 53.456760330099272 ], [ -124.291502517330926, 53.4570763330711 ], [ -124.290415390625256, 53.457483618647942 ], [ -124.289327959806613, 53.457881898810719 ], [ -124.289591135609115, 53.458006910705961 ], [ -124.289611832131087, 53.458192467342734 ], [ -124.289390000617246, 53.458438577141301 ], [ -124.288911714284794, 53.458560594992683 ], [ -124.288127721806021, 53.458700901406203 ], [ -124.287171087067577, 53.45877713635322 ], [ -124.286032571527301, 53.458816361022947 ], [ -124.285026939725142, 53.458822184518858 ], [ -124.284143510300993, 53.458773757437065 ], [ -124.283376455870268, 53.458644158866527 ], [ -124.282616230094547, 53.458574419896948 ], [ -124.281465662560024, 53.458380009911188 ], [ -124.280338825816642, 53.458472992039745 ], [ -124.280267224746098, 53.458930224014289 ], [ -124.280063710951239, 53.459341922556426 ], [ -124.279766833988703, 53.459653735840071 ], [ -124.279672514877788, 53.459856505179523 ], [ -124.279723327836308, 53.460043744656005 ], [ -124.279924216850631, 53.460212387825273 ], [ -124.28015602722688, 53.460407670945699 ], [ -124.280372779366758, 53.460603112864391 ], [ -124.280528225485384, 53.460763255463327 ], [ -124.280700745812183, 53.460934204235102 ], [ -124.280889777800255, 53.461097977200907 ], [ -124.281130368735361, 53.461251215914885 ], [ -124.280910382491683, 53.461560213999235 ], [ -124.280799922794188, 53.461894009183752 ], [ -124.280799007514418, 53.462252593019684 ], [ -124.28072933554752, 53.462773724193347 ], [ -124.280401520537609, 53.463226704481691 ], [ -124.27981557045689, 53.463611540975585 ], [ -124.279872921055286, 53.464015447014589 ], [ -124.28004212109785, 53.464410164363841 ], [ -124.280457063432124, 53.464738323713561 ], [ -124.281117706567798, 53.464999921876135 ], [ -124.281774566571158, 53.46519064246214 ], [ -124.282186592736664, 53.465476880354544 ], [ -124.28235375268666, 53.465858637618354 ], [ -124.282413029198864, 53.466325446052949 ], [ -124.282453165355776, 53.466657619394866 ], [ -124.282515959007384, 53.467241258143169 ], [ -124.283520852607282, 53.467204497040548 ], [ -124.284414694940565, 53.467314751213806 ], [ -124.285197479787556, 53.467572013961281 ], [ -124.28609670129957, 53.467749117758196 ], [ -124.287114638238492, 53.467866011752214 ], [ -124.287030090557153, 53.468225499058391 ], [ -124.286693435675062, 53.468550741515223 ], [ -124.286104622916213, 53.468841745311494 ], [ -124.285636756158837, 53.469146425881391 ], [ -124.285544464439198, 53.469471036731811 ], [ -124.285948921237264, 53.46978231440611 ], [ -124.286598518921281, 53.470061981724761 ], [ -124.28749230213775, 53.470223146700363 ], [ -124.288388591677744, 53.470356318066727 ], [ -124.289287371044793, 53.470461486596861 ], [ -124.290097176944286, 53.470723433004537 ], [ -124.290917115941767, 53.471043187018637 ], [ -124.290979481458891, 53.471608838573069 ], [ -124.291123414903254, 53.471993833846959 ], [ -124.29130777600929, 53.472276505751395 ], [ -124.291532564246026, 53.472456854138976 ], [ -124.291791891117867, 53.472561920747246 ], [ -124.290944523287806, 53.473049517889699 ], [ -124.29004272911213, 53.473509722425973 ], [ -124.289312206603924, 53.473821246500037 ], [ -124.288709199534907, 53.474087452340612 ], [ -124.288101582608562, 53.47425680932313 ], [ -124.28749345965133, 53.474409186380264 ], [ -124.286759096953901, 53.474539953444605 ], [ -124.286419452575487, 53.474768345352388 ], [ -124.286080250729739, 53.475011713243212 ], [ -124.285869081250482, 53.475336605161921 ], [ -124.285667165641755, 53.475746298547648 ], [ -124.285474503317303, 53.476240784440321 ], [ -124.285029625518433, 53.476754968745688 ], [ -124.284580188438596, 53.477229248040011 ], [ -124.284126178473628, 53.47766361312167 ], [ -124.283790459321793, 53.478023804084103 ], [ -124.283087565469799, 53.478366956591991 ], [ -124.282508436072717, 53.478706777696296 ], [ -124.281921357019343, 53.479004734324057 ], [ -124.281318098196707, 53.479210964270543 ], [ -124.280447874104965, 53.479281216144869 ], [ -124.279442792323508, 53.479266012844271 ], [ -124.278649921305046, 53.479124677865101 ], [ -124.27799025855856, 53.478903012387178 ], [ -124.277454673463481, 53.478631060934923 ], [ -124.277047989335998, 53.478302808005104 ], [ -124.276840153794879, 53.478128235242139 ], [ -124.276555270985341, 53.478008423974593 ], [ -124.276193340452565, 53.477943373659549 ], [ -124.275644649785832, 53.478015153443408 ], [ -124.275036114120766, 53.478045617675356 ], [ -124.274760917589589, 53.477913714648935 ], [ -124.274316325261253, 53.477492964279783 ], [ -124.27374972118848, 53.47707849610358 ], [ -124.273197860283346, 53.4766528894855 ], [ -124.272537134994963, 53.476225443245646 ], [ -124.27187887525173, 53.475823936050134 ], [ -124.270971254941202, 53.475537947456921 ], [ -124.269937923313663, 53.475358158753863 ], [ -124.269876908054258, 53.474828433344861 ], [ -124.269818302428362, 53.47437959318453 ], [ -124.269776364174461, 53.47398450358866 ], [ -124.269694648701858, 53.473266223580431 ], [ -124.269637926824288, 53.472880287056427 ], [ -124.269593863122594, 53.472413307050275 ], [ -124.268876390885652, 53.471988439147147 ], [ -124.268287314946534, 53.471546229406471 ], [ -124.268243795445287, 53.471097221095121 ], [ -124.267192364732324, 53.470642929042867 ], [ -124.266394359747551, 53.470153979890441 ], [ -124.2659782752674, 53.469672955248171 ], [ -124.265806839059394, 53.469199342050075 ], [ -124.265760933063248, 53.468669455386205 ], [ -124.264600714920476, 53.468550890564117 ], [ -124.263451288127257, 53.468514111263218 ], [ -124.263390905345318, 53.46800235361404 ], [ -124.263350903493603, 53.467670173855367 ], [ -124.263307703567406, 53.467230149207445 ], [ -124.263228521851062, 53.466592748583118 ], [ -124.263317187800425, 53.466253209296646 ], [ -124.263665868893, 53.465988832284367 ], [ -124.264274547370448, 53.465799606114246 ], [ -124.264218426437523, 53.465431638448273 ], [ -124.263542734430501, 53.465055240249193 ], [ -124.263119549548833, 53.464670172653278 ], [ -124.262948849651607, 53.46427644708335 ], [ -124.262524699994202, 53.463858427316396 ], [ -124.262095177807069, 53.463428485376866 ], [ -124.261660299452998, 53.462986603501321 ], [ -124.261124536282921, 53.46269860380513 ], [ -124.260351299327439, 53.462529977622552 ], [ -124.259340600689299, 53.462480702663854 ], [ -124.25928372652514, 53.462085772997597 ], [ -124.258151863935495, 53.462070729161802 ], [ -124.257024677919659, 53.462100574663523 ], [ -124.256384142181204, 53.462003436257895 ], [ -124.255856429284989, 53.461816210720414 ], [ -124.255320807831552, 53.461531180228221 ], [ -124.254666230666984, 53.461298345471832 ], [ -124.254119448243287, 53.460974472766132 ], [ -124.253454059007993, 53.460714776243535 ], [ -124.252663888726062, 53.460480346862013 ], [ -124.252001681349171, 53.46021461058475 ], [ -124.251456074459796, 53.459872741359916 ], [ -124.25115075230886, 53.459449446399532 ], [ -124.250969032491881, 53.459017860966156 ], [ -124.250787696640984, 53.458542318422026 ], [ -124.250485797048526, 53.458120980936108 ], [ -124.250061384790371, 53.457687947161958 ], [ -124.249757182692292, 53.457187721094748 ], [ -124.249575107564354, 53.456686221585947 ], [ -124.249499041861782, 53.456147658964831 ], [ -124.24943699808675, 53.455572986457689 ], [ -124.250584088633786, 53.455713807687594 ], [ -124.251718855325535, 53.455719896379051 ], [ -124.252841286500342, 53.455591270803488 ], [ -124.252781832551463, 53.455106472701594 ], [ -124.252721323362564, 53.454585719906945 ], [ -124.252680101190762, 53.45420860255814 ], [ -124.252621983840029, 53.453768727282352 ], [ -124.252227512612805, 53.453722387795523 ], [ -124.252104634780167, 53.453714149340932 ], [ -124.251792721557578, 53.453665451126191 ], [ -124.251293552658325, 53.45353210432225 ], [ -124.25067073581414, 53.45330974197077 ], [ -124.249992143068042, 53.4528803623136 ], [ -124.249440460407001, 53.452441654692088 ], [ -124.249014802840193, 53.451963684017535 ], [ -124.247852697933936, 53.451764077187541 ], [ -124.246710560679148, 53.451674121034962 ], [ -124.245588366923187, 53.451693815925246 ], [ -124.24458474868743, 53.45170527806583 ], [ -124.24369947962974, 53.451644580284153 ], [ -124.242939705115361, 53.451583565533042 ], [ -124.242058961326492, 53.451562761074094 ], [ -124.241052606730946, 53.451538267612058 ], [ -124.239920657650259, 53.451510064270231 ], [ -124.239373414133198, 53.451162158557331 ], [ -124.238722613931671, 53.450993124570132 ], [ -124.238100739382787, 53.451070486811339 ], [ -124.237626306499408, 53.451327105008851 ], [ -124.23649823200482, 53.451316810839664 ], [ -124.235365472947592, 53.451260609264999 ], [ -124.235305713576793, 53.4507578197301 ], [ -124.235127241105587, 53.450316195173798 ], [ -124.234829561093832, 53.44991774460248 ], [ -124.23440713327922, 53.449544563261639 ], [ -124.234102262427101, 53.449128209134223 ], [ -124.233920472178625, 53.448686613666403 ], [ -124.233859150076682, 53.448129903663919 ], [ -124.233816550375053, 53.447698851007658 ], [ -124.233756542754179, 53.447187082178957 ], [ -124.232939473621315, 53.446704099419492 ], [ -124.232148147973248, 53.446416618126513 ], [ -124.231363275277474, 53.446177995110389 ], [ -124.231306415039271, 53.44577406247825 ], [ -124.231143850906747, 53.445417167387092 ], [ -124.230861297607817, 53.445134412774358 ], [ -124.230343705648082, 53.444996918621463 ], [ -124.229819455712246, 53.444802549758592 ], [ -124.229288564726915, 53.444551315265528 ], [ -124.228865799405881, 53.44416313573047 ], [ -124.227712137223349, 53.444013188961179 ], [ -124.226569813867968, 53.443908061891655 ], [ -124.225442450016104, 53.443973566013632 ], [ -124.22550106342446, 53.444440416305802 ], [ -124.224380407661229, 53.444565769366406 ], [ -124.223265989242293, 53.444733007516788 ], [ -124.222116314092787, 53.444547009843788 ], [ -124.220963829473448, 53.444262140650274 ], [ -124.21979937606126, 53.444085258805949 ], [ -124.218667633354698, 53.443997928145308 ], [ -124.218711369878235, 53.444473919700265 ], [ -124.217600364144388, 53.444586130570876 ], [ -124.216477039899061, 53.444618548767743 ], [ -124.215341403128519, 53.444571182905314 ], [ -124.214211436952326, 53.444546715440389 ], [ -124.214153200913216, 53.444088846096058 ], [ -124.214093185627078, 53.443568080049559 ], [ -124.214032904990773, 53.443038318185323 ], [ -124.213991269683547, 53.442634225821763 ], [ -124.21457133200667, 53.442442547085165 ], [ -124.214899201833902, 53.442207490411917 ], [ -124.214974897843518, 53.44192904913583 ], [ -124.21500293261127, 53.441680051307621 ], [ -124.215539448238729, 53.44160467901947 ], [ -124.216111868745003, 53.441497972133511 ], [ -124.216692878917669, 53.441106508766893 ], [ -124.217142346272766, 53.440678434649264 ], [ -124.217584031346902, 53.440153548492326 ], [ -124.218151315079112, 53.439634375989051 ], [ -124.219203970638887, 53.439066291898882 ], [ -124.219666876867251, 53.438699997364864 ], [ -124.220386074637162, 53.438404989259965 ], [ -124.221247360727475, 53.438282321196759 ], [ -124.222005489667154, 53.438353476683261 ], [ -124.222532296492119, 53.438582811224975 ], [ -124.22362013002234, 53.438194114602204 ], [ -124.223692380942495, 53.437739916582451 ], [ -124.223896257271605, 53.437325314735553 ], [ -124.224230947240443, 53.436923357256227 ], [ -124.224434290585592, 53.436490781142417 ], [ -124.22450705390554, 53.436054546495107 ], [ -124.224446667560031, 53.43552479721513 ], [ -124.223318732749291, 53.435563321603624 ], [ -124.222192617944273, 53.43566474141398 ], [ -124.221652871143363, 53.435332663275567 ], [ -124.220879167237385, 53.435124828119847 ], [ -124.21987153261999, 53.435041240836014 ], [ -124.21981120649896, 53.434511479995884 ], [ -124.219034823274214, 53.434384562346672 ], [ -124.218257953468608, 53.434239675809373 ], [ -124.217368426547282, 53.434132884224319 ], [ -124.216366776269098, 53.434082158541983 ], [ -124.215533277638229, 53.434062675370733 ], [ -124.2147618254333, 53.433931688552143 ], [ -124.214052440290601, 53.433689199496676 ], [ -124.213439593423004, 53.433665460786393 ], [ -124.212921226036258, 53.433610800132129 ], [ -124.212180260806306, 53.433492472687369 ], [ -124.211803275967426, 53.433469324366634 ], [ -124.211486228609502, 53.433436585853627 ], [ -124.211154397380611, 53.433412983770687 ], [ -124.21082230005419, 53.433380394014137 ], [ -124.210490469641272, 53.433356790081667 ], [ -124.21017419336799, 53.433350998914328 ], [ -124.209843117091452, 53.433354352751692 ], [ -124.209512306951964, 53.433366692421387 ], [ -124.209151394429071, 53.433379340679132 ], [ -124.208804765024126, 53.433364868849587 ], [ -124.208488237649661, 53.433350095639277 ], [ -124.207940755738392, 53.433271729531427 ], [ -124.207417881854255, 53.433176142158622 ], [ -124.206919617235783, 53.433063315924308 ], [ -124.206308608356395, 53.433044516585944 ], [ -124.205695330623598, 53.433063690836363 ], [ -124.205334669768945, 53.433085314070446 ], [ -124.205132444667399, 53.433031418915753 ], [ -124.20485517628336, 53.432926341941496 ], [ -124.204502881271495, 53.43277008284349 ], [ -124.203611326011853, 53.432589295574786 ], [ -124.20261276407156, 53.432468511439872 ], [ -124.201508386096052, 53.432449665430362 ], [ -124.200380512806561, 53.43248797275362 ], [ -124.199245853073904, 53.432463412838331 ], [ -124.198123649703732, 53.43252461804515 ], [ -124.197002585123499, 53.432626745611515 ], [ -124.195889118864315, 53.432820688379081 ], [ -124.195347627380684, 53.432477523406362 ], [ -124.194680628192231, 53.432131611163904 ], [ -124.193560884250175, 53.432280639555849 ], [ -124.192447741229358, 53.432486532280336 ], [ -124.192487397053313, 53.432827727680987 ], [ -124.191362771639035, 53.43280299400098 ], [ -124.190233217984698, 53.432781294599614 ], [ -124.189098720773416, 53.432762629107536 ], [ -124.188344870114875, 53.432779119977283 ], [ -124.187577631701814, 53.432674887321838 ], [ -124.186680528227072, 53.432531988643085 ], [ -124.185668735294911, 53.432475111813169 ], [ -124.184547067957723, 53.43255616246951 ], [ -124.183423180288116, 53.432738095718122 ], [ -124.182882086384183, 53.43240586060125 ], [ -124.1822158773262, 53.432084838408542 ], [ -124.18121730387108, 53.432141665923382 ], [ -124.180330944268377, 53.432083511793493 ], [ -124.179556805709751, 53.431910369554615 ], [ -124.178658509885253, 53.431783402904088 ], [ -124.17764531221782, 53.431734468585134 ], [ -124.176518427721788, 53.431808496676112 ], [ -124.175780265889145, 53.43196858701922 ], [ -124.175030782561919, 53.432021906301898 ], [ -124.174151245268618, 53.43202855535575 ], [ -124.173132881240335, 53.431913709761908 ], [ -124.171986669666907, 53.43177214138661 ], [ -124.170860274579852, 53.431864098374646 ], [ -124.170401851604552, 53.432223169440164 ], [ -124.16968371425628, 53.432504879618556 ], [ -124.168694929749776, 53.432614440044148 ], [ -124.167563428234175, 53.432582553397978 ], [ -124.166420487727422, 53.432437906847625 ], [ -124.165288414481623, 53.432323108551913 ], [ -124.164214975981864, 53.43288491984579 ], [ -124.164124764504663, 53.432923038287981 ], [ -124.163376805285282, 53.433239152254735 ], [ -124.163133622477432, 53.43334192470607 ], [ -124.162044361794287, 53.433694122985571 ], [ -124.161379574057491, 53.433419918022445 ], [ -124.160839815829064, 53.433130516359249 ], [ -124.159712142977526, 53.433177425575501 ], [ -124.158610626519007, 53.433448808317152 ], [ -124.157515593135869, 53.43377405333365 ], [ -124.156419553578317, 53.43406334124272 ], [ -124.155315807090162, 53.434253804308213 ], [ -124.154713751891336, 53.434441414547059 ], [ -124.154376138358288, 53.434759301118774 ], [ -124.154302984037201, 53.435207475404987 ], [ -124.15436152857697, 53.435701322491838 ], [ -124.154306692602304, 53.436270171229026 ], [ -124.15400818422512, 53.436920286437157 ], [ -124.153465975725837, 53.437651657017753 ], [ -124.152552703057111, 53.437654487906777 ], [ -124.152124594524864, 53.437624719182729 ], [ -124.151876707615145, 53.437599134175855 ], [ -124.151809027631359, 53.437577715859241 ], [ -124.151793679353204, 53.437582525061103 ], [ -124.151774578303318, 53.437587562925494 ], [ -124.151739037108285, 53.437593753257126 ], [ -124.151605281105134, 53.437550824764379 ], [ -124.151358355230087, 53.437462211739813 ], [ -124.150792405572062, 53.437320872593098 ], [ -124.150020635305054, 53.437172489002677 ], [ -124.14948310022605, 53.436840065348413 ], [ -124.148704221912695, 53.436613835983003 ], [ -124.147683998359568, 53.43649379620804 ], [ -124.146557106832887, 53.436573541057044 ], [ -124.145428914944205, 53.436605337055049 ], [ -124.144294729616192, 53.436601231717319 ], [ -124.143152722860847, 53.436492309084485 ], [ -124.142016459593307, 53.436410288347695 ], [ -124.140868648279138, 53.436271435418739 ], [ -124.139709278605196, 53.436075749717176 ], [ -124.138572624952033, 53.435978718129711 ], [ -124.137541772915668, 53.435771795488449 ], [ -124.136634009136316, 53.435538728370346 ], [ -124.135831553894661, 53.435177801783709 ], [ -124.135244445521735, 53.434988613183052 ], [ -124.134527623910884, 53.434764703932139 ], [ -124.133871972988146, 53.434513230556057 ], [ -124.133406720895948, 53.434880215428265 ], [ -124.132681899095232, 53.435172754612722 ], [ -124.131692467236903, 53.435326959994683 ], [ -124.13056775828224, 53.435362578358266 ], [ -124.130035758233802, 53.435169844585353 ], [ -124.129266080241848, 53.435096224872957 ], [ -124.128258704333248, 53.435141705432144 ], [ -124.127141759317013, 53.435218168682454 ], [ -124.126129220571443, 53.435131835091127 ], [ -124.125352936600009, 53.434934394718297 ], [ -124.124812910227533, 53.434625852150091 ], [ -124.124395182482203, 53.434198302272598 ], [ -124.123984290557814, 53.43383960274916 ], [ -124.123727875001393, 53.433566342580484 ], [ -124.123669906780151, 53.433334165784366 ], [ -124.123874048049927, 53.43314746413472 ], [ -124.124192684726353, 53.432989657589538 ], [ -124.124598010404569, 53.432758114297329 ], [ -124.125158132922408, 53.43287868078599 ], [ -124.124808148983945, 53.432482455148687 ], [ -124.124577229082163, 53.432098089930307 ], [ -124.124395607946624, 53.431680307413558 ], [ -124.12420145359107, 53.431230671320094 ], [ -124.124136116397196, 53.430909668662927 ], [ -124.124248917744751, 53.430684869633851 ], [ -124.124539885309176, 53.430556283191258 ], [ -124.124884086980401, 53.430481132347602 ], [ -124.125173842018683, 53.430370527253949 ], [ -124.125361049999711, 53.430176994154117 ], [ -124.125397890990243, 53.429862019915134 ], [ -124.125339030346339, 53.429470044316446 ], [ -124.125282263919686, 53.429030102325015 ], [ -124.125223355790894, 53.428509279047212 ], [ -124.125058315052428, 53.428149268901436 ], [ -124.124648562755993, 53.42783151353018 ], [ -124.123874128020674, 53.427572113801098 ], [ -124.122859736787262, 53.427344940473375 ], [ -124.121676859468081, 53.427005475818113 ], [ -124.120527624971217, 53.426800522939772 ], [ -124.119886297636384, 53.426577802181583 ], [ -124.119370601926192, 53.426298976314563 ], [ -124.118627848825241, 53.42647972840598 ], [ -124.11793469776778, 53.42670296560599 ], [ -124.117247152823538, 53.426757339175246 ], [ -124.1166748168216, 53.426549945950157 ], [ -124.116316156606729, 53.426136799020689 ], [ -124.11617787951829, 53.425645679165228 ], [ -124.11508090180071, 53.425709853394586 ], [ -124.113999906558533, 53.425809835469884 ], [ -124.113235926217556, 53.425178726616565 ], [ -124.112634618074779, 53.424756837520334 ], [ -124.112036715597654, 53.424400839386678 ], [ -124.111442216292474, 53.424110723341343 ], [ -124.110697628853217, 53.423835983465409 ], [ -124.110672038231385, 53.42343170473962 ], [ -124.110646218173429, 53.423018439161538 ], [ -124.109604786219379, 53.423094040095741 ], [ -124.108644633024554, 53.423144905741559 ], [ -124.107912819668968, 53.423102755528809 ], [ -124.107528228860289, 53.422845637370081 ], [ -124.107380507259165, 53.422437497975707 ], [ -124.106253275669772, 53.422492888031606 ], [ -124.105205816603174, 53.422529553175124 ], [ -124.104145531421366, 53.422458458241387 ], [ -124.103189893299671, 53.422554186743611 ], [ -124.102187438521483, 53.42252049277625 ], [ -124.101261446798503, 53.422405179674584 ], [ -124.100533247773029, 53.42217817839483 ], [ -124.100022608592084, 53.421894226799076 ], [ -124.099024174189438, 53.422274970097511 ], [ -124.098023009997107, 53.422550867010393 ], [ -124.097880083926881, 53.422065761547174 ], [ -124.09751477432485, 53.421775468435904 ], [ -124.096817999533584, 53.421793849432554 ], [ -124.095903010085536, 53.422039969394049 ], [ -124.095173966121848, 53.422234431347817 ], [ -124.094573686524512, 53.422429711874535 ], [ -124.093974352703697, 53.422597006108681 ], [ -124.093496902101208, 53.422888032490143 ], [ -124.092888541219253, 53.4232252118491 ], [ -124.092277073628836, 53.423637314837613 ], [ -124.091545179164328, 53.424048525151619 ], [ -124.090944069517576, 53.424474513310564 ], [ -124.090717180281914, 53.424887097183458 ], [ -124.090864523092065, 53.425286269957589 ], [ -124.09138383040117, 53.425649087545203 ], [ -124.091903884908277, 53.42603985929324 ], [ -124.092548371814033, 53.426392537724887 ], [ -124.093194124275115, 53.426663299415949 ], [ -124.094062391637749, 53.426742247869569 ], [ -124.095029422219241, 53.426695427426168 ], [ -124.095054637864465, 53.427090722094626 ], [ -124.095083539926421, 53.427629815081801 ], [ -124.095111762817723, 53.428141947593048 ], [ -124.094053087969755, 53.428529191695922 ], [ -124.092904398864604, 53.428341946080522 ], [ -124.09229320607173, 53.428702118166079 ], [ -124.091936943146479, 53.42909191300312 ], [ -124.091707173745121, 53.429457572787889 ], [ -124.091347676889896, 53.429721549884697 ], [ -124.090598271846432, 53.429845255396494 ], [ -124.089587433766908, 53.429882444962836 ], [ -124.089486659606195, 53.430257924365883 ], [ -124.089131695393846, 53.430568793115441 ], [ -124.088522536722294, 53.430815057926914 ], [ -124.087783967857646, 53.430971607248452 ], [ -124.087047309269494, 53.431137121086522 ], [ -124.086181486845163, 53.431287824750449 ], [ -124.085186485032111, 53.431423715185296 ], [ -124.084118722331084, 53.431460383281831 ], [ -124.08306480664352, 53.431646733295956 ], [ -124.081983985939658, 53.431762398182535 ], [ -124.080891479970433, 53.431813243544873 ], [ -124.07979475610928, 53.431697319876378 ], [ -124.078700996999686, 53.431500450596623 ], [ -124.078728338863272, 53.431985616460167 ], [ -124.077642232732572, 53.43209130420658 ], [ -124.076523427492646, 53.432293162511527 ], [ -124.075388859710998, 53.432069667419711 ], [ -124.074267437525776, 53.432101731813511 ], [ -124.073262214346116, 53.432032860274731 ], [ -124.072373196427435, 53.43186306469304 ], [ -124.07160774776851, 53.431552311247692 ], [ -124.070724599637842, 53.431282563343238 ], [ -124.069718208621438, 53.431032893206087 ], [ -124.068589798212543, 53.431051979148172 ], [ -124.067458913357285, 53.430972198684863 ], [ -124.06748319470087, 53.431340546626281 ], [ -124.066353421809922, 53.431305690004379 ], [ -124.06586133605353, 53.431624701920029 ], [ -124.0651198306401, 53.431868037078544 ], [ -124.064128906068049, 53.432035672932351 ], [ -124.06338484235323, 53.431976385556169 ], [ -124.062635842457311, 53.431920124184273 ], [ -124.061885585326962, 53.431812932523435 ], [ -124.06112685838302, 53.431634897668673 ], [ -124.06036486882617, 53.431391967487869 ], [ -124.059470793180324, 53.431083280550205 ], [ -124.058579078036431, 53.43080153009177 ], [ -124.057689706141673, 53.430546724888949 ], [ -124.05704640854799, 53.430165884485497 ], [ -124.056403953469953, 53.429817992787676 ], [ -124.055762309221066, 53.429503049333022 ], [ -124.054878425007132, 53.429399996689433 ], [ -124.053989973109012, 53.429248028479279 ], [ -124.053221700334504, 53.429018091536214 ], [ -124.052696268475088, 53.428667151477605 ], [ -124.052301382243598, 53.428320047023391 ], [ -124.051772246365417, 53.427886237757029 ], [ -124.051115895904061, 53.427446543147148 ], [ -124.05033614274268, 53.426953004828938 ], [ -124.049697424522194, 53.426752867513656 ], [ -124.049180834916399, 53.426486733505001 ], [ -124.048045528705075, 53.426221029273371 ], [ -124.046906321892493, 53.42600030111732 ], [ -124.045763211301917, 53.425824539980297 ], [ -124.044640430973246, 53.426068081800949 ], [ -124.043517422039358, 53.426302626131275 ], [ -124.043571287175993, 53.427272994072432 ], [ -124.043597127455172, 53.427713243246508 ], [ -124.043604609235089, 53.42801880839469 ], [ -124.042478164376305, 53.428115542761446 ], [ -124.04135296368392, 53.428263192602465 ], [ -124.040721382558871, 53.428012003503412 ], [ -124.040211004870315, 53.427724800782158 ], [ -124.040178617869088, 53.427014933191018 ], [ -124.040150404817496, 53.426475826641635 ], [ -124.039002885702331, 53.426324009017137 ], [ -124.037873256164474, 53.426288882023727 ], [ -124.037900352794637, 53.426783054467883 ], [ -124.037927006154717, 53.427259252768351 ], [ -124.037955620082641, 53.427816333412537 ], [ -124.037983591470791, 53.428346453256999 ], [ -124.03801243640676, 53.428912520728638 ], [ -124.038041281701126, 53.429478597000148 ], [ -124.038069684192976, 53.430026690156808 ], [ -124.038082164019855, 53.430538964091355 ], [ -124.038109265842593, 53.431033135493571 ], [ -124.037116726194213, 53.431413315603407 ], [ -124.036252064509654, 53.431825334080123 ], [ -124.035514753267648, 53.432248223828971 ], [ -124.034652432129107, 53.432551339910034 ], [ -124.033667270822264, 53.432824557826464 ], [ -124.032546853029046, 53.433175837252591 ], [ -124.03143950570157, 53.433446086708152 ], [ -124.030317745652496, 53.433743423348616 ], [ -124.029377497538221, 53.434147051961034 ], [ -124.028541996618543, 53.434594723660275 ], [ -124.027813025752849, 53.434952571478412 ], [ -124.027092438972346, 53.435242434505064 ], [ -124.02638603737806, 53.435427292083752 ], [ -124.025685442303157, 53.435575133867161 ], [ -124.02487360311207, 53.435549143408885 ], [ -124.023946100814783, 53.435443238620024 ], [ -124.023180920983805, 53.43554867283212 ], [ -124.022087840013469, 53.435791747164615 ], [ -124.022008036723292, 53.436229908224895 ], [ -124.021672645775482, 53.436612318815492 ], [ -124.02108167619015, 53.436938986017381 ], [ -124.020487106447732, 53.437255692724342 ], [ -124.020154845815512, 53.437699994856636 ], [ -124.02008491382027, 53.438271912695782 ], [ -124.018960427823643, 53.438254538359331 ], [ -124.017823139785804, 53.438120407506361 ], [ -124.016658100865726, 53.437875636206293 ], [ -124.015491732497495, 53.437573936313207 ], [ -124.014336947256325, 53.437406953498424 ], [ -124.013198817168998, 53.437376664614654 ], [ -124.012077301787016, 53.437483051724655 ], [ -124.011083150883351, 53.43745851598225 ], [ -124.010331804741128, 53.437256709281804 ], [ -124.010318883952024, 53.437253239028209 ], [ -124.00978450748056, 53.43686722523298 ], [ -124.009255787788433, 53.436578049891168 ], [ -124.008627213695632, 53.436521435354877 ], [ -124.008031208528081, 53.436781153489108 ], [ -124.007580753681381, 53.437254386446504 ], [ -124.007108135466197, 53.437569006151818 ], [ -124.006363786512537, 53.437710113689363 ], [ -124.005347697368208, 53.437677721666418 ], [ -124.004876194236545, 53.437969337058384 ], [ -124.004135777031678, 53.438065454077659 ], [ -124.003126469316783, 53.437966067991297 ], [ -124.002788608940804, 53.438322476528853 ], [ -124.002321716596413, 53.438668983479793 ], [ -124.00185689314317, 53.439032450238969 ], [ -124.001394122991272, 53.439412876569001 ], [ -124.001198743448626, 53.4399249001399 ], [ -124.001138851888257, 53.440508696972365 ], [ -124.001196697932713, 53.441047561356022 ], [ -124.001255372060854, 53.441622373137982 ], [ -124.001316809440993, 53.442314024501201 ], [ -124.001250094683613, 53.442820970700801 ], [ -124.000931112012708, 53.443342019158067 ], [ -124.000547185750008, 53.443617721310687 ], [ -124.000230285565195, 53.443845290782754 ], [ -123.999270224734317, 53.444281806245307 ], [ -123.999440566208122, 53.444767798434988 ], [ -123.999861674388811, 53.445174782024232 ], [ -124.000533539101141, 53.44550275414732 ], [ -124.00120893610034, 53.445979509775086 ], [ -124.001637268976978, 53.446479310527074 ], [ -124.001818544708215, 53.447002159303636 ], [ -124.001988429385307, 53.447467168669377 ], [ -124.002286682352533, 53.447912131145344 ], [ -124.002708125996492, 53.448331077600855 ], [ -124.00302479206394, 53.448989625657973 ], [ -124.003340805785101, 53.449619212130841 ], [ -124.003775419729322, 53.450169888833898 ], [ -124.004553298828981, 53.450376094472475 ], [ -124.005575486201991, 53.450512320150125 ], [ -124.005615362753773, 53.450925487343191 ], [ -124.005672627412054, 53.451437385893328 ], [ -124.005713989544361, 53.451913461258123 ], [ -124.005769357986011, 53.452344468524139 ], [ -124.005072524969435, 53.452879698008495 ], [ -124.004492861650988, 53.453346013671421 ], [ -124.00389634236349, 53.453665647777598 ], [ -124.003422972699056, 53.453957280939754 ], [ -124.002947381064573, 53.45422595044716 ], [ -124.002733034455289, 53.454574332720277 ], [ -124.002526772785686, 53.454981573689544 ], [ -124.002445830281175, 53.455381769889321 ], [ -124.002355496133163, 53.455738102111376 ], [ -124.002500898852986, 53.455943632834725 ], [ -124.002771935030196, 53.456154092668967 ], [ -124.002309887146765, 53.456501559788933 ], [ -124.001589556620317, 53.456825213234445 ], [ -124.000864937737646, 53.457108957138047 ], [ -124.000514418989681, 53.457360591793297 ], [ -124.000667116997022, 53.457592031602516 ], [ -123.999940830336385, 53.457876773164926 ], [ -123.999471236133786, 53.458189326190848 ], [ -123.999124987925569, 53.458481875098634 ], [ -123.999030012930888, 53.458784307499855 ], [ -123.99881346594313, 53.45911271583708 ], [ -123.998726899891153, 53.459488984954277 ], [ -123.998642436261818, 53.459883220119437 ], [ -123.998699215806354, 53.460377146248163 ], [ -123.997530811946191, 53.460009360959155 ], [ -123.996380414126961, 53.459767266008001 ], [ -123.995243637690692, 53.459462119686471 ], [ -123.994044111306494, 53.459049620884571 ], [ -123.992958649205121, 53.458790967675078 ], [ -123.992061883399501, 53.458657592611708 ], [ -123.991353804930782, 53.458649482058803 ], [ -123.990955165895656, 53.458347163702534 ], [ -123.990785758132375, 53.458186758232991 ], [ -123.990631820592142, 53.45804421248156 ], [ -123.990481725965154, 53.458425995670581 ], [ -123.990217644825719, 53.458799733409229 ], [ -123.989758505166648, 53.459206052012966 ], [ -123.989171878116906, 53.459599441910633 ], [ -123.988462066224926, 53.459949894758481 ], [ -123.987751902308645, 53.460285374222742 ], [ -123.987093588945712, 53.460620416204051 ], [ -123.986488326327887, 53.461005947723265 ], [ -123.985711519618221, 53.461500771604129 ], [ -123.985566843517731, 53.461540921803 ], [ -123.985352582051476, 53.461611597724733 ], [ -123.984949906214524, 53.461351239279111 ], [ -123.984555475743093, 53.461012902609326 ], [ -123.984169292203632, 53.460596596718652 ], [ -123.983759949173475, 53.460264370377701 ], [ -123.983234750877401, 53.459988036646067 ], [ -123.98271116884392, 53.459708688502175 ], [ -123.982067893437986, 53.459463281237419 ], [ -123.981434005342379, 53.4591169165083 ], [ -123.980584775708095, 53.458794280785035 ], [ -123.97964156161953, 53.458458435464571 ], [ -123.978606284789237, 53.458340075357995 ], [ -123.977544820213993, 53.458319801731058 ], [ -123.976477937914794, 53.458427409349895 ], [ -123.975430949683286, 53.458527850238461 ], [ -123.974384105528387, 53.458634273428338 ], [ -123.973337389916168, 53.458746678665932 ], [ -123.97228291647005, 53.458959016024892 ], [ -123.971266519921201, 53.459154052255492 ], [ -123.970252315578477, 53.459299125494567 ], [ -123.969157577845763, 53.459508768652789 ], [ -123.968079399636764, 53.459784186413273 ], [ -123.967136529428487, 53.459754868361394 ], [ -123.966299150816653, 53.459654775562328 ], [ -123.965576756143406, 53.459606676029289 ], [ -123.964867110343505, 53.459603420257729 ], [ -123.963952119665706, 53.459992347609862 ], [ -123.96339327393413, 53.46036740512578 ], [ -123.963315554697317, 53.46077853741668 ], [ -123.963598337942315, 53.461219712860405 ], [ -123.96388735282649, 53.461713783004178 ], [ -123.964176001213389, 53.462191869365405 ], [ -123.964464297416384, 53.462653981173204 ], [ -123.964871009825899, 53.463097152270272 ], [ -123.965157350097073, 53.46354630028484 ], [ -123.965329040511207, 53.464031316261782 ], [ -123.965368335123301, 53.46443550739604 ], [ -123.9654255408078, 53.464965404903154 ], [ -123.96548215058138, 53.465468341698269 ], [ -123.964418298543904, 53.465719631692501 ], [ -123.963500196394975, 53.46597673733806 ], [ -123.962824874947842, 53.466311780102671 ], [ -123.962392335817384, 53.46672477303278 ], [ -123.961967846471012, 53.467198616623307 ], [ -123.961394128534707, 53.46743894622692 ], [ -123.960773838998222, 53.467322087769162 ], [ -123.960243378641664, 53.466957798980374 ], [ -123.959300156035852, 53.467290973089604 ], [ -123.95848677719772, 53.467667057950841 ], [ -123.957786330538966, 53.468004269746991 ], [ -123.956954864567322, 53.468247640535317 ], [ -123.95610967869132, 53.468327319624905 ], [ -123.95527369288196, 53.468369961466216 ], [ -123.954671567564816, 53.468316849908753 ], [ -123.954079722844554, 53.468348537548067 ], [ -123.953486825276499, 53.468333296412979 ], [ -123.952680838855073, 53.468444600191205 ], [ -123.951768062237008, 53.46857172620853 ], [ -123.951113219012811, 53.468705788483263 ], [ -123.950544265117514, 53.468863127897407 ], [ -123.949956024182598, 53.468981670761053 ], [ -123.949348170613263, 53.469121337015899 ], [ -123.948603998837953, 53.469229122295992 ], [ -123.947619900349736, 53.469461653275026 ], [ -123.946778031910796, 53.469767964749671 ], [ -123.946226219050317, 53.470094938885929 ], [ -123.945667566026415, 53.470341075645585 ], [ -123.945218440636708, 53.470544386135003 ], [ -123.944630419209361, 53.470598973553564 ], [ -123.944051313365208, 53.470754368389116 ], [ -123.943364801214088, 53.470972531795042 ], [ -123.942358141489478, 53.471549779253813 ], [ -123.941844858030592, 53.472032243307162 ], [ -123.941553595525619, 53.472486988405535 ], [ -123.941484361759663, 53.472914016192981 ], [ -123.941522450052858, 53.473273278949222 ], [ -123.940400198464658, 53.473623703209427 ], [ -123.939335007075002, 53.473829833922558 ], [ -123.938897907051128, 53.474125916859045 ], [ -123.938337196365097, 53.47435903862074 ], [ -123.937272282798659, 53.474503230824787 ], [ -123.936202732326507, 53.474588528067827 ], [ -123.935172235341454, 53.474547655765505 ], [ -123.934152627785721, 53.474544636631506 ], [ -123.933038247167019, 53.474571327705263 ], [ -123.933077847872909, 53.475002488589247 ], [ -123.932996476269835, 53.475414625439939 ], [ -123.93266784838687, 53.475773756800308 ], [ -123.931950501129208, 53.476043035459568 ], [ -123.930965214312948, 53.476232493684613 ], [ -123.930054803311819, 53.476018849890274 ], [ -123.929262427502593, 53.475766329663124 ], [ -123.928550667688285, 53.475602063294694 ], [ -123.927696384496485, 53.475504826275021 ], [ -123.926699605457344, 53.475474607117739 ], [ -123.926611359299031, 53.474882013930952 ], [ -123.92652429033447, 53.474343351271216 ], [ -123.926436049024744, 53.473750757646059 ], [ -123.926331569734288, 53.473104347555164 ], [ -123.926243920670998, 53.472538723328746 ], [ -123.925070688637177, 53.47262870683879 ], [ -123.924090318086172, 53.472657268915142 ], [ -123.923217308723537, 53.472619069860997 ], [ -123.92241483908677, 53.472436500270831 ], [ -123.92150657334625, 53.472238758019856 ], [ -123.92047829933415, 53.472064907201158 ], [ -123.919330017229669, 53.471914935758534 ], [ -123.91817834658201, 53.471839891777243 ], [ -123.917038991226633, 53.471869618405663 ], [ -123.915894413781814, 53.471890384810848 ], [ -123.915470710297868, 53.472271165184203 ], [ -123.914789924154519, 53.472607981638987 ], [ -123.913976636795951, 53.47293380655033 ], [ -123.913156719602824, 53.473262683908779 ], [ -123.912445729807814, 53.473597712600657 ], [ -123.911735181199475, 53.473953715666347 ], [ -123.910657021092575, 53.474264560132752 ], [ -123.909562172710409, 53.474500624530606 ], [ -123.908528376089507, 53.474381641461854 ], [ -123.907612124610623, 53.47420083138725 ], [ -123.906945162085776, 53.473934231073436 ], [ -123.906283198755929, 53.473744487978294 ], [ -123.905623537564395, 53.473662594185086 ], [ -123.904844217217246, 53.473700465161258 ], [ -123.903781961791282, 53.473816371025549 ], [ -123.902693579189659, 53.473884522776466 ], [ -123.901579057903277, 53.47390491943775 ], [ -123.900449298543421, 53.473916439264116 ], [ -123.899415105937592, 53.473777402811422 ], [ -123.898599820658234, 53.473459932951982 ], [ -123.89814901666368, 53.473040836512446 ], [ -123.8979503902912, 53.472592876357076 ], [ -123.897407896028056, 53.47227035304487 ], [ -123.896620999070791, 53.472027560838605 ], [ -123.895728829970892, 53.471952349223159 ], [ -123.894847995178495, 53.471937975372541 ], [ -123.894121845117596, 53.472035296939175 ], [ -123.893285351112155, 53.472139433085673 ], [ -123.89233940850832, 53.472293325422271 ], [ -123.891250229242814, 53.472402331912505 ], [ -123.890123125636038, 53.472459669137187 ], [ -123.889099749335074, 53.472273528488202 ], [ -123.888215274609877, 53.472085338246444 ], [ -123.887490713542533, 53.471938913040667 ], [ -123.886802135073125, 53.471912061207455 ], [ -123.886219433781591, 53.471583787650623 ], [ -123.885508618680049, 53.471292419631872 ], [ -123.884988658041351, 53.471564947569178 ], [ -123.8847100463516, 53.471932560840827 ], [ -123.884672802695093, 53.472395270315445 ], [ -123.883562088088894, 53.472355548572089 ], [ -123.882451184565753, 53.4724676310218 ], [ -123.881347940612599, 53.472626587033922 ], [ -123.880252352171738, 53.472832425768573 ], [ -123.879172557440214, 53.473074084973021 ], [ -123.879104313311458, 53.472688058430947 ], [ -123.879159456946226, 53.472197255384117 ], [ -123.879323851777329, 53.471646719551721 ], [ -123.879490487264746, 53.471124124907234 ], [ -123.879307359190335, 53.470767910431512 ], [ -123.87865465383571, 53.470612908899703 ], [ -123.877760499101115, 53.470518599531545 ], [ -123.876978454153814, 53.470341570507507 ], [ -123.87642834442255, 53.470046965183684 ], [ -123.875748668425558, 53.469637455758161 ], [ -123.875307177105725, 53.469170268893592 ], [ -123.875103894971318, 53.468645398777859 ], [ -123.874898561817389, 53.468184462868116 ], [ -123.874447676409872, 53.467747301608831 ], [ -123.873751230556678, 53.467333911960203 ], [ -123.872965824445316, 53.466989079677653 ], [ -123.872150243797947, 53.466641461910307 ], [ -123.871304488617625, 53.466291075953116 ], [ -123.871917915803095, 53.465922045000653 ], [ -123.872127472746897, 53.465529987238803 ], [ -123.871797235573794, 53.465178834584904 ], [ -123.870954068217898, 53.464953260669837 ], [ -123.869986886551658, 53.464801504509438 ], [ -123.869167779673177, 53.464605710784788 ], [ -123.86861306130325, 53.464324092064132 ], [ -123.867479986451571, 53.464161530724027 ], [ -123.866432504540342, 53.464010325965134 ], [ -123.865440382781827, 53.463781803916063 ], [ -123.864554347327939, 53.463502570833299 ], [ -123.86401762231614, 53.463198828359118 ], [ -123.863613494490679, 53.462913096267251 ], [ -123.86333907865334, 53.462669379807366 ], [ -123.862719441236493, 53.462485086139964 ], [ -123.861864343149449, 53.462326458408086 ], [ -123.860742543664585, 53.462220689400574 ], [ -123.859590081296588, 53.462088151743671 ], [ -123.858547475265667, 53.461924859674703 ], [ -123.857436978017589, 53.461797995033294 ], [ -123.856329248366734, 53.46172504606303 ], [ -123.855682900286027, 53.462041287652809 ], [ -123.855108675573192, 53.462366014311492 ], [ -123.854651706361196, 53.4626958791007 ], [ -123.85430649584795, 53.463006970819904 ], [ -123.853897245317199, 53.46338044140591 ], [ -123.853381996494662, 53.463726709036237 ], [ -123.852746015175015, 53.463977948547033 ], [ -123.852214573723174, 53.464268384572193 ], [ -123.851787686992608, 53.464598036680933 ], [ -123.851518408918395, 53.465193230251749 ], [ -123.851692358040054, 53.465521586917113 ], [ -123.851988233675073, 53.465837086327589 ], [ -123.852401138255075, 53.466145763049482 ], [ -123.852597112343119, 53.466403047299508 ], [ -123.852571635930659, 53.466718844019077 ], [ -123.852324719008891, 53.467093153312398 ], [ -123.852192584836672, 53.467264882481381 ], [ -123.852045559806882, 53.467445712632468 ], [ -123.851873528144978, 53.467715607971407 ], [ -123.851488326697705, 53.468038963007849 ], [ -123.850889919351076, 53.4684157661505 ], [ -123.849848978967159, 53.468342278472441 ], [ -123.848764461079881, 53.468349988933852 ], [ -123.848572532780906, 53.467958829043347 ], [ -123.848257901294787, 53.467625472257794 ], [ -123.84770148134632, 53.467421674164726 ], [ -123.847010895363766, 53.4671209493102 ], [ -123.846085996733677, 53.466904768116656 ], [ -123.845162642980839, 53.466597692557968 ], [ -123.844275385120454, 53.466506078017829 ], [ -123.843519489983663, 53.46637059552031 ], [ -123.842747969455488, 53.466206241846884 ], [ -123.841947197585853, 53.465917246406256 ], [ -123.841154334403299, 53.465689115206402 ], [ -123.840371772104149, 53.46547289267933 ], [ -123.839716585509606, 53.465265760369853 ], [ -123.839177463385397, 53.465001875323374 ], [ -123.838635732582844, 53.464691066130506 ], [ -123.837872163074024, 53.464417761541284 ], [ -123.836886726503607, 53.464181965718474 ], [ -123.835901488222575, 53.464041043500544 ], [ -123.835032797276625, 53.463868338140635 ], [ -123.834391063280762, 53.463661079091246 ], [ -123.833747196626987, 53.463430860536086 ], [ -123.833217502123873, 53.463132922096712 ], [ -123.832570431135863, 53.462822814030886 ], [ -123.832039731767622, 53.462472947328116 ], [ -123.831401527728161, 53.462187740015509 ], [ -123.830781568306662, 53.461979314557361 ], [ -123.830063036468061, 53.461865458474669 ], [ -123.829549388966328, 53.462130701292097 ], [ -123.82900319010237, 53.462358220741983 ], [ -123.828445300643835, 53.462586815918655 ], [ -123.827716706898642, 53.462729693718757 ], [ -123.826817396032098, 53.462786859712814 ], [ -123.825758987904536, 53.462839126774654 ], [ -123.82459333123866, 53.462884128400297 ], [ -123.823479659950408, 53.462848862180202 ], [ -123.822395554147135, 53.462610631621402 ], [ -123.821273087717614, 53.462465537782364 ], [ -123.820907686330656, 53.462523979348276 ], [ -123.820676379353216, 53.462679382872814 ], [ -123.820462786176222, 53.462972488123157 ], [ -123.820370987550845, 53.463332680622301 ], [ -123.820169249208007, 53.46372059423566 ], [ -123.819973968027497, 53.464095472356 ], [ -123.819554569801056, 53.464479879538544 ], [ -123.819133557252556, 53.464867304251584 ], [ -123.818592573153936, 53.465195606690251 ], [ -123.818161000096936, 53.465470229920697 ], [ -123.817610624574343, 53.465659776491094 ], [ -123.817063925125623, 53.465866262072694 ], [ -123.816406994253342, 53.466085493368659 ], [ -123.815386563893824, 53.466290215286612 ], [ -123.81469939798356, 53.466591541718316 ], [ -123.814062063521291, 53.466523971689789 ], [ -123.813376526058377, 53.46656160090842 ], [ -123.812759188588018, 53.466752569339597 ], [ -123.812298017410896, 53.467057337990369 ], [ -123.811182038449502, 53.466993009775393 ], [ -123.81027939398453, 53.467057057100945 ], [ -123.809599524253244, 53.46721747903127 ], [ -123.809142443153448, 53.467474261717307 ], [ -123.807990482275599, 53.467631871025027 ], [ -123.806829971485612, 53.46786743380968 ], [ -123.805779431668654, 53.468078272594639 ], [ -123.805072823328914, 53.468241844286581 ], [ -123.804353521145458, 53.468354555389297 ], [ -123.803596140185974, 53.468401601142169 ], [ -123.802440305092333, 53.468355429627834 ], [ -123.802075922127329, 53.468649517180751 ], [ -123.801585052470216, 53.468804627574329 ], [ -123.801092160555669, 53.468763985995395 ], [ -123.800476895081076, 53.468624286372609 ], [ -123.799975555342371, 53.468400924745957 ], [ -123.799346537711102, 53.468241338445416 ], [ -123.798715049272758, 53.468128703630981 ], [ -123.797980363483745, 53.468046715449056 ], [ -123.796890253759202, 53.468024029505266 ], [ -123.796741254009703, 53.467664458985354 ], [ -123.79636888978159, 53.467355327721265 ], [ -123.795773195782928, 53.467096616285382 ], [ -123.796322753524819, 53.466768357220232 ], [ -123.796525416955078, 53.46641742888945 ], [ -123.79638116331769, 53.466043850407658 ], [ -123.795880379862226, 53.465668656546043 ], [ -123.795364742887472, 53.465303541584262 ], [ -123.794834221761519, 53.464948513733894 ], [ -123.794416612388702, 53.464633678653691 ], [ -123.794397691152, 53.464427052745059 ], [ -123.794376759483114, 53.46411258029984 ], [ -123.794355310403205, 53.463771145892629 ], [ -123.794242694647579, 53.463386367662821 ], [ -123.793980286828727, 53.463046526315196 ], [ -123.793568089268291, 53.462751629839637 ], [ -123.7940609969082, 53.462438731828854 ], [ -123.794658617114095, 53.462177074226169 ], [ -123.795360950116034, 53.461966655475749 ], [ -123.795674001225464, 53.461524108924543 ], [ -123.795992811894251, 53.461120482685054 ], [ -123.796317353137084, 53.460755767217606 ], [ -123.797049100643022, 53.460687960884336 ], [ -123.79764650619606, 53.460506191523322 ], [ -123.7981155227139, 53.460261355584436 ], [ -123.798329792924363, 53.459907356771517 ], [ -123.798526227082093, 53.459584436689305 ], [ -123.798728909169029, 53.459326394396271 ], [ -123.799076354229342, 53.459203222265742 ], [ -123.799389584661967, 53.459129215628494 ], [ -123.799644533070122, 53.459070576267713 ], [ -123.799813566830707, 53.458982555367236 ], [ -123.800110988319943, 53.458779805618406 ], [ -123.80047654745438, 53.458462747510346 ], [ -123.800836057707258, 53.458091788636189 ], [ -123.801325206480826, 53.457762904509657 ], [ -123.801943991732429, 53.457476102512004 ], [ -123.802688593110986, 53.45729431552413 ], [ -123.80305253653583, 53.457160031398978 ], [ -123.803308397714716, 53.456973543682899 ], [ -123.80358771786851, 53.456788886474847 ], [ -123.803890496256429, 53.45660606856795 ], [ -123.803799734207985, 53.456319029819412 ], [ -123.803744108877694, 53.456031759732461 ], [ -123.803705673630191, 53.455591556466075 ], [ -123.803879493516135, 53.455314727838854 ], [ -123.804102243886433, 53.455058535056779 ], [ -123.803840618815315, 53.45485055875627 ], [ -123.803545007416758, 53.454614832770865 ], [ -123.803215409911445, 53.454351374753657 ], [ -123.802687733649591, 53.454143180722717 ], [ -123.802038455084912, 53.453963764670327 ], [ -123.801271777009248, 53.453858051047121 ], [ -123.800499970590195, 53.453836251029223 ], [ -123.799768238832542, 53.453898087322045 ], [ -123.799081669233317, 53.453959605518897 ], [ -123.798927833733018, 53.453609064132877 ], [ -123.798780126430984, 53.453317418072679 ], [ -123.798518507878271, 53.453107420928291 ], [ -123.798378397863019, 53.452863659618217 ], [ -123.798113888122018, 53.452588764406933 ], [ -123.797963977898064, 53.452268160289407 ], [ -123.797809024315512, 53.451945588758846 ], [ -123.796702707593411, 53.451839109257293 ], [ -123.795606494880332, 53.4517355499434 ], [ -123.794506100161001, 53.451676958348479 ], [ -123.793392765515307, 53.451732292953132 ], [ -123.792864679187929, 53.451407207067675 ], [ -123.792181744402171, 53.451212981411494 ], [ -123.791343972010722, 53.451149613638371 ], [ -123.790746109280207, 53.451120617079503 ], [ -123.791009438662869, 53.450705376126564 ], [ -123.790987877111561, 53.450354952084624 ], [ -123.790966801604654, 53.450031480564604 ], [ -123.790803541683559, 53.449619072983751 ], [ -123.790646507332767, 53.449271534751325 ], [ -123.790626718706378, 53.449016983513175 ], [ -123.790868989211262, 53.448818613572413 ], [ -123.790069467326049, 53.448470342706038 ], [ -123.789446113815316, 53.448056975577103 ], [ -123.788949492910234, 53.447620788184011 ], [ -123.788579791914216, 53.447170787766964 ], [ -123.788556404169412, 53.446721493180569 ], [ -123.788404643104016, 53.446385902260765 ], [ -123.788137382246745, 53.446047082194376 ], [ -123.787750162488734, 53.445735022265772 ], [ -123.787476243878402, 53.445397242445736 ], [ -123.787320071304293, 53.445003753166574 ], [ -123.787297050254551, 53.44457243285332 ], [ -123.787259792905957, 53.444186154716022 ], [ -123.787221701982432, 53.443754930921564 ], [ -123.787182294450446, 53.443251808757964 ], [ -123.786119096275073, 53.443564438886042 ], [ -123.785114548876436, 53.443792772961267 ], [ -123.784093073715596, 53.443919330224311 ], [ -123.782994438287091, 53.443944513671696 ], [ -123.782971782198274, 53.443531166746233 ], [ -123.782933750453083, 53.443099950687788 ], [ -123.782297969711919, 53.443119491658543 ], [ -123.781597652232961, 53.443109879652702 ], [ -123.780766297353765, 53.4431321101032 ], [ -123.779623180354804, 53.443193509365592 ], [ -123.778877170751201, 53.443198380230946 ], [ -123.778133855429402, 53.443168265225196 ], [ -123.777393265927259, 53.443103173917429 ], [ -123.776292458550955, 53.44300845553056 ], [ -123.776254654816242, 53.44258621551073 ], [ -123.776215538158667, 53.442092076684538 ], [ -123.776059203958695, 53.441683593038675 ], [ -123.775668307805915, 53.441437432420408 ], [ -123.775042818658051, 53.441353600972313 ], [ -123.77500683001837, 53.441030229949092 ], [ -123.774242553721763, 53.440948294315177 ], [ -123.77349747632951, 53.440818285215805 ], [ -123.772771599744274, 53.440640211959774 ], [ -123.773220531177614, 53.440306707261506 ], [ -123.773310841583012, 53.439936578115265 ], [ -123.772924675346786, 53.439581509930129 ], [ -123.772299026912904, 53.439301906659516 ], [ -123.77155471528593, 53.43911994781346 ], [ -123.770412377447528, 53.438941546572224 ], [ -123.769698196624446, 53.438760372845415 ], [ -123.769091076939148, 53.438578509675786 ], [ -123.768403502050745, 53.438295286544474 ], [ -123.768112453209142, 53.438109394632562 ], [ -123.76792052109478, 53.437947828836379 ], [ -123.767826972751521, 53.437768649081008 ], [ -123.767779109216562, 53.437619134275849 ], [ -123.767747060751788, 53.4375114750151 ], [ -123.76773082761558, 53.43744566236041 ], [ -123.767681785404392, 53.43723024031781 ], [ -123.767602964708587, 53.437032991003463 ], [ -123.767493709479027, 53.436817955771915 ], [ -123.767778733637414, 53.436763186138926 ], [ -123.767915073263737, 53.436624484160212 ], [ -123.767927681553971, 53.43639667799939 ], [ -123.767877818600155, 53.436135314649682 ], [ -123.767927927234695, 53.435853336719468 ], [ -123.766793400477539, 53.435546009367258 ], [ -123.765720553545805, 53.4353191804814 ], [ -123.764601905418971, 53.435056674595558 ], [ -123.76342357210045, 53.434821514675178 ], [ -123.762324836289764, 53.434828523900492 ], [ -123.761180615279116, 53.434817847124748 ], [ -123.761143125933984, 53.434404587979522 ], [ -123.760634250678706, 53.434099210999427 ], [ -123.760003716077691, 53.433818568825053 ], [ -123.758990989530986, 53.433582308472246 ], [ -123.758099053754151, 53.433366245612504 ], [ -123.757338202862769, 53.433185299752253 ], [ -123.75670843325895, 53.433039473411455 ], [ -123.757458560426159, 53.432899885966066 ], [ -123.75744000462592, 53.432702238735708 ], [ -123.757443019053184, 53.432495475201357 ], [ -123.757467758377302, 53.432288573700845 ], [ -123.757586484417928, 53.432099052183581 ], [ -123.757741986280806, 53.431909290329756 ], [ -123.757944641323206, 53.431737218990712 ], [ -123.75806680300461, 53.431553670580044 ], [ -123.758084814681922, 53.431343808898603 ], [ -123.757998662326088, 53.431107642659462 ], [ -123.75780803869533, 53.430827197017308 ], [ -123.75766049777026, 53.43052450927744 ], [ -123.757576493598563, 53.430220408228514 ], [ -123.757679326424878, 53.429890163499145 ], [ -123.758033515451118, 53.429495393228343 ], [ -123.758639096719932, 53.429036104946945 ], [ -123.75866742081088, 53.428937047404659 ], [ -123.757479026402663, 53.428971561522125 ], [ -123.75650893729636, 53.428774958485782 ], [ -123.755655455998451, 53.428551636783844 ], [ -123.755020304445026, 53.428286982116937 ], [ -123.754496849172256, 53.428001645951504 ], [ -123.754214378578169, 53.427631877080898 ], [ -123.753937524696298, 53.427296043883935 ], [ -123.753536633450921, 53.427037887383584 ], [ -123.752866618649406, 53.426879317904508 ], [ -123.752807780140387, 53.426672937661429 ], [ -123.752803756895091, 53.426445238160909 ], [ -123.752854547550854, 53.426196228359096 ], [ -123.752832994828083, 53.425827809515802 ], [ -123.752796377541841, 53.425459491905379 ], [ -123.752653142784183, 53.425112824962774 ], [ -123.752259743618097, 53.424803677693916 ], [ -123.751616183548578, 53.424532065551929 ], [ -123.750967788181853, 53.42426947737642 ], [ -123.750437527134991, 53.42397317025145 ], [ -123.750130047840884, 53.423699442028862 ], [ -123.749750745918561, 53.423429152892524 ], [ -123.749958877668902, 53.423284025931366 ], [ -123.750175558313188, 53.423054945148799 ], [ -123.750295731562417, 53.422757554096854 ], [ -123.750319383804509, 53.422391852753833 ], [ -123.749563186631534, 53.422081983168539 ], [ -123.748908819344749, 53.421762484591866 ], [ -123.749096846993467, 53.421329834693815 ], [ -123.749077221614385, 53.421069272717844 ], [ -123.749056329879267, 53.420736810975818 ], [ -123.749018956627665, 53.420323553937763 ], [ -123.748982072695071, 53.41993725050871 ], [ -123.748943617303894, 53.419461081449541 ], [ -123.748985128907933, 53.419254066457839 ], [ -123.748587253330868, 53.419161676039096 ], [ -123.74807206919607, 53.419053042135879 ], [ -123.747439040130416, 53.418898204755017 ], [ -123.746567155613349, 53.418756830879204 ], [ -123.745578229681271, 53.418613198778019 ], [ -123.744513473511844, 53.418627825543723 ], [ -123.743453149907793, 53.418704351319803 ], [ -123.742710387218395, 53.418679002249362 ], [ -123.742110660803903, 53.41880358308152 ], [ -123.741537735785514, 53.419026880221416 ], [ -123.741103539862948, 53.419344184881304 ], [ -123.740551661278943, 53.419624267529706 ], [ -123.739998329191465, 53.419918343869526 ], [ -123.739174255388747, 53.420219086788563 ], [ -123.73822713847099, 53.420462656544636 ], [ -123.737121062981601, 53.420604323811908 ], [ -123.736101185639455, 53.420799383859858 ], [ -123.735760024460333, 53.421086131935475 ], [ -123.73529746064527, 53.421313704189451 ], [ -123.734843660725275, 53.421564198638542 ], [ -123.7342849816838, 53.421842294762769 ], [ -123.73385276882027, 53.422182539475521 ], [ -123.733294978773429, 53.422513568928018 ], [ -123.73273780686992, 53.422880545775499 ], [ -123.731939292433935, 53.423215037838077 ], [ -123.731027033251252, 53.423548218435656 ], [ -123.730024310172539, 53.423871965657554 ], [ -123.729677450052009, 53.424024896453737 ], [ -123.729570234880214, 53.424208335663074 ], [ -123.729470463792509, 53.4244366600578 ], [ -123.729489672283393, 53.424679250102137 ], [ -123.729163739699246, 53.424979872884904 ], [ -123.728843882147999, 53.425343385861979 ], [ -123.728411123902873, 53.425754518252546 ], [ -123.72809700847543, 53.42616094540994 ], [ -123.727644590419246, 53.426498290549048 ], [ -123.727069737527586, 53.42681440487894 ], [ -123.725980700286669, 53.427084708128838 ], [ -123.724895450795159, 53.427283063163337 ], [ -123.723845106702171, 53.427469217456164 ], [ -123.722778221458995, 53.427568563352906 ], [ -123.721736924552545, 53.427697710120299 ], [ -123.720694598924354, 53.427766922188447 ], [ -123.719651278689142, 53.427776209070942 ], [ -123.719122701355332, 53.427569655539841 ], [ -123.718356829750945, 53.427472385283693 ], [ -123.717357913910277, 53.427437436282709 ], [ -123.716373958564674, 53.427397403675137 ], [ -123.715655743827014, 53.427248888575029 ], [ -123.715199043924258, 53.427038889564614 ], [ -123.714001931158833, 53.426551660337381 ], [ -123.713963690839648, 53.426066484623277 ], [ -123.713926527990054, 53.425644221621809 ], [ -123.712797009462307, 53.425597033425177 ], [ -123.711686719869405, 53.425498780078208 ], [ -123.710595647557938, 53.425349470778883 ], [ -123.710110666718748, 53.425145605635194 ], [ -123.709395751667572, 53.424991053442945 ], [ -123.708450918474767, 53.424885792448954 ], [ -123.707346830317846, 53.424958253554287 ], [ -123.706272125976795, 53.424886709352158 ], [ -123.705226816338538, 53.424671160623241 ], [ -123.70408637445091, 53.424466151529316 ], [ -123.702986648963702, 53.424397717496021 ], [ -123.701927643550917, 53.424465868912243 ], [ -123.70188911656507, 53.423953726636697 ], [ -123.701806329866585, 53.423495767811339 ], [ -123.70179802997805, 53.422992440012095 ], [ -123.700685870019356, 53.423079872574782 ], [ -123.699617859779423, 53.423107102171919 ], [ -123.698564958709269, 53.423137241470641 ], [ -123.697510910689616, 53.423098448882584 ], [ -123.696396982045655, 53.423077982320549 ], [ -123.69634170330886, 53.422458063996828 ], [ -123.696302054620219, 53.421874018903722 ], [ -123.696265057677451, 53.421451749273864 ], [ -123.696227183007267, 53.420975554422334 ], [ -123.695579287320413, 53.421231016662595 ], [ -123.695059687979395, 53.421562638712025 ], [ -123.694533628900672, 53.421909278394168 ], [ -123.694001124434095, 53.422270935907903 ], [ -123.693316572764672, 53.422536589054396 ], [ -123.692624962925635, 53.422677436747257 ], [ -123.691926301493126, 53.422693469931538 ], [ -123.691107016438977, 53.422695216632199 ], [ -123.690176791582687, 53.422763518295142 ], [ -123.689121161751942, 53.422625788637824 ], [ -123.688050489880041, 53.422488143023806 ], [ -123.688013435586853, 53.422056883528505 ], [ -123.687977389095906, 53.421688545490206 ], [ -123.68793917409711, 53.421185385470011 ], [ -123.688018820053415, 53.420733472359423 ], [ -123.68809853056807, 53.420285568540827 ], [ -123.688178307138926, 53.419841647144978 ], [ -123.687909257707361, 53.419435697297359 ], [ -123.687412937354893, 53.419139919699518 ], [ -123.686578163654119, 53.419005898513056 ], [ -123.685636386401399, 53.418975348910507 ], [ -123.684701403841771, 53.418950752379715 ], [ -123.683878178481521, 53.418910523215629 ], [ -123.68317049211214, 53.418881610858996 ], [ -123.682470368207632, 53.418906588590858 ], [ -123.682508085305642, 53.419382788276216 ], [ -123.682545234342328, 53.419823037769369 ], [ -123.68258453608135, 53.420398109221466 ], [ -123.68262110324261, 53.420802399172373 ], [ -123.68265753212394, 53.421197710552718 ], [ -123.682694961324472, 53.421655934492797 ], [ -123.682602770408565, 53.422058964903812 ], [ -123.682380663579082, 53.422388835312425 ], [ -123.682028240821467, 53.422621560036148 ], [ -123.681805701988523, 53.422925462117142 ], [ -123.68171343311765, 53.423324500070997 ], [ -123.681626969523066, 53.423668567852182 ], [ -123.681419059426219, 53.424051285273492 ], [ -123.681013542682251, 53.424414328179097 ], [ -123.680579360920177, 53.424759900107965 ], [ -123.680116499394884, 53.425087991504512 ], [ -123.679844214986801, 53.425183698200719 ], [ -123.679469578505291, 53.425183321293993 ], [ -123.679014140758611, 53.425005394877417 ], [ -123.678589997253056, 53.424690633353023 ], [ -123.678060516024289, 53.424411979146612 ], [ -123.677408120183998, 53.424184968289637 ], [ -123.676885385339332, 53.423909273608118 ], [ -123.676241457565908, 53.423688195859988 ], [ -123.675232449533056, 53.423536098538136 ], [ -123.674345035288809, 53.423354337662715 ], [ -123.673619789434213, 53.423169667582449 ], [ -123.672944071771568, 53.422945753467332 ], [ -123.671952096444628, 53.422705637111854 ], [ -123.671915055224133, 53.422265393880771 ], [ -123.670879923201852, 53.422468965147381 ], [ -123.669829038262407, 53.422627680972617 ], [ -123.668781421235792, 53.422783367043642 ], [ -123.667726283263875, 53.422885149356368 ], [ -123.666628669277017, 53.422945210187351 ], [ -123.665507920712955, 53.423022373552762 ], [ -123.664409915198902, 53.423164327790445 ], [ -123.663493502664366, 53.423479040136485 ], [ -123.662699522427332, 53.423818036830113 ], [ -123.662167689165173, 53.424242464414384 ], [ -123.661744253886084, 53.424647318272598 ], [ -123.661423419509859, 53.424984683212209 ], [ -123.66147763598056, 53.425568666846949 ], [ -123.660318227739268, 53.425530139990499 ], [ -123.659265267955718, 53.425562918468074 ], [ -123.658301472465638, 53.425630161124033 ], [ -123.657565944278318, 53.425754064419174 ], [ -123.657202283460705, 53.426026731987818 ], [ -123.657096295926863, 53.426419835974457 ], [ -123.656662663418061, 53.426709866255464 ], [ -123.655994081148478, 53.42694725334642 ], [ -123.655090577799399, 53.427131993903288 ], [ -123.654936964415157, 53.426712349114275 ], [ -123.6546663593559, 53.42629534984362 ], [ -123.654284484465308, 53.425928892584032 ], [ -123.654021406906821, 53.425566782726094 ], [ -123.653871377029034, 53.425161096269633 ], [ -123.652922073461042, 53.424973534863625 ], [ -123.652084630455519, 53.424775357418547 ], [ -123.651324200291754, 53.424472883048736 ], [ -123.650559649920112, 53.424118484448123 ], [ -123.649972784232531, 53.423792084813051 ], [ -123.649495901548406, 53.423441113528767 ], [ -123.648469579248371, 53.423573540746801 ], [ -123.647438900284286, 53.423748923486436 ], [ -123.647052056578573, 53.423379473318825 ], [ -123.646665306871384, 53.423016013478048 ], [ -123.646278650493699, 53.422658552925121 ], [ -123.646241601989203, 53.422200317524045 ], [ -123.646086414696327, 53.42177967663585 ], [ -123.645812685316145, 53.421369658127425 ], [ -123.645420532067149, 53.420979257328597 ], [ -123.645028531115258, 53.420597851905313 ], [ -123.645009405123659, 53.420328285191992 ], [ -123.64387644200869, 53.420037760454782 ], [ -123.643822476985079, 53.41945376729317 ], [ -123.643785863158627, 53.419022502161212 ], [ -123.643766210583024, 53.418716975818207 ], [ -123.643729743209633, 53.418294698310994 ], [ -123.643692856463716, 53.417845448663066 ], [ -123.643656521229403, 53.417432149499916 ], [ -123.643494585617404, 53.417004545990473 ], [ -123.643207053622319, 53.416562637613765 ], [ -123.642788455768212, 53.416076490845676 ], [ -123.642364394229446, 53.415560409861449 ], [ -123.641986838853981, 53.415133967661596 ], [ -123.641596022808542, 53.414491864802265 ], [ -123.641196165842004, 53.413804853635042 ], [ -123.64080057761123, 53.413288612446522 ], [ -123.640409367511708, 53.412952128628497 ], [ -123.640018293022536, 53.412624630994877 ], [ -123.639031196257022, 53.413016440290981 ], [ -123.6384569626466, 53.413406038975047 ], [ -123.638005016088329, 53.41381295539334 ], [ -123.63691512891053, 53.413705908044896 ], [ -123.635825452590382, 53.413611839066775 ], [ -123.634735971552175, 53.413530739209982 ], [ -123.633760200682602, 53.413452023845821 ], [ -123.632893565988013, 53.413291825673546 ], [ -123.632264536221513, 53.4130344809438 ], [ -123.631749742913826, 53.412701615931198 ], [ -123.631485452427398, 53.412351440279011 ], [ -123.631342456008269, 53.411951695146193 ], [ -123.630798814279217, 53.411589009854616 ], [ -123.630012409204838, 53.411311509709456 ], [ -123.628983196111463, 53.411119180078217 ], [ -123.628508385510173, 53.411340409787812 ], [ -123.627905778078258, 53.411511377547015 ], [ -123.627217358678948, 53.411643831158074 ], [ -123.626631320014852, 53.411805716389189 ], [ -123.625629197239519, 53.411750045146746 ], [ -123.624614840645123, 53.411771336970588 ], [ -123.624119925623219, 53.411535212254329 ], [ -123.623510487132108, 53.41135461912944 ], [ -123.622334753585392, 53.411198950086316 ], [ -123.621651403155795, 53.411451210828218 ], [ -123.620974326274691, 53.411790314067694 ], [ -123.620285137374793, 53.412102521261659 ], [ -123.619583314065125, 53.412235004200568 ], [ -123.618877625554475, 53.412217690801825 ], [ -123.6181910921227, 53.412253205119001 ], [ -123.617512034871197, 53.412458469258958 ], [ -123.616822643473412, 53.412758672920255 ], [ -123.616118295423547, 53.413064930953674 ], [ -123.615429382663621, 53.413284217093789 ], [ -123.614681290677794, 53.413572723607302 ], [ -123.61387399999542, 53.413930440091519 ], [ -123.613415487775143, 53.414247411250798 ], [ -123.612827741256794, 53.414412226801211 ], [ -123.61211076478935, 53.414424893822435 ], [ -123.611492067725763, 53.41418136428463 ], [ -123.610863375869101, 53.413938886193989 ], [ -123.610227443287314, 53.413657485325515 ], [ -123.609354662862387, 53.413413246586778 ], [ -123.608371174692209, 53.41314060218474 ], [ -123.608333261249811, 53.412592476201148 ], [ -123.608311420025174, 53.412116168113251 ], [ -123.607801054118127, 53.411728243904349 ], [ -123.607060339848758, 53.411480327834028 ], [ -123.606089274914453, 53.411372397740195 ], [ -123.605508961902984, 53.411000802454801 ], [ -123.605147571170107, 53.410625098441081 ], [ -123.605005112025921, 53.410245287992844 ], [ -123.604950040070747, 53.409544425651433 ], [ -123.603895363386982, 53.409666623159531 ], [ -123.602852518369247, 53.409680878408537 ], [ -123.601821527611392, 53.409587200972069 ], [ -123.601842158641674, 53.409982612783523 ], [ -123.601149319020834, 53.410043027517069 ], [ -123.600441582251236, 53.409995648096867 ], [ -123.599718968889704, 53.409840474553867 ], [ -123.599699368434159, 53.409516972850867 ], [ -123.599662461476044, 53.409031757142081 ], [ -123.599515916686968, 53.408596026468501 ], [ -123.599145349495245, 53.408274288232327 ], [ -123.598397890206897, 53.408133212348645 ], [ -123.597382902598923, 53.408105332868814 ], [ -123.596236238355601, 53.408221929131805 ], [ -123.595910489403806, 53.408595095174206 ], [ -123.59558482913225, 53.408974261243849 ], [ -123.59525925842803, 53.409359409424397 ], [ -123.596227984468428, 53.409425487319268 ], [ -123.596966801256102, 53.409544647479805 ], [ -123.597223862656463, 53.409758099976848 ], [ -123.597114135757792, 53.410039303162371 ], [ -123.59675266603611, 53.410367712285463 ], [ -123.596518377441157, 53.410707458086947 ], [ -123.596411221441642, 53.411052577073761 ], [ -123.596447207679191, 53.411474870433324 ], [ -123.596468419007394, 53.41191523024397 ], [ -123.596504286497989, 53.412328535841723 ], [ -123.596525754051797, 53.412786870903382 ], [ -123.596562508059222, 53.413263099145837 ], [ -123.595879879261702, 53.413581121167375 ], [ -123.595335388129342, 53.413974357741104 ], [ -123.594785978315272, 53.41437559894807 ], [ -123.594231663410127, 53.414784862933935 ], [ -123.593528736950674, 53.415087988876707 ], [ -123.592947830428542, 53.415390502025645 ], [ -123.59248908026872, 53.415701400988006 ], [ -123.592508493881965, 53.416015915056526 ], [ -123.592543579970197, 53.416375304043314 ], [ -123.592105206415511, 53.416710062928701 ], [ -123.591411722878476, 53.416974181301271 ], [ -123.590463128561012, 53.417167645775045 ], [ -123.590442482170431, 53.416763245797576 ], [ -123.590407666311862, 53.416421831681284 ], [ -123.589380614339845, 53.416139261624657 ], [ -123.588279626598805, 53.415949932543967 ], [ -123.58713406687275, 53.415799755409566 ], [ -123.586261159842152, 53.415801243026664 ], [ -123.585538955231527, 53.415795728178246 ], [ -123.584691419881665, 53.415792831653917 ], [ -123.583718524549568, 53.415792532252929 ], [ -123.582605485218679, 53.415818944577232 ], [ -123.581526798952055, 53.415790241072038 ], [ -123.580467423168741, 53.415706502484518 ], [ -123.58036796295832, 53.416137456718126 ], [ -123.580148504129241, 53.416594963186697 ], [ -123.579803389510175, 53.417034096888102 ], [ -123.579452659862952, 53.417428315043821 ], [ -123.579975093860995, 53.417734396998895 ], [ -123.580710172663444, 53.417940570888199 ], [ -123.581657894674819, 53.418046823847639 ], [ -123.58272700484909, 53.418104536870828 ], [ -123.582764340300514, 53.418634694108462 ], [ -123.581718425163999, 53.418807588269736 ], [ -123.580676743504355, 53.418923518735049 ], [ -123.579543148938654, 53.419042889418819 ], [ -123.578408445460838, 53.419204193667085 ], [ -123.578443545052238, 53.419572574117865 ], [ -123.578464936285556, 53.420039889434683 ], [ -123.577533088117434, 53.419998454311077 ], [ -123.576706859019623, 53.419976486151334 ], [ -123.575978409200602, 53.420014951473455 ], [ -123.57510833312773, 53.419965213649448 ], [ -123.574099229262444, 53.419897159538031 ], [ -123.573013244077245, 53.419775869295549 ], [ -123.572958927465507, 53.419769794302304 ], [ -123.572259072375374, 53.419735817053066 ], [ -123.571779457266047, 53.419712532561178 ], [ -123.571321652403782, 53.419984383000561 ], [ -123.570727447362984, 53.42018498382604 ], [ -123.570118259862824, 53.42038964311638 ], [ -123.569757190794888, 53.420646056297485 ], [ -123.569644274024213, 53.420954217265198 ], [ -123.569680616512485, 53.421421464356847 ], [ -123.569700836891087, 53.421807891906766 ], [ -123.569033231817372, 53.422148660934049 ], [ -123.568461975059208, 53.422442019897943 ], [ -123.567987039901098, 53.422687978545454 ], [ -123.567623883289073, 53.422914428128657 ], [ -123.566634726939455, 53.423218754688861 ], [ -123.565614315870633, 53.42343633035744 ], [ -123.565003931385675, 53.423178541294874 ], [ -123.564508436660802, 53.422884252378736 ], [ -123.563528089082482, 53.422970774341444 ], [ -123.562674916793526, 53.422938841614467 ], [ -123.56193929497968, 53.422818461648667 ], [ -123.561200359454446, 53.42269908526 ], [ -123.560444761032585, 53.42258477909234 ], [ -123.559682866460918, 53.422499464896134 ], [ -123.558828566916262, 53.422508452998343 ], [ -123.557960398589103, 53.422494839835302 ], [ -123.557099821159127, 53.42242225438941 ], [ -123.556363329077286, 53.422249210190813 ], [ -123.555708357780702, 53.421981677818231 ], [ -123.555672519149965, 53.421541389618547 ], [ -123.555651143070691, 53.421056086155609 ], [ -123.555615543593063, 53.420633773203221 ], [ -123.555594643620154, 53.420184429401807 ], [ -123.554458179117304, 53.420348511704162 ], [ -123.553281897949518, 53.420536739300069 ], [ -123.553180085888727, 53.420936716937589 ], [ -123.552833375584783, 53.421276907005897 ], [ -123.552123153989498, 53.421563845531708 ], [ -123.551177166886646, 53.421849868381869 ], [ -123.551197674207515, 53.422272249577162 ], [ -123.55121701804309, 53.422604744788529 ], [ -123.550203549862275, 53.422588445706872 ], [ -123.549063682653198, 53.422494811330381 ], [ -123.547803569322326, 53.422410715022984 ], [ -123.546764911519389, 53.422385510225176 ], [ -123.545705205438736, 53.422283487265069 ], [ -123.544584679069303, 53.422131794653119 ], [ -123.543449237752924, 53.421990149947646 ], [ -123.542359718757183, 53.421908205472327 ], [ -123.541155932491478, 53.421913664231411 ], [ -123.539963096237386, 53.421595469787029 ], [ -123.539375914866596, 53.421306477374742 ], [ -123.539015292967221, 53.42095154604268 ], [ -123.538881227024945, 53.420530668858426 ], [ -123.538846364766968, 53.420153298340352 ], [ -123.53882655141571, 53.419775853190792 ], [ -123.538790430720795, 53.419299599500889 ], [ -123.537636197610226, 53.41925086878615 ], [ -123.53647777250039, 53.419268067389062 ], [ -123.535315180606347, 53.419351186852985 ], [ -123.5342116682572, 53.419347135320905 ], [ -123.533147710699652, 53.419297952765461 ], [ -123.532123325763777, 53.419203649512362 ], [ -123.531098794023251, 53.419231175294364 ], [ -123.530028054805626, 53.419308848363904 ], [ -123.528886694583676, 53.419487688010214 ], [ -123.528089599013384, 53.419656016376038 ], [ -123.527486394781704, 53.419820483441441 ], [ -123.527159653552474, 53.420032666159031 ], [ -123.526609512718849, 53.420161930559587 ], [ -123.525836457495316, 53.420247238383197 ], [ -123.524632664901816, 53.420248538565595 ], [ -123.523404077993632, 53.420271900011173 ], [ -123.522283423129664, 53.420235861132433 ], [ -123.521411446682805, 53.420298600210693 ], [ -123.520681625109489, 53.420365700894003 ], [ -123.519950811110562, 53.420488733756088 ], [ -123.519914457937276, 53.419976532412093 ], [ -123.51939268867298, 53.419554323487553 ], [ -123.518633959558272, 53.419168101777821 ], [ -123.517632120128354, 53.418862832155739 ], [ -123.516512525422854, 53.418633967152992 ], [ -123.515407760133158, 53.418524875342811 ], [ -123.514261174318008, 53.418412963092408 ], [ -123.513375210345316, 53.418284942852011 ], [ -123.512786513187507, 53.418129668084703 ], [ -123.512539002467463, 53.417983904119239 ], [ -123.512364784237931, 53.417815862067584 ], [ -123.512197118858467, 53.417636800996029 ], [ -123.512111377261249, 53.417458393340233 ], [ -123.512047385848589, 53.417280888467616 ], [ -123.512025133756666, 53.417098211608078 ], [ -123.511968015771856, 53.416936651118966 ], [ -123.51187024304086, 53.416730326829594 ], [ -123.511914039256766, 53.416479450806584 ], [ -123.511919329213427, 53.416223743622801 ], [ -123.511850470216658, 53.415918411703998 ], [ -123.511797216929864, 53.415660960843567 ], [ -123.51156603436921, 53.415619998777224 ], [ -123.511238209215477, 53.415607425126559 ], [ -123.510647350686625, 53.415547033170576 ], [ -123.509854617009168, 53.415379629715588 ], [ -123.509057163999671, 53.415097381874688 ], [ -123.508299516585808, 53.414648168983724 ], [ -123.5075821815133, 53.414213757337556 ], [ -123.506825533669485, 53.413845433917842 ], [ -123.506058595562749, 53.413453170472913 ], [ -123.505281338121932, 53.413036975115304 ], [ -123.504563814002083, 53.412721405486458 ], [ -123.503955154607311, 53.412424345228366 ], [ -123.503335720583138, 53.412204231021903 ], [ -123.502833286878172, 53.411981626565058 ], [ -123.502220165338997, 53.411870344248406 ], [ -123.501733697386157, 53.411726572534519 ], [ -123.501130404192665, 53.41159826388553 ], [ -123.500633701060551, 53.411292729659039 ], [ -123.500007150317444, 53.410890853151855 ], [ -123.499372758236419, 53.410389132912513 ], [ -123.498509740846032, 53.409918322967862 ], [ -123.497640548692786, 53.409488484202491 ], [ -123.496765149826444, 53.409099606916108 ], [ -123.495961293211124, 53.408680473231172 ], [ -123.495176678329784, 53.408333166123747 ], [ -123.494427111041944, 53.408124532076037 ], [ -123.493693294928335, 53.40797674766889 ], [ -123.492978315974753, 53.407867844666633 ], [ -123.492267339213655, 53.407814845472281 ], [ -123.491615350665768, 53.407804542697043 ], [ -123.490958837998704, 53.407837212826465 ], [ -123.490297815325732, 53.407912838188444 ], [ -123.490416195236079, 53.407741557974198 ], [ -123.490519320297011, 53.407552370388565 ], [ -123.490636616133003, 53.407288215555468 ], [ -123.490813647196049, 53.40698485757035 ], [ -123.490770567705923, 53.406727356636623 ], [ -123.490824126029352, 53.406443483136748 ], [ -123.490923840852105, 53.406103494152894 ], [ -123.490930777781486, 53.405980612457945 ], [ -123.490900991777934, 53.40586088450614 ], [ -123.490798533756873, 53.405672537180372 ], [ -123.490689515948361, 53.405349383381868 ], [ -123.491117240362115, 53.405046000798166 ], [ -123.491660584092941, 53.404770100175035 ], [ -123.491280276734969, 53.404400130370355 ], [ -123.490894192957555, 53.403964250236285 ], [ -123.490616001417962, 53.403462022407325 ], [ -123.490572259082484, 53.403000769314673 ], [ -123.49076295758114, 53.402580500200358 ], [ -123.491080369425134, 53.402279563034426 ], [ -123.49140658760021, 53.402017542266556 ], [ -123.491735682389532, 53.401716562739686 ], [ -123.492067408345065, 53.401352639582669 ], [ -123.492277091268463, 53.40098622480285 ], [ -123.49236502520624, 53.400641286921214 ], [ -123.49232985229591, 53.400200975027829 ], [ -123.492279556745828, 53.399751735347579 ], [ -123.492245114447115, 53.399374347200826 ], [ -123.491594475880973, 53.399034452083924 ], [ -123.491183753156037, 53.398631635625797 ], [ -123.491012955221137, 53.398165918503167 ], [ -123.491599397401345, 53.397866867300465 ], [ -123.491913835359924, 53.397311253460835 ], [ -123.491956274118166, 53.396499078933111 ], [ -123.491920913578397, 53.396040790567284 ], [ -123.491998112427538, 53.395635972605106 ], [ -123.492202726897162, 53.395266581033262 ], [ -123.492529552514085, 53.394917663990377 ], [ -123.492721056908294, 53.394426482370768 ], [ -123.492673693048303, 53.39394327071804 ], [ -123.492387498721172, 53.39346803834389 ], [ -123.491992767363712, 53.393143067908539 ], [ -123.491846722314804, 53.392794094314866 ], [ -123.491848854423779, 53.392400571294246 ], [ -123.492611182610901, 53.392001914877063 ], [ -123.492576743679678, 53.391624525414137 ], [ -123.492527072134365, 53.391229220109913 ], [ -123.492492326683944, 53.39082485793238 ], [ -123.492458619454496, 53.390510383492142 ], [ -123.492424408784274, 53.390150969870326 ], [ -123.492389146248556, 53.389701668000207 ], [ -123.492354921768836, 53.389342253900203 ], [ -123.49230421781121, 53.388857060170395 ], [ -123.492269476458716, 53.388452697463102 ], [ -123.492464428930489, 53.388118308774743 ], [ -123.492574814592899, 53.387839190553862 ], [ -123.49260063449529, 53.387615360971225 ], [ -123.492412059599118, 53.387343474311628 ], [ -123.492255758461056, 53.386973577120294 ], [ -123.492237648064545, 53.386562157153605 ], [ -123.492343515260828, 53.386181186318041 ], [ -123.492388649052415, 53.385894352489807 ], [ -123.492387274980757, 53.385629684206229 ], [ -123.492370262084989, 53.38545896459199 ], [ -123.492337807779862, 53.3852523532397 ], [ -123.492378695349288, 53.385031459624962 ], [ -123.492508057238425, 53.38480520274905 ], [ -123.492719538204113, 53.384456759550481 ], [ -123.492749456790861, 53.384009179969723 ], [ -123.492604170256186, 53.383579313782782 ], [ -123.492285435087439, 53.38331895031957 ], [ -123.49205236046906, 53.383098182088361 ], [ -123.491904944396254, 53.382917009605137 ], [ -123.491812565255117, 53.382728630344552 ], [ -123.491673530119385, 53.382405593179534 ], [ -123.491640563516782, 53.382154041711111 ], [ -123.491512674883552, 53.381926845005808 ], [ -123.491359952611958, 53.381720727860476 ], [ -123.491210643298203, 53.381519596803841 ], [ -123.491089537135551, 53.381302362275939 ], [ -123.490971844155979, 53.381090104958496 ], [ -123.490799054874444, 53.380881070584181 ], [ -123.490520075497514, 53.380588583245824 ], [ -123.49040567175615, 53.380372314224985 ], [ -123.49037007640348, 53.380181696634018 ], [ -123.490067687570004, 53.380031132045453 ], [ -123.489840342116295, 53.379870258885504 ], [ -123.489688038281045, 53.379699095494956 ], [ -123.489625646379622, 53.379501598688108 ], [ -123.489593419481977, 53.379312961928683 ], [ -123.489576323320748, 53.37913325357858 ], [ -123.489528854364124, 53.378926700200999 ], [ -123.489451416134145, 53.378729262281219 ], [ -123.489333915474745, 53.378531983086731 ], [ -123.489189601703544, 53.378328828803994 ], [ -123.489026988024236, 53.378130740435182 ], [ -123.488816315245415, 53.377965804649953 ], [ -123.488539508721857, 53.377861063217694 ], [ -123.48840216930644, 53.377681846714239 ], [ -123.488264719144823, 53.377493641898525 ], [ -123.488142317924186, 53.377305378029277 ], [ -123.488019806470533, 53.377108116920304 ], [ -123.487926703053063, 53.37685381349791 ], [ -123.487877944196512, 53.376533402910042 ], [ -123.487582356030543, 53.376244968425148 ], [ -123.487214470438872, 53.376060700827345 ], [ -123.486774300695672, 53.375980599792307 ], [ -123.486123620703779, 53.375602718472507 ], [ -123.485592969084664, 53.375203372750306 ], [ -123.485695956573636, 53.375007189748281 ], [ -123.48564916579636, 53.374857567267 ], [ -123.485452583674444, 53.374754495865119 ], [ -123.48515135432983, 53.374701781117359 ], [ -123.484815024184797, 53.374646215872652 ], [ -123.484473848919038, 53.374605658042782 ], [ -123.484112605628553, 53.374562172689558 ], [ -123.48372118773851, 53.374509833276043 ], [ -123.483415290691525, 53.374487102511161 ], [ -123.483072508476212, 53.374451528613655 ], [ -123.482662252716892, 53.37435630618365 ], [ -123.482184510560003, 53.374201434196223 ], [ -123.481653512055871, 53.373619296618394 ], [ -123.481009177732801, 53.373055588234024 ], [ -123.480263133398566, 53.372654093601902 ], [ -123.479509632978193, 53.37247833732458 ], [ -123.478752299597261, 53.372408468599453 ], [ -123.478718015915589, 53.372031071854508 ], [ -123.478684017253713, 53.371680638590377 ], [ -123.478520711982696, 53.371264805021397 ], [ -123.478243309394799, 53.370801488026267 ], [ -123.47774111797176, 53.370396994399471 ], [ -123.477130728256924, 53.370171713840541 ], [ -123.476412119142623, 53.370125644424085 ], [ -123.476361418303568, 53.369622463322756 ], [ -123.477406448392287, 53.369441511463855 ], [ -123.478475276057182, 53.369297402159987 ], [ -123.479545817476122, 53.369158270009457 ], [ -123.480487586607296, 53.369002670366349 ], [ -123.481180467570539, 53.368693256612929 ], [ -123.481382047104034, 53.368353857779745 ], [ -123.481222819675295, 53.368005929253677 ], [ -123.480950575686393, 53.367705396286325 ], [ -123.481041879213549, 53.367360451365855 ], [ -123.481496705985492, 53.36697109331395 ], [ -123.482080472253273, 53.366614174571083 ], [ -123.482418730506794, 53.366255248198257 ], [ -123.482511502024408, 53.365894316607182 ], [ -123.482462257102469, 53.365525966097977 ], [ -123.482779147012181, 53.365198081686778 ], [ -123.483096142232498, 53.364879193533667 ], [ -123.483413228983864, 53.364569283410312 ], [ -123.484397336410794, 53.364329588959464 ], [ -123.485246817372669, 53.364144362369558 ], [ -123.485836001952734, 53.3639771672485 ], [ -123.486412579087926, 53.36387593975055 ], [ -123.486852572339714, 53.363658405736309 ], [ -123.487281638243061, 53.36336102218732 ], [ -123.48746356544784, 53.362914821135107 ], [ -123.487425849592483, 53.362536439377919 ], [ -123.487168511462883, 53.362225877062734 ], [ -123.486799244831687, 53.361909773671179 ], [ -123.486536398447981, 53.361553285167048 ], [ -123.486380068827017, 53.36116839545641 ], [ -123.486216072442758, 53.360694641597803 ], [ -123.48593865567527, 53.360232335599129 ], [ -123.485547851595371, 53.359781486267707 ], [ -123.485253633069163, 53.359160440181356 ], [ -123.485055998321343, 53.358369215813561 ], [ -123.485005607391827, 53.357901996402433 ], [ -123.484953797371844, 53.357308935551281 ], [ -123.484739939606598, 53.356410907926858 ], [ -123.484430141628053, 53.355737989580973 ], [ -123.484019017539524, 53.355257252260216 ], [ -123.483602533812459, 53.354743568053948 ], [ -123.483171035272605, 53.354229949785392 ], [ -123.482740023602901, 53.353758274129291 ], [ -123.482309482453175, 53.353328540801542 ], [ -123.481323118481043, 53.353790957691807 ], [ -123.480245874311308, 53.354190816977805 ], [ -123.479264654464643, 53.353925090534752 ], [ -123.478530088786115, 53.35362241118478 ], [ -123.478042173892987, 53.353282783481596 ], [ -123.47737677936891, 53.353042743606679 ], [ -123.476962939147597, 53.35275675114201 ], [ -123.476679721016893, 53.35235837172192 ], [ -123.476404010331692, 53.351884057288217 ], [ -123.475793208131563, 53.351598846907791 ], [ -123.475055846080693, 53.351338109093739 ], [ -123.474075738940257, 53.351164220417054 ], [ -123.473213610233827, 53.350941919896052 ], [ -123.472259153486959, 53.350820853677348 ], [ -123.471328476928392, 53.350738641826219 ], [ -123.47028142648854, 53.350697826661062 ], [ -123.469194619001414, 53.350684127110959 ], [ -123.468731907195291, 53.351109422206434 ], [ -123.468015025530988, 53.351495770491503 ], [ -123.467043970082656, 53.35184314947891 ], [ -123.466310028682486, 53.352043772771339 ], [ -123.465186345619585, 53.352326820360908 ], [ -123.465190642525897, 53.352722322430871 ], [ -123.464155233249457, 53.352834213299055 ], [ -123.463059812816994, 53.352955325136698 ], [ -123.461980260442161, 53.353155272243661 ], [ -123.460906201097544, 53.353401127005384 ], [ -123.459831600210137, 53.353597035471161 ], [ -123.458741632694554, 53.353763038178009 ], [ -123.457675845617374, 53.353848028329864 ], [ -123.456579315000369, 53.353870202417951 ], [ -123.455527871322829, 53.353892201495803 ], [ -123.454506550363021, 53.353923060057795 ], [ -123.45340955422526, 53.353900264843972 ], [ -123.453277151596907, 53.35353622018927 ], [ -123.452912171131359, 53.353277921374314 ], [ -123.452319133104453, 53.353237223717613 ], [ -123.451611488366851, 53.353409695537017 ], [ -123.450904845587246, 53.353677040477471 ], [ -123.450086229659775, 53.353774015765374 ], [ -123.449148029467636, 53.3536127473702 ], [ -123.448084440991352, 53.353273174853278 ], [ -123.446938912637734, 53.352917905097101 ], [ -123.446653292869215, 53.352900999782847 ], [ -123.446322307662044, 53.352857291002039 ], [ -123.446001197827059, 53.352798565554984 ], [ -123.445674909628465, 53.352724876706894 ], [ -123.445343648829251, 53.35265420098662 ], [ -123.444789104095463, 53.352782113567216 ], [ -123.444275979514401, 53.352559299969094 ], [ -123.443778642861147, 53.352408335559744 ], [ -123.44328365336159, 53.352485085022082 ], [ -123.442863345953768, 53.352519602660564 ], [ -123.442502712713861, 53.352511951981711 ], [ -123.44215522222467, 53.352807886104628 ], [ -123.441533439370914, 53.35305388251242 ], [ -123.440637375517483, 53.353249955157985 ], [ -123.439613525351689, 53.353520404170467 ], [ -123.438521890959251, 53.354018816731291 ], [ -123.438385177711538, 53.353546898338273 ], [ -123.438132108057104, 53.353124343991389 ], [ -123.437642080910734, 53.352545854618008 ], [ -123.437038724707747, 53.351983761514916 ], [ -123.436300391766963, 53.351605928929921 ], [ -123.435529938565367, 53.351351060881825 ], [ -123.434838169746612, 53.351281670906765 ], [ -123.434257197540248, 53.351274800192556 ], [ -123.433468437569275, 53.351352575402863 ], [ -123.43283251693164, 53.351357873958229 ], [ -123.432369832894707, 53.351328590070736 ], [ -123.431978341498592, 53.351240118663284 ], [ -123.4315166094391, 53.351138917941419 ], [ -123.430964229512568, 53.350987103713358 ], [ -123.430435252856867, 53.350839191687847 ], [ -123.430033284008942, 53.350703807581873 ], [ -123.429758291295386, 53.350580952035244 ], [ -123.429546625495504, 53.350446882830312 ], [ -123.429299545168277, 53.350276981543125 ], [ -123.429009436168627, 53.350144183270949 ], [ -123.428676312635517, 53.35004849698808 ], [ -123.428278629068572, 53.350006980131432 ], [ -123.427874411824504, 53.349979463452129 ], [ -123.427498919245195, 53.349986807784006 ], [ -123.42699044666287, 53.349715956465751 ], [ -123.426399078164209, 53.34950034602128 ], [ -123.425610053148475, 53.349382304116723 ], [ -123.424668225766936, 53.349340718911556 ], [ -123.423601659677601, 53.349344510317614 ], [ -123.422519544444725, 53.349294405490483 ], [ -123.421363216956166, 53.34933445309705 ], [ -123.420297810343087, 53.349455069718211 ], [ -123.419196687875896, 53.349509872473206 ], [ -123.418120414149598, 53.349543618188235 ], [ -123.4172108277061, 53.349726576386992 ], [ -123.416336993791504, 53.349981315822525 ], [ -123.416050613494704, 53.349883443716237 ], [ -123.4157742403371, 53.34978552837164 ], [ -123.415477924217925, 53.349696667178158 ], [ -123.415146398043944, 53.349589954926223 ], [ -123.414829881881317, 53.349483182526193 ], [ -123.414498181857667, 53.349358492129639 ], [ -123.414211633566183, 53.349242630280472 ], [ -123.41394001356403, 53.349117729583419 ], [ -123.41339507713964, 53.349035722176197 ], [ -123.412766831211584, 53.348968974535971 ], [ -123.412123276037264, 53.348698533711101 ], [ -123.411424668022121, 53.348431275748808 ], [ -123.410671023099525, 53.348167200007644 ], [ -123.409598342249339, 53.348400608155799 ], [ -123.408527752223861, 53.348677943455208 ], [ -123.407819442911887, 53.34844065764235 ], [ -123.407105269072005, 53.348113502270301 ], [ -123.406272283349153, 53.347750782017506 ], [ -123.40532631272491, 53.347442385685717 ], [ -123.404277989148767, 53.347251177826088 ], [ -123.403240274887978, 53.347122854237398 ], [ -123.403114943531477, 53.346929511319452 ], [ -123.402732990225118, 53.346780989815599 ], [ -123.401961462463774, 53.346735644037715 ], [ -123.400923961917968, 53.346807057050675 ], [ -123.401010307075182, 53.34640225629343 ], [ -123.400886949764953, 53.346063092164627 ], [ -123.400658813063572, 53.345762227173161 ], [ -123.40032576390989, 53.345487684996016 ], [ -123.399992615699531, 53.345201148854997 ], [ -123.399481897832743, 53.345022086902432 ], [ -123.399124426515343, 53.344810538669797 ], [ -123.398920214203429, 53.344566523770787 ], [ -123.398512642490545, 53.344352155075313 ], [ -123.39827109130502, 53.344221121556771 ], [ -123.398004763870588, 53.344117140832878 ], [ -123.397713645368285, 53.344040203455727 ], [ -123.397397724061079, 53.343987322520256 ], [ -123.397066690298416, 53.343925500071549 ], [ -123.396556574065741, 53.343807342465752 ], [ -123.396137956205237, 53.34365891898608 ], [ -123.395570041536644, 53.343427089514165 ], [ -123.394765718812991, 53.343076185051594 ], [ -123.393736319984896, 53.342749988633742 ], [ -123.392726033636066, 53.342321845494126 ], [ -123.392184274568152, 53.342207772236371 ], [ -123.391841959594728, 53.342005151742192 ], [ -123.391699103593297, 53.341713977081319 ], [ -123.39156663972534, 53.341463720083759 ], [ -123.391361687018986, 53.341315573796962 ], [ -123.391003730709087, 53.341225860738156 ], [ -123.390506401521549, 53.341224492667635 ], [ -123.38989372364756, 53.341201522188626 ], [ -123.389300124610557, 53.341257396796905 ], [ -123.388681054772931, 53.341264404687458 ], [ -123.388160766070271, 53.341308046201249 ], [ -123.387726579392734, 53.341276503209301 ], [ -123.38742900236511, 53.341219540895452 ], [ -123.387187605371267, 53.341099473263426 ], [ -123.386388588582051, 53.340769468596534 ], [ -123.386386712529713, 53.340562731020562 ], [ -123.38615797342905, 53.340365711990664 ], [ -123.385893804044258, 53.340124864398469 ], [ -123.385594191321246, 53.339840178704883 ], [ -123.38541375151415, 53.339446250398609 ], [ -123.385306927677775, 53.339074048816798 ], [ -123.385318699956727, 53.338714447489224 ], [ -123.385177374186611, 53.338216519545163 ], [ -123.384893447586578, 53.337818922502805 ], [ -123.384445684107362, 53.337571671568469 ], [ -123.384065378125229, 53.337403104678764 ], [ -123.383773764894457, 53.337263215406196 ], [ -123.383607114755435, 53.337101951683955 ], [ -123.383400565922557, 53.336955790974002 ], [ -123.383154275932725, 53.336845722830809 ], [ -123.382863185225872, 53.336762756765062 ], [ -123.382519097434965, 53.336723913501409 ], [ -123.382131925747828, 53.336720155503784 ], [ -123.382055157301323, 53.336531632219447 ], [ -123.381047934197795, 53.336418002815513 ], [ -123.380628610752709, 53.336174636849243 ], [ -123.379956713515682, 53.336050936706862 ], [ -123.379097613533091, 53.336079631303825 ], [ -123.378162593862001, 53.336202455360031 ], [ -123.377613582610252, 53.336388966216184 ], [ -123.377179452335895, 53.336546145264023 ], [ -123.376860189632495, 53.336674002393288 ], [ -123.37662086029529, 53.336782619162143 ], [ -123.376376885082479, 53.336932208773355 ], [ -123.376157979743112, 53.337086710198044 ], [ -123.375994230050352, 53.337252025570614 ], [ -123.375815363445753, 53.337405401607711 ], [ -123.375360556221494, 53.337489732633223 ], [ -123.374820414193366, 53.33754936077775 ], [ -123.373945153844204, 53.337641993195469 ], [ -123.37293546865078, 53.337818938292088 ], [ -123.371951686551057, 53.338097675880334 ], [ -123.370973330020632, 53.338427314523393 ], [ -123.370006454671113, 53.338927709663011 ], [ -123.369043350818259, 53.339287248923 ], [ -123.368074795293708, 53.339595870980226 ], [ -123.367096279091825, 53.339913493374979 ], [ -123.366716269898873, 53.340163358906274 ], [ -123.366419027590297, 53.340335066941513 ], [ -123.366239836607249, 53.340456467210508 ], [ -123.366018496931247, 53.340528054327869 ], [ -123.365750436899305, 53.340600793729514 ], [ -123.365360021550458, 53.340610972684587 ], [ -123.36480794695261, 53.340646623835141 ], [ -123.364408395334351, 53.340760704271837 ], [ -123.364161380184939, 53.340953224808828 ], [ -123.363748962714098, 53.341320030172909 ], [ -123.363086831034366, 53.341759508487762 ], [ -123.362496701241753, 53.342230733683834 ], [ -123.362028514673653, 53.342715559832939 ], [ -123.361396716630836, 53.343193890826207 ], [ -123.360744110967957, 53.343582384711965 ], [ -123.360070700160094, 53.343881059112036 ], [ -123.359505606380523, 53.344160423550981 ], [ -123.359178971929865, 53.344613846114271 ], [ -123.358967518211557, 53.345071917100952 ], [ -123.358757685806651, 53.345523996856322 ], [ -123.358424536227233, 53.345800663434552 ], [ -123.358091321774367, 53.346071327717496 ], [ -123.357753933965384, 53.346440884548159 ], [ -123.357291068085999, 53.346775865895182 ], [ -123.356702982041313, 53.347106222177771 ], [ -123.35594558633079, 53.347351186280299 ], [ -123.355245146527793, 53.347420184894958 ], [ -123.354601670560584, 53.347313236958527 ], [ -123.354116704754205, 53.347000065776797 ], [ -123.353689852143319, 53.346647764873758 ], [ -123.353315929077922, 53.346238371912357 ], [ -123.352676511049836, 53.346822552093592 ], [ -123.352305995467546, 53.34743189449626 ], [ -123.352204392205238, 53.348066419523441 ], [ -123.352222982775515, 53.348497828536665 ], [ -123.352241844300423, 53.348965198572785 ], [ -123.352260284465416, 53.349378639931615 ], [ -123.35205086528552, 53.349892628346176 ], [ -123.351664470881275, 53.350403139776333 ], [ -123.351101109961434, 53.350910172834944 ], [ -123.350508965685322, 53.351165602713465 ], [ -123.350039075766503, 53.351470607256999 ], [ -123.350073753429939, 53.352036814140327 ], [ -123.350111245992082, 53.352944580451094 ], [ -123.350014704295049, 53.353591072205205 ], [ -123.349785186653875, 53.354102115324096 ], [ -123.349422652436687, 53.354474721755381 ], [ -123.34906007439001, 53.35484433067198 ], [ -123.347968888825719, 53.354916431394834 ], [ -123.346887483899607, 53.354958534256184 ], [ -123.345924045017085, 53.354933359900627 ], [ -123.345190259238279, 53.35481863413635 ], [ -123.344686130494821, 53.354614343286805 ], [ -123.343630671942094, 53.354770197780276 ], [ -123.342559587858617, 53.354851182529728 ], [ -123.341472869382443, 53.354857287829674 ], [ -123.340734158187928, 53.354541787056206 ], [ -123.340005791455212, 53.354265212501758 ], [ -123.339225539582216, 53.353970799196603 ], [ -123.338429121969781, 53.353742341609674 ], [ -123.337917464901395, 53.353635924464818 ], [ -123.337632590154755, 53.353498898279462 ], [ -123.33731218870912, 53.35351179364563 ], [ -123.336956227586811, 53.353674600643181 ], [ -123.33588743621786, 53.35340794251028 ], [ -123.335198024468752, 53.353622616293393 ], [ -123.334504159195959, 53.353909213627865 ], [ -123.33367654012217, 53.354170215022968 ], [ -123.332725030946904, 53.354387605748748 ], [ -123.332670036715697, 53.353970270654038 ], [ -123.332376671651716, 53.353598546299352 ], [ -123.331844971201789, 53.353272431621228 ], [ -123.331046425370914, 53.352978009595219 ], [ -123.330253779281819, 53.3527984328203 ], [ -123.329467041991478, 53.352733692827051 ], [ -123.328505247728373, 53.352913123240995 ], [ -123.327667354763165, 53.353143143645262 ], [ -123.326928714674679, 53.353474763414695 ], [ -123.326133369413853, 53.353595791869417 ], [ -123.325296952103969, 53.353584095897475 ], [ -123.324554517462389, 53.353418319344996 ], [ -123.323816855884175, 53.35322256441831 ], [ -123.322791655805247, 53.352967664789034 ], [ -123.321729097466928, 53.352628953604018 ], [ -123.32064651169361, 53.352512017181432 ], [ -123.319549100232209, 53.352419077589339 ], [ -123.318436846260653, 53.352350134081135 ], [ -123.317829358647728, 53.352816183976202 ], [ -123.317347171709855, 53.353296879605054 ], [ -123.316265197189082, 53.353488513843025 ], [ -123.315181165545567, 53.353626216701976 ], [ -123.314190538260149, 53.353756674825853 ], [ -123.313325744224286, 53.353972678786128 ], [ -123.3127594453059, 53.354375669939593 ], [ -123.312208521538778, 53.354826558557875 ], [ -123.311672940873763, 53.355325353097953 ], [ -123.310957675607753, 53.35567877818135 ], [ -123.310357207233977, 53.355979979464642 ], [ -123.309871542162981, 53.356228931842502 ], [ -123.311029950996215, 53.356432667692339 ], [ -123.311049349062429, 53.35703487408788 ], [ -123.311067846807859, 53.357511237306163 ], [ -123.311101962332913, 53.358068457139325 ], [ -123.311120711713272, 53.358580781481372 ], [ -123.311138560432042, 53.358967262786855 ], [ -123.311158626828131, 53.359659350263264 ], [ -123.311192537489461, 53.360189613717978 ], [ -123.311211629309994, 53.36074687858121 ], [ -123.311230781262466, 53.361313122340029 ], [ -123.311264694163086, 53.361843385342091 ], [ -123.311283255522355, 53.362328735400538 ], [ -123.311301684115875, 53.362796108998175 ], [ -123.311193602585192, 53.363315752368315 ], [ -123.311051058641311, 53.363689663674478 ], [ -123.310775152216948, 53.36386317486847 ], [ -123.310624674317381, 53.364065316600552 ], [ -123.310290589184234, 53.36427492832815 ], [ -123.309969002246817, 53.364598366004451 ], [ -123.309529022117303, 53.364943079473242 ], [ -123.309186282163196, 53.365345472552271 ], [ -123.30875095515627, 53.365873950222635 ], [ -123.308202042905606, 53.366399720621565 ], [ -123.307107384248894, 53.366735137167503 ], [ -123.305948464291106, 53.366495411856462 ], [ -123.304811627548233, 53.36654026937866 ], [ -123.30368900398696, 53.366470216881403 ], [ -123.302565851239734, 53.366324248102629 ], [ -123.3016906831255, 53.366062791067151 ], [ -123.301068995726041, 53.365752748344121 ], [ -123.300681195274365, 53.365457088339383 ], [ -123.300278703783192, 53.365209408108321 ], [ -123.299619931508317, 53.364846514177088 ], [ -123.299081390742714, 53.364481315977159 ], [ -123.299099809625531, 53.36425055511021 ], [ -123.299062514149128, 53.363933038201409 ], [ -123.297977613265573, 53.363513277626801 ], [ -123.297283172680238, 53.363057574860484 ], [ -123.296858926328468, 53.362555247412345 ], [ -123.296704835282242, 53.362006306409995 ], [ -123.296686695917217, 53.361556906748241 ], [ -123.29665295110361, 53.361026648140026 ], [ -123.296503428525909, 53.360412777317201 ], [ -123.296098921386061, 53.359862453987631 ], [ -123.295439406600096, 53.359375692828401 ], [ -123.294956466337936, 53.359794374712983 ], [ -123.29420110835818, 53.359934068398658 ], [ -123.293173375051637, 53.359794769438473 ], [ -123.292795441922806, 53.359463106806778 ], [ -123.292286286940637, 53.359226653963844 ], [ -123.291645641634346, 53.359050433666745 ], [ -123.290873533848526, 53.358934462403688 ], [ -123.290226763042128, 53.358592466906842 ], [ -123.289705961335315, 53.358113317774873 ], [ -123.289670919919189, 53.35737631944658 ], [ -123.289636539355328, 53.356738181677152 ], [ -123.288648521547415, 53.356781527701266 ], [ -123.287906880365512, 53.356720393775873 ], [ -123.287411604630748, 53.356554793112835 ], [ -123.286325651343233, 53.356681250807249 ], [ -123.285250268709945, 53.35689257047234 ], [ -123.284158536297014, 53.356656470986614 ], [ -123.283198466767942, 53.35638209539421 ], [ -123.28239059504827, 53.356150295567566 ], [ -123.281502882006819, 53.355959625257128 ], [ -123.280510417915394, 53.355834123553485 ], [ -123.279496434665091, 53.355734624092101 ], [ -123.278607780611154, 53.355652810697777 ], [ -123.277965766148995, 53.355505488005221 ], [ -123.277324184786636, 53.355423088731776 ], [ -123.276693552234889, 53.355227793731792 ], [ -123.275952560275485, 53.355002781506364 ], [ -123.275215712561632, 53.354640930671799 ], [ -123.27447515185861, 53.354221158034278 ], [ -123.273597781514823, 53.353809686948608 ], [ -123.272597853523052, 53.353548299701565 ], [ -123.271470782549372, 53.353503922222409 ], [ -123.270464363516226, 53.353533177326867 ], [ -123.269564337466619, 53.353491268477903 ], [ -123.268775289847923, 53.353311269223759 ], [ -123.267873214928755, 53.353207423350398 ], [ -123.26685152543655, 53.353195730071945 ], [ -123.266817934379333, 53.352629507901206 ], [ -123.266799368695956, 53.35206324537306 ], [ -123.266780476058543, 53.351443053562605 ], [ -123.266747229802846, 53.350930760362168 ], [ -123.266728061193007, 53.350265618164265 ], [ -123.266694261506785, 53.349663433517392 ], [ -123.266194981166819, 53.349364924668585 ], [ -123.265449935373582, 53.349266705796367 ], [ -123.264464426699277, 53.349422699673788 ], [ -123.263354436664486, 53.349694820406548 ], [ -123.262248968730134, 53.349889022671739 ], [ -123.262267423714846, 53.350446298441192 ], [ -123.26117034026349, 53.350379784312736 ], [ -123.260103528445157, 53.350346156618514 ], [ -123.259011293498602, 53.350249661013642 ], [ -123.257939769161027, 53.350266956906331 ], [ -123.257837499977441, 53.350744593744757 ], [ -123.257614986383786, 53.351214496330591 ], [ -123.257141680641439, 53.351617021142431 ], [ -123.256537838350695, 53.35196589218728 ], [ -123.255773238214914, 53.352231206602731 ], [ -123.255325610261835, 53.352746529185531 ], [ -123.254617343657799, 53.353224457014711 ], [ -123.253648416959024, 53.353664976157013 ], [ -123.253138103154811, 53.354031615853039 ], [ -123.252495578497673, 53.354341589711112 ], [ -123.251860761592852, 53.35454668394194 ], [ -123.25115158100067, 53.354880770322744 ], [ -123.250368013393697, 53.355343847111335 ], [ -123.249513786517539, 53.355714176449453 ], [ -123.248858053862847, 53.355772477007193 ], [ -123.248429454631733, 53.355850274501634 ], [ -123.248057660284317, 53.355932946246092 ], [ -123.247671590556664, 53.356145490288931 ], [ -123.247234142182933, 53.356424048628988 ], [ -123.246785484944112, 53.356784538401925 ], [ -123.246412376613449, 53.357221766947873 ], [ -123.246319026808195, 53.357826218557108 ], [ -123.245971729822898, 53.358396229782926 ], [ -123.245240130548595, 53.358918095979689 ], [ -123.244381628266638, 53.359436218311153 ], [ -123.243523283484237, 53.359987290819902 ], [ -123.24281596278162, 53.360677885003355 ], [ -123.242108308759171, 53.361311540855354 ], [ -123.242507150763771, 53.36186504415101 ], [ -123.242906269985838, 53.362466491783557 ], [ -123.243183791064141, 53.36311512967692 ], [ -123.243339427026712, 53.363763012495788 ], [ -123.242216915511747, 53.363681400214205 ], [ -123.241134606284049, 53.363623661933026 ], [ -123.240199793200688, 53.363364869553095 ], [ -123.239494420723247, 53.362931818039549 ], [ -123.239018489354677, 53.362324529273295 ], [ -123.238984316667498, 53.361587508425927 ], [ -123.238950043446494, 53.3608325019148 ], [ -123.238915814493083, 53.360086492112522 ], [ -123.238866516632214, 53.359331521685235 ], [ -123.238847973240709, 53.358702339313716 ], [ -123.238798721814163, 53.357956356396521 ], [ -123.238764702333739, 53.357246298418779 ], [ -123.2387303337796, 53.356473322713512 ], [ -123.238696564029169, 53.355808214166949 ], [ -123.238662853957607, 53.355152093807831 ], [ -123.238627876586449, 53.354271249383515 ], [ -123.238593163565568, 53.35343534598293 ], [ -123.23739297100046, 53.353743361071039 ], [ -123.236327925531739, 53.35404211127932 ], [ -123.235800381707477, 53.353430912831328 ], [ -123.2350316824012, 53.352978981914276 ], [ -123.234143491284215, 53.352653133889973 ], [ -123.233373464374083, 53.352258132517214 ], [ -123.232964537203912, 53.351654676115587 ], [ -123.232795038785113, 53.350875964977284 ], [ -123.232776447797548, 53.350219814410735 ], [ -123.232727371097496, 53.349482814296188 ], [ -123.232576447383138, 53.348741020779315 ], [ -123.232192484929712, 53.348115547541141 ], [ -123.231575492110778, 53.347606374521526 ], [ -123.230499597821066, 53.347731300158479 ], [ -123.229548913067134, 53.347860973627782 ], [ -123.228842519687291, 53.348103033378273 ], [ -123.228380401196418, 53.348457483372314 ], [ -123.228429652706097, 53.349239427187406 ], [ -123.228448036388926, 53.349868614120815 ], [ -123.228497332197392, 53.350659545450419 ], [ -123.228531271208041, 53.351387585194139 ], [ -123.228564876974716, 53.352052698074473 ], [ -123.22859905545539, 53.352825678398752 ], [ -123.228633193763528, 53.353589670340867 ], [ -123.22866723539552, 53.354335685487186 ], [ -123.228700690652758, 53.354973841401566 ], [ -123.22885135063423, 53.355672688121544 ], [ -123.229234743390961, 53.356190310927424 ], [ -123.22985090264504, 53.356526708408836 ], [ -123.229285396026015, 53.357228935802844 ], [ -123.228963885458526, 53.357981622400267 ], [ -123.228753843497202, 53.358663180194242 ], [ -123.228538491483519, 53.35929182135461 ], [ -123.228195931978405, 53.359858775313526 ], [ -123.227858671829026, 53.360485649205444 ], [ -123.227877205215293, 53.361141806516926 ], [ -123.227926503497827, 53.361932733677733 ], [ -123.227960539357412, 53.362678745955009 ], [ -123.227867488486339, 53.363390044142868 ], [ -123.227524719196055, 53.363927034219465 ], [ -123.226932226191991, 53.364289714164372 ], [ -123.226343930442908, 53.364501574575826 ], [ -123.226005283022062, 53.364873759247445 ], [ -123.225916256581712, 53.365406269521102 ], [ -123.225950880618626, 53.366269136441971 ], [ -123.225984829070555, 53.367006159324539 ], [ -123.226034250852365, 53.367824058690033 ], [ -123.22630844497489, 53.368518682397493 ], [ -123.226822950997175, 53.369179885026114 ], [ -123.227703067874629, 53.36981642336297 ], [ -123.228703077643473, 53.370386803043274 ], [ -123.229457085160959, 53.370855769103947 ], [ -123.230085908323105, 53.371331976064681 ], [ -123.23047664473512, 53.371942462693717 ], [ -123.230629301654886, 53.372687249477657 ], [ -123.230662562307302, 53.373280449479772 ], [ -123.230697388880955, 53.374161288007443 ], [ -123.230730552225154, 53.374736520202994 ], [ -123.230403787565166, 53.37546224894195 ], [ -123.230082241853339, 53.376229921089568 ], [ -123.229882494489473, 53.376976383171439 ], [ -123.229799321546693, 53.377659700234155 ], [ -123.229954087080529, 53.37848437725139 ], [ -123.230228434393112, 53.379180988845668 ], [ -123.230611860490328, 53.379662648696254 ], [ -123.230872070908717, 53.380213468872284 ], [ -123.231019556345245, 53.380920308449603 ], [ -123.230560927563829, 53.38136364389765 ], [ -123.22985125269004, 53.38172156708081 ], [ -123.228890559161187, 53.381994083209499 ], [ -123.228797830155557, 53.382771297028164 ], [ -123.228450606142658, 53.383437141190946 ], [ -123.22784884828323, 53.383991603921579 ], [ -123.226874901290671, 53.383670861363953 ], [ -123.226131384666445, 53.383327697951451 ], [ -123.22573943323782, 53.382812074709783 ], [ -123.225583841286493, 53.382135210174575 ], [ -123.225550452479865, 53.381506049842201 ], [ -123.225516871409113, 53.380840936775911 ], [ -123.225483098169391, 53.380139870940539 ], [ -123.225448625327346, 53.379303965379762 ], [ -123.225414854456304, 53.378602898999866 ], [ -123.225270969224766, 53.37792600929901 ], [ -123.224904115272352, 53.377406346964307 ], [ -123.224321751462639, 53.377194701960924 ], [ -123.223751374225202, 53.377354582435132 ], [ -123.223426605100656, 53.377851575312256 ], [ -123.223339978437664, 53.378534890147577 ], [ -123.222417641672635, 53.378789297477709 ], [ -123.221733150281082, 53.3791770903374 ], [ -123.221286534437553, 53.379698273458771 ], [ -123.220088486076378, 53.379616598672527 ], [ -123.218910134512328, 53.379468947061319 ], [ -123.217751514000113, 53.379255337810797 ], [ -123.217718788626811, 53.378734040752654 ], [ -123.217685093315694, 53.378023974708675 ], [ -123.217783731222269, 53.377386586535849 ], [ -123.218138175209077, 53.376802664280511 ], [ -123.218748431630516, 53.376272197099233 ], [ -123.21934811938246, 53.375637886561613 ], [ -123.219819037498041, 53.374972839506746 ], [ -123.219786101521663, 53.374415589273838 ], [ -123.219752468375489, 53.373723507606627 ], [ -123.219719039663076, 53.3730673787257 ], [ -123.219685047257187, 53.372303391553579 ], [ -123.21839067029596, 53.37163359577989 ], [ -123.21760073516819, 53.370975848776503 ], [ -123.217315216972537, 53.370330169557292 ], [ -123.217281549645676, 53.369620109789047 ], [ -123.217263774491386, 53.369080808794571 ], [ -123.217229644294022, 53.368280857708285 ], [ -123.217196801854371, 53.36773259330289 ], [ -123.217559913145905, 53.367225560946729 ], [ -123.217922937388039, 53.366700551311837 ], [ -123.218153899511648, 53.366149803852778 ], [ -123.218252896585795, 53.365591313634404 ], [ -123.218234938770749, 53.365016059248873 ], [ -123.218201711905877, 53.364395888576894 ], [ -123.21816820624305, 53.363721779484209 ], [ -123.218135674069941, 53.363236440384263 ], [ -123.218101492863454, 53.36242749921027 ], [ -123.218084161688026, 53.361978087228088 ], [ -123.21729818097127, 53.361730826672535 ], [ -123.216519347845093, 53.361576433644998 ], [ -123.215798046162107, 53.361574746923971 ], [ -123.215089783091003, 53.361505114571344 ], [ -123.214505936075966, 53.361278445101284 ], [ -123.214046539732081, 53.360894740998383 ], [ -123.213801660510057, 53.360336866455889 ], [ -123.213531763177798, 53.359785032974145 ], [ -123.213108753653827, 53.359327355963607 ], [ -123.212434767973662, 53.359093853179353 ], [ -123.212292734461016, 53.358399954684522 ], [ -123.21191595940779, 53.357834326624655 ], [ -123.211304434966564, 53.357396948612667 ], [ -123.210185147396516, 53.356904536655733 ], [ -123.210151992875495, 53.356275372836727 ], [ -123.210118367485748, 53.355547329632934 ], [ -123.209993552387047, 53.354947289800094 ], [ -123.209777026842531, 53.354367385493781 ], [ -123.209458274573862, 53.353705765408975 ], [ -123.209227725570344, 53.352987053619024 ], [ -123.209095893549105, 53.352313119416237 ], [ -123.208937409868753, 53.351649214421656 ], [ -123.208539463176763, 53.351172497902972 ], [ -123.207787191012045, 53.350943099104306 ], [ -123.206805165688564, 53.35083393815642 ], [ -123.2067715506561, 53.350096903593972 ], [ -123.206738253646606, 53.349422795839757 ], [ -123.206720356313198, 53.348829558214568 ], [ -123.206686744362614, 53.34809252289557 ], [ -123.20665314803621, 53.347355496606355 ], [ -123.206620267464388, 53.346771270106949 ], [ -123.206459735223291, 53.346016478162369 ], [ -123.206066643688473, 53.34548980647444 ], [ -123.205446733644152, 53.345342063545068 ], [ -123.204838386481583, 53.345516893049165 ], [ -123.20449538216134, 53.346035835939169 ], [ -123.204412000958115, 53.346748101947348 ], [ -123.204319949656025, 53.347393467893582 ], [ -123.204117556704276, 53.348001069254238 ], [ -123.203804917806664, 53.348591869148464 ], [ -123.203475210448573, 53.349105803215629 ], [ -123.202992790983075, 53.349451196988454 ], [ -123.202222144873375, 53.349557373604611 ], [ -123.201180420471829, 53.349522182802261 ], [ -123.201147593559796, 53.34892896766749 ], [ -123.20111432179219, 53.348245869132413 ], [ -123.201096640851006, 53.347679595360482 ], [ -123.201063264274623, 53.346969532042642 ], [ -123.201030168230346, 53.346322377044729 ], [ -123.200997208671225, 53.345702204811062 ], [ -123.200840756953468, 53.345083231681599 ], [ -123.200432441931611, 53.344496642122721 ], [ -123.199772273180244, 53.343942433567875 ], [ -123.199738665818572, 53.343178429747397 ], [ -123.199705180456348, 53.342441390388565 ], [ -123.19967119819529, 53.34159649130698 ], [ -123.199638298152564, 53.340985296425366 ], [ -123.199729699313636, 53.340190126788443 ], [ -123.200077085548187, 53.339533350106592 ], [ -123.200680417638623, 53.339014972518605 ], [ -123.200646539964254, 53.33819703709046 ], [ -123.200612820388002, 53.33741505430509 ], [ -123.199648349127258, 53.337420670702151 ], [ -123.198805211364657, 53.337322197728376 ], [ -123.198108540997922, 53.337143577858058 ], [ -123.197409496142157, 53.337171705241943 ], [ -123.196837981553685, 53.337357424965454 ], [ -123.196513085164383, 53.337827380382997 ], [ -123.196427496468729, 53.338446761119982 ], [ -123.196460046549618, 53.338995030224865 ], [ -123.196493438469304, 53.33972307465843 ], [ -123.196401333316871, 53.340379425459709 ], [ -123.196051870214504, 53.340960280522445 ], [ -123.195312842162664, 53.341380976776975 ], [ -123.194309331990254, 53.341632306961436 ], [ -123.19393580592434, 53.340961742734784 ], [ -123.193567364909796, 53.340306150264887 ], [ -123.193308906706804, 53.339612423946441 ], [ -123.193155338696485, 53.338865590919475 ], [ -123.192778001427655, 53.338452712205459 ], [ -123.192395532297866, 53.338006873717191 ], [ -123.192007916134628, 53.337528092938278 ], [ -123.191489887090555, 53.336994582076862 ], [ -123.190846694601447, 53.336451283611723 ], [ -123.191456164807192, 53.336168650863975 ], [ -123.191809777862716, 53.335766576619669 ], [ -123.191907553121112, 53.33524506344542 ], [ -123.191874539089795, 53.334579934732311 ], [ -123.191719789013177, 53.333933975254631 ], [ -123.191443270797848, 53.33328921786353 ], [ -123.191044945492578, 53.332645651688487 ], [ -123.19076857279093, 53.332030844328855 ], [ -123.190614130561571, 53.331444814216894 ], [ -123.190596500433955, 53.330860566008965 ], [ -123.189530294446712, 53.330841285205466 ], [ -123.188570819883381, 53.330811846819863 ], [ -123.187844250160182, 53.330631217274998 ], [ -123.187350620172182, 53.330299401512846 ], [ -123.186978667833742, 53.329943421745206 ], [ -123.186606453783028, 53.329521526591144 ], [ -123.186233935264298, 53.329033705982603 ], [ -123.185711713564217, 53.328258470688731 ], [ -123.185071160382336, 53.327507390681767 ], [ -123.184444683448845, 53.32691809127482 ], [ -123.184056819013776, 53.326340400488171 ], [ -123.183907571385959, 53.325774329979609 ], [ -123.184986647889033, 53.325711736860953 ], [ -123.186069236953131, 53.325690073347637 ], [ -123.186402393606656, 53.325192165504511 ], [ -123.186730320205641, 53.324649321240749 ], [ -123.187053046569304, 53.32406153231944 ], [ -123.186675618421859, 53.323582716464657 ], [ -123.186297645228805, 53.322975056953084 ], [ -123.186034436921418, 53.322289308344239 ], [ -123.185768222809386, 53.321678472762478 ], [ -123.185499001604668, 53.321142550256639 ], [ -123.184995157489283, 53.320733842287275 ], [ -123.184374894946117, 53.32040420117324 ], [ -123.183643236235824, 53.320156641405063 ], [ -123.182578986028275, 53.320533810157443 ], [ -123.181632840313711, 53.320840876798549 ], [ -123.180804821422868, 53.321077844539033 ], [ -123.180043244033854, 53.321248789605711 ], [ -123.179159012193736, 53.321208175905284 ], [ -123.178152125131035, 53.32095599137449 ], [ -123.178017978274269, 53.320386895820732 ], [ -123.177667569485649, 53.31995694557714 ], [ -123.176991218358168, 53.319759192379166 ], [ -123.176105400032853, 53.319733532494027 ], [ -123.175114804074141, 53.319782933951174 ], [ -123.175082216371976, 53.319153758088412 ], [ -123.174929534504088, 53.318526748317765 ], [ -123.174537132190338, 53.318011958486608 ], [ -123.173905015676894, 53.317609377352134 ], [ -123.173502369748974, 53.31703166891716 ], [ -123.172984740667388, 53.316475107677448 ], [ -123.172470431548447, 53.315910550087089 ], [ -123.171836436880767, 53.315444038861109 ], [ -123.171322964175545, 53.315079222081785 ], [ -123.170695229600625, 53.314921318906485 ], [ -123.170077812883235, 53.314838303513632 ], [ -123.169232318891403, 53.314860479879528 ], [ -123.168388666484219, 53.31492559598891 ], [ -123.167672212314187, 53.31510738545559 ], [ -123.167321635197425, 53.315447458626927 ], [ -123.167218371060059, 53.315911031542633 ], [ -123.167250925024504, 53.31655819678258 ], [ -123.167283838910123, 53.317295237218183 ], [ -123.167181217052544, 53.317926611211256 ], [ -123.166821324142774, 53.318451468673103 ], [ -123.166196902696015, 53.318721007383736 ], [ -123.165456273808985, 53.318709055732512 ], [ -123.164721526485124, 53.318488345685701 ], [ -123.1639999965073, 53.318234651151919 ], [ -123.163967603422989, 53.317614460014347 ], [ -123.163934509532709, 53.316814490924109 ], [ -123.163787288932213, 53.316260372232477 ], [ -123.163524990824655, 53.315709406579558 ], [ -123.163147695444692, 53.315176574371151 ], [ -123.162770469613079, 53.314658730586785 ], [ -123.162256800027961, 53.314222962341574 ], [ -123.161508436299954, 53.313905372494858 ], [ -123.160648747304208, 53.313696788504259 ], [ -123.159912132721402, 53.313394152330538 ], [ -123.159531809232092, 53.312928237682428 ], [ -123.159261227433802, 53.312367284733185 ], [ -123.158869329609772, 53.311922357616027 ], [ -123.158121380385666, 53.311699627073601 ], [ -123.157265408792284, 53.311579906089541 ], [ -123.156529106386287, 53.311343164162714 ], [ -123.156032322998001, 53.310937316423136 ], [ -123.155569052999553, 53.310572363822089 ], [ -123.15498410993095, 53.310219563063654 ], [ -123.154380462623621, 53.309768899468871 ], [ -123.15400163073592, 53.309224057020607 ], [ -123.153847578037798, 53.308585037070834 ], [ -123.153215455525242, 53.308088467207199 ], [ -123.152950199905149, 53.307587415877414 ], [ -123.153051781348452, 53.307081912040907 ], [ -123.153395324213648, 53.306626026779455 ], [ -123.153733864046941, 53.306176138036811 ], [ -123.152668365496154, 53.306180504120135 ], [ -123.151579290990071, 53.306116976887211 ], [ -123.150488170350457, 53.305946569373603 ], [ -123.149395011894683, 53.305669281495199 ], [ -123.149290062955529, 53.306174792379643 ], [ -123.14906341653608, 53.306691445563359 ], [ -123.148714956150158, 53.307183277793918 ], [ -123.14849356574571, 53.307777824155657 ], [ -123.148399391309724, 53.308511039556443 ], [ -123.147242023518004, 53.30848650272771 ], [ -123.146241442599546, 53.308471759726146 ], [ -123.145512432234526, 53.308387751651985 ], [ -123.145036448144012, 53.308173599052537 ], [ -123.14312563907238, 53.308232835621723 ], [ -123.141184739784961, 53.308271099117732 ], [ -123.139644449978221, 53.308431724328393 ], [ -123.138285849443704, 53.308574131977522 ], [ -123.137185596694465, 53.308680272500951 ], [ -123.136346790104056, 53.3086742441821 ], [ -123.135644871001617, 53.308710997560567 ], [ -123.134957922465318, 53.308742735121726 ], [ -123.134394837061222, 53.308917163592099 ], [ -123.133948812451635, 53.309202313513225 ], [ -123.132863278311007, 53.309223502466345 ], [ -123.131896164773465, 53.309247551056295 ], [ -123.131057537527823, 53.309302404328271 ], [ -123.130462418245969, 53.309374968203286 ], [ -123.130009748919363, 53.309676098175473 ], [ -123.129689416984604, 53.310177825557737 ], [ -123.129721517066557, 53.310860957135262 ], [ -123.130194493923028, 53.311204014097463 ], [ -123.130334496793125, 53.311723227321579 ], [ -123.130251478452877, 53.312389502144768 ], [ -123.130281917190814, 53.313078620134917 ], [ -123.13053567617591, 53.313709565126842 ], [ -123.130790966392723, 53.314293571122505 ], [ -123.130934594821838, 53.314904658369692 ], [ -123.130966703638308, 53.315587787612948 ], [ -123.130871654472486, 53.31613622118121 ], [ -123.130664669256845, 53.316630839987752 ], [ -123.130345908592531, 53.317110594457482 ], [ -123.130144127921966, 53.317672127500906 ], [ -123.130059243023794, 53.318276481559437 ], [ -123.130075806017146, 53.31878883471007 ], [ -123.130224801686794, 53.319515770685463 ], [ -123.130490741836695, 53.320304517137487 ], [ -123.130863315572654, 53.321047195168482 ], [ -123.131225566472423, 53.321682011327496 ], [ -123.131257608206113, 53.322338173066285 ], [ -123.131290050862049, 53.323129160342539 ], [ -123.131442009631556, 53.323723267384594 ], [ -123.131713889338073, 53.324255310640687 ], [ -123.132105622148885, 53.324701329312774 ], [ -123.132372367816259, 53.325186433178338 ], [ -123.132514192954858, 53.325734600973021 ], [ -123.132561768882255, 53.326552546629671 ], [ -123.132594119568168, 53.32729859041315 ], [ -123.132627066084581, 53.328242395831602 ], [ -123.132535523365306, 53.328848749106896 ], [ -123.132320633631821, 53.329495188502143 ], [ -123.13198231372327, 53.330148765506273 ], [ -123.131643862826181, 53.330769374540957 ], [ -123.131220765960478, 53.331537895144606 ], [ -123.13068765303008, 53.332343484323502 ], [ -123.129580214647518, 53.331937194356726 ], [ -123.128478121705925, 53.331635762762446 ], [ -123.128461593130268, 53.331132400901872 ], [ -123.127438445552045, 53.331000655866468 ], [ -123.126683138989662, 53.331166261627772 ], [ -123.126324240536363, 53.331668024329247 ], [ -123.126094203853071, 53.332307477081677 ], [ -123.12572546068624, 53.33287117849482 ], [ -123.125089395772576, 53.33332028851882 ], [ -123.124692715743763, 53.332895234975389 ], [ -123.124295912665673, 53.332422224324958 ], [ -123.12389897102662, 53.331901283033183 ], [ -123.12337358154916, 53.331385464116522 ], [ -123.122732012227445, 53.331080498433572 ], [ -123.122104706275366, 53.331088131663542 ], [ -123.121614966470204, 53.331364296308287 ], [ -123.120547183381348, 53.331374371068122 ], [ -123.119473010843578, 53.33148032122542 ], [ -123.118495987909213, 53.331734978912031 ], [ -123.117652291182154, 53.331932577445656 ], [ -123.116942030194096, 53.332118043139836 ], [ -123.116104581305876, 53.332165806951465 ], [ -123.115140236774806, 53.332179725952983 ], [ -123.113985260857405, 53.332032016003545 ], [ -123.112816777646302, 53.331822388294256 ], [ -123.111113894520031, 53.331424474572259 ], [ -123.110006574410875, 53.330982048515274 ], [ -123.109494787655365, 53.330495117417023 ], [ -123.108984637894594, 53.329990203049391 ], [ -123.108358336736472, 53.329735095707115 ], [ -123.107617866284087, 53.329852622017548 ], [ -123.106886408812116, 53.330239801012141 ], [ -123.106177426723775, 53.330947560150982 ], [ -123.106208781790897, 53.331477879533082 ], [ -123.106240775952415, 53.332268879288961 ], [ -123.106140407373971, 53.332832272908178 ], [ -123.105776116351379, 53.333285042922803 ], [ -123.105147927937693, 53.333627178759514 ], [ -123.104351370556046, 53.33335820635579 ], [ -123.10372989227163, 53.333032151551869 ], [ -123.103238425352203, 53.332649048422375 ], [ -123.102876967632866, 53.332208907501901 ], [ -123.101919426734142, 53.332279637917914 ], [ -123.101199253986849, 53.332537937130255 ], [ -123.100716445373791, 53.332983791470831 ], [ -123.100748193523401, 53.333711873638755 ], [ -123.100795148597186, 53.33452083151127 ], [ -123.10082700013578, 53.335293854774072 ], [ -123.100858622438807, 53.335967996904927 ], [ -123.100303549867931, 53.336214165642588 ], [ -123.099763703746504, 53.336550205291474 ], [ -123.099205506469858, 53.3368962445441 ], [ -123.098628957188822, 53.33725228313687 ], [ -123.097813418905801, 53.337446710366088 ], [ -123.096977740017735, 53.337589224532358 ], [ -123.096252160150286, 53.33772464651576 ], [ -123.09602094618883, 53.33805342101769 ], [ -123.096265617367337, 53.338514659714413 ], [ -123.096855922206515, 53.339063502563484 ], [ -123.096887179359754, 53.339602810417702 ], [ -123.096903390322908, 53.3401241605116 ], [ -123.096950195334372, 53.340897163922655 ], [ -123.096966546061992, 53.341481431901613 ], [ -123.097014296192441, 53.342667933869798 ], [ -123.097045696656352, 53.34327015888767 ], [ -123.097077195972517, 53.343908346374491 ], [ -123.096011232558098, 53.344127942111207 ], [ -123.095034952650863, 53.344156688828498 ], [ -123.094271635282638, 53.343878635145543 ], [ -123.093741522831195, 53.343398644630845 ], [ -123.09324295915242, 53.342834738167852 ], [ -123.09262974479185, 53.342494630968076 ], [ -123.091903831659323, 53.342520165764348 ], [ -123.091186890895585, 53.342840317527269 ], [ -123.090386700604498, 53.343253418294466 ], [ -123.089466161644083, 53.343590694697049 ], [ -123.088425290514522, 53.343852153301363 ], [ -123.088472210232013, 53.344751004209073 ], [ -123.088488380251874, 53.345308307058104 ], [ -123.088535138894983, 53.346126262548204 ], [ -123.088566762786684, 53.346890296475756 ], [ -123.088598425978077, 53.347672306741856 ], [ -123.088508034221405, 53.348348540448015 ], [ -123.088295768897041, 53.349017868309154 ], [ -123.087966671690808, 53.349692280534939 ], [ -123.087756050842884, 53.350359611486951 ], [ -123.087658909135499, 53.35100788100204 ], [ -123.087690282824468, 53.351655065589668 ], [ -123.087721507582742, 53.35223032566752 ], [ -123.087868070671718, 53.352881417440599 ], [ -123.088249807754863, 53.353432452277211 ], [ -123.088866724719807, 53.353883436949332 ], [ -123.087768694639081, 53.354076014402118 ], [ -123.086646960931034, 53.354106794058609 ], [ -123.085528379374992, 53.354041689457695 ], [ -123.084426524400314, 53.353997525620457 ], [ -123.083476964284344, 53.354140020825703 ], [ -123.082774767638526, 53.354452119283913 ], [ -123.082435135901164, 53.354922776627227 ], [ -123.082214015084489, 53.355396342209623 ], [ -123.081864178500865, 53.355783103136098 ], [ -123.081268729396811, 53.356055179963548 ], [ -123.080112003227583, 53.356154835069802 ], [ -123.079060295710832, 53.356164525990643 ], [ -123.077903341175997, 53.356138324033907 ], [ -123.077934645971979, 53.356830441803936 ], [ -123.077966042140588, 53.357567518803812 ], [ -123.077853503007049, 53.358109917349772 ], [ -123.077465218916714, 53.358494698671159 ], [ -123.076677512914131, 53.358664990377385 ], [ -123.075623956219928, 53.358615728363333 ], [ -123.074451686898612, 53.358453662694131 ], [ -123.073339536327595, 53.358307533888308 ], [ -123.073370845522092, 53.359035614522796 ], [ -123.073402100755416, 53.359736729901606 ], [ -123.073306230356636, 53.360305090850886 ], [ -123.072961445016958, 53.360778709234367 ], [ -123.072367706707595, 53.361157609076592 ], [ -123.072508833447628, 53.361673877642303 ], [ -123.072775182972947, 53.362194072339179 ], [ -123.073292083829926, 53.362757067566491 ], [ -123.073808986947711, 53.363328034365423 ], [ -123.074325935894805, 53.363907000703954 ], [ -123.07460262047104, 53.364583987027324 ], [ -123.074764234128509, 53.365335955073505 ], [ -123.074914082903817, 53.366037993607591 ], [ -123.075182391951259, 53.366687027353152 ], [ -123.075569122658692, 53.367253077119031 ], [ -123.075837396498059, 53.367868147697919 ], [ -123.075987239407638, 53.368562191034513 ], [ -123.076003300613223, 53.369137474795075 ], [ -123.076034542158027, 53.369802624156442 ], [ -123.076065914746323, 53.370539696954481 ], [ -123.076096920174507, 53.371070013828685 ], [ -123.07733413762044, 53.370928396309282 ], [ -123.078133864736358, 53.370826005927036 ], [ -123.078922052015287, 53.370792529246003 ], [ -123.079785830192748, 53.371003690827692 ], [ -123.080771756918296, 53.37133661441981 ], [ -123.080687829914083, 53.371996851603079 ], [ -123.080473281090804, 53.372463416058601 ], [ -123.080133215525876, 53.372802226406471 ], [ -123.079798295625025, 53.373206956030273 ], [ -123.080880476834778, 53.373192237641788 ], [ -123.081987941792008, 53.37329036039732 ], [ -123.08312067009382, 53.373501313881562 ], [ -123.083699263857568, 53.373028496888942 ], [ -123.084033880672536, 53.372488933301248 ], [ -123.084124543994534, 53.371882616538365 ], [ -123.084589735972401, 53.371507754980229 ], [ -123.085303861544261, 53.371181645250914 ], [ -123.086266886068614, 53.370904300062989 ], [ -123.087368543293138, 53.370639824257736 ], [ -123.087995883477291, 53.370363705874169 ], [ -123.088494512250946, 53.370027752636808 ], [ -123.089216121146521, 53.370114110047119 ], [ -123.089937899829209, 53.370281356856196 ], [ -123.090659851840513, 53.370529501995712 ], [ -123.091666416624236, 53.370330983534693 ], [ -123.092732830933386, 53.370006558022936 ], [ -123.093258604955039, 53.370650346634072 ], [ -123.093907929892566, 53.371273067990273 ], [ -123.094960024130131, 53.371272233877086 ], [ -123.096117267613081, 53.371235352412477 ], [ -123.097243875400338, 53.370955788428091 ], [ -123.097378858731815, 53.371557931609729 ], [ -123.097745926870189, 53.372144902147184 ], [ -123.098345118605636, 53.372716707594719 ], [ -123.098361374006188, 53.37324703698237 ], [ -123.098274158173439, 53.373812406784005 ], [ -123.098068238733404, 53.374322945043517 ], [ -123.097618291537017, 53.374753778298299 ], [ -123.097156706742439, 53.375209593692261 ], [ -123.096554815555933, 53.375670512294825 ], [ -123.096064791802988, 53.376122346540399 ], [ -123.095573027446505, 53.376542222055207 ], [ -123.095338542507179, 53.376995845016317 ], [ -123.095229433679336, 53.377501307289947 ], [ -123.095260943443805, 53.378148481447127 ], [ -123.094564901509784, 53.378357777310185 ], [ -123.093859288131767, 53.378774816895685 ], [ -123.093144092582861, 53.379399599906705 ], [ -123.093550614258632, 53.379692915991704 ], [ -123.093995332254281, 53.379875338009128 ], [ -123.094483599945804, 53.380115654392448 ], [ -123.095015450199227, 53.380413865320605 ], [ -123.095652870894298, 53.380868796368361 ], [ -123.096175120607114, 53.381350772050993 ], [ -123.09658237189953, 53.381942714230306 ], [ -123.096864440368279, 53.382576698964748 ], [ -123.097143068197042, 53.383162745256044 ], [ -123.097397725285816, 53.383492129436043 ], [ -123.097759001279755, 53.38368659086855 ], [ -123.09836779039388, 53.384003695299974 ], [ -123.098853012888085, 53.384338879389503 ], [ -123.098613077682543, 53.384608746732205 ], [ -123.097822133566908, 53.384993913490206 ], [ -123.09711642114712, 53.385400987274465 ], [ -123.096891715549006, 53.385765718875852 ], [ -123.096787368546103, 53.386162314890399 ], [ -123.096783307741617, 53.386578795477298 ], [ -123.096814972656418, 53.387279904173305 ], [ -123.096846902221387, 53.388097858245459 ], [ -123.097003681846914, 53.388722960720223 ], [ -123.097157009826091, 53.389285136859705 ], [ -123.097432113092793, 53.389774301566241 ], [ -123.097578514930703, 53.390230617953982 ], [ -123.097724955304471, 53.390703914517339 ], [ -123.097751421464878, 53.391315134777912 ], [ -123.097645434800356, 53.39173170195172 ], [ -123.09753945886564, 53.392150269496355 ], [ -123.097179617839274, 53.392614981188387 ], [ -123.096692902376873, 53.393131741406336 ], [ -123.095853592215221, 53.393631794093103 ], [ -123.094885467529096, 53.394080008611596 ], [ -123.093923755931996, 53.394412358489376 ], [ -123.093214514445648, 53.394819406587402 ], [ -123.092757730940718, 53.39530116596076 ], [ -123.091859685586854, 53.395731327291912 ], [ -123.091189002457114, 53.396223235852332 ], [ -123.090745702249009, 53.396776886854504 ], [ -123.089662941066223, 53.396804665527554 ], [ -123.088530670073624, 53.397129106513248 ], [ -123.087421370313137, 53.397251778862454 ], [ -123.086315004022424, 53.397183664437947 ], [ -123.085211615107724, 53.3969247819497 ], [ -123.085195480104034, 53.3963764717125 ], [ -123.08411612336883, 53.396429174155685 ], [ -123.083029866193812, 53.396369011039049 ], [ -123.082541165494874, 53.396833770262418 ], [ -123.081801465104363, 53.397127921011339 ], [ -123.080810785056357, 53.397251441140575 ], [ -123.079682874492789, 53.397270173283331 ], [ -123.078520042563994, 53.397378811172274 ], [ -123.077210899958928, 53.396975169263641 ], [ -123.076107432494965, 53.396640296813466 ], [ -123.074999206234565, 53.396437250927526 ], [ -123.073635632183084, 53.396417122946175 ], [ -123.072512381275473, 53.396211064745778 ], [ -123.071629434748544, 53.395819082331926 ], [ -123.070501302520981, 53.395678928925719 ], [ -123.069383400921083, 53.395661606899388 ], [ -123.068641669261041, 53.395769907978284 ], [ -123.067862990919721, 53.395769351359213 ], [ -123.067047386373616, 53.39565994564277 ], [ -123.066226489040673, 53.395359777139085 ], [ -123.065417092970534, 53.394935752913483 ], [ -123.064517424678371, 53.394465830345503 ], [ -123.063490844387132, 53.394043905120995 ], [ -123.062407665701372, 53.393747846151037 ], [ -123.062314927704463, 53.394315186365731 ], [ -123.061973143683232, 53.394827724372078 ], [ -123.0613822901921, 53.395285466648247 ], [ -123.060791339878605, 53.39568028034693 ], [ -123.060566351094849, 53.396102861931539 ], [ -123.060707363283313, 53.396553232112744 ], [ -123.061174195671711, 53.396990454160544 ], [ -123.061457034624652, 53.397293928679879 ], [ -123.061601142214997, 53.397577498876927 ], [ -123.061531258934991, 53.397781289898603 ], [ -123.061511515416512, 53.398000025028921 ], [ -123.061108814730972, 53.39800822533121 ], [ -123.060743065204619, 53.398164218118545 ], [ -123.060414308574067, 53.398468004814248 ], [ -123.060926120864792, 53.398799328083889 ], [ -123.061558178999917, 53.399069672494505 ], [ -123.061574022808827, 53.399617976610166 ], [ -123.061604998557726, 53.400238197534755 ], [ -123.061620668904609, 53.400678634942373 ], [ -123.061651560851601, 53.40123593016348 ], [ -123.061667231431713, 53.401676376307819 ], [ -123.060554179963773, 53.401652968639951 ], [ -123.059441053642203, 53.401578626975379 ], [ -123.058674732154913, 53.402130321633685 ], [ -123.058075349175922, 53.402555080662395 ], [ -123.057608004117483, 53.402996762728371 ], [ -123.05739809474295, 53.403490250181385 ], [ -123.057308529070838, 53.404006653058836 ], [ -123.057339614268301, 53.40474371890879 ], [ -123.056720238173256, 53.405264367227574 ], [ -123.05622789317448, 53.405795940631187 ], [ -123.055054992784818, 53.406102107221997 ], [ -123.053956935876386, 53.40612057800606 ], [ -123.052808951672844, 53.406321845526534 ], [ -123.051640978832623, 53.406598016549019 ], [ -123.050690324646268, 53.406906041129027 ], [ -123.050102434763716, 53.407284816922115 ], [ -123.050114685687049, 53.407748233997602 ], [ -123.050605030154671, 53.408261388360806 ], [ -123.050605762072564, 53.408881617404404 ], [ -123.04966333584774, 53.409125704406499 ], [ -123.048961721739431, 53.409485546204756 ], [ -123.048500920135211, 53.409961146995677 ], [ -123.047999981386212, 53.410413783518635 ], [ -123.047251607090743, 53.410843551210888 ], [ -123.046255792145544, 53.411250427513494 ], [ -123.045625964283914, 53.411588253222732 ], [ -123.045118157756448, 53.41191304005747 ], [ -123.04499979058852, 53.412222701078214 ], [ -123.04463907680875, 53.412561417160624 ], [ -123.044036010446916, 53.412929177134352 ], [ -123.044051672370401, 53.413531425666321 ], [ -123.04405222962248, 53.414070752120018 ], [ -123.04406785239172, 53.414628051401095 ], [ -123.0440834392478, 53.415158386259613 ], [ -123.043973621962806, 53.415647816948201 ], [ -123.043753415189613, 53.416105327182287 ], [ -123.043422848525751, 53.41654290089955 ], [ -123.04320265533616, 53.417022386648021 ], [ -123.042972461592598, 53.417529833757698 ], [ -123.042606859009638, 53.418045326233667 ], [ -123.041995446808443, 53.418538923238472 ], [ -123.042011007367023, 53.419060269554279 ], [ -123.041365948318187, 53.419354130232207 ], [ -123.040985175132107, 53.419791714757785 ], [ -123.040749910442344, 53.420284186810186 ], [ -123.040528020897241, 53.420789629418906 ], [ -123.040187361470146, 53.421227195195229 ], [ -123.039965499966073, 53.421775594101327 ], [ -123.039862438452587, 53.422413828294331 ], [ -123.03987807896381, 53.423052026632476 ], [ -123.039878549195549, 53.423564386493332 ], [ -123.039894136437269, 53.424130671979192 ], [ -123.039909811097246, 53.424795842897041 ], [ -123.039925434611263, 53.425407076739802 ], [ -123.039812302613925, 53.426029335561964 ], [ -123.039570407098751, 53.426644643402362 ], [ -123.039199758337304, 53.427264992531377 ], [ -123.038830701376895, 53.427806436760463 ], [ -123.038588623705621, 53.428246970132761 ], [ -123.038473546756251, 53.42858658490622 ], [ -123.038604335766792, 53.428973055381846 ], [ -123.038738518856732, 53.429414460426401 ], [ -123.038876096658669, 53.429910799993998 ], [ -123.038891673712499, 53.430486071683696 ], [ -123.038892097084982, 53.430953490124054 ], [ -123.038907622808921, 53.431465846001778 ], [ -123.03892309887965, 53.431933261780287 ], [ -123.039053948577745, 53.432375659025077 ], [ -123.039440639972625, 53.432768050355776 ], [ -123.040178421848722, 53.43303446730534 ], [ -123.041136846306429, 53.433163975256242 ], [ -123.04067741316473, 53.433676493747768 ], [ -123.040450442800108, 53.434173950992331 ], [ -123.040455877821458, 53.434617399877766 ], [ -123.040223842501831, 53.435082897023783 ], [ -123.039864687369246, 53.435555423895387 ], [ -123.039378437473303, 53.436034989042057 ], [ -123.039002505594439, 53.436472562812817 ], [ -123.039017984209153, 53.436930980771898 ], [ -123.039033395957787, 53.437326482903039 ], [ -123.040137635832892, 53.437667693215538 ], [ -123.0412317808252, 53.437936982536158 ], [ -123.041232301605149, 53.438476311714666 ], [ -123.041247876614378, 53.439006641323367 ], [ -123.041144627927196, 53.439494067698448 ], [ -123.040922581115268, 53.439929594619592 ], [ -123.040581769667, 53.440364170605967 ], [ -123.040354728538247, 53.440837658066584 ], [ -123.040241424365249, 53.44129911745204 ], [ -123.04037239812547, 53.441827416673149 ], [ -123.040734162072212, 53.442297701438612 ], [ -123.041326736896607, 53.442709979013884 ], [ -123.041342280922279, 53.443222340316119 ], [ -123.04173410584157, 53.443602728576565 ], [ -123.042254662266558, 53.443912158962817 ], [ -123.042898970850743, 53.444171603017466 ], [ -123.043646979049129, 53.444399047697985 ], [ -123.043160767204981, 53.444986489686102 ], [ -123.042549027876788, 53.445523031758214 ], [ -123.042564700315438, 53.446152243653906 ], [ -123.042580313542601, 53.446700546966163 ], [ -123.043079094784517, 53.446933081350373 ], [ -123.04320650282466, 53.447188714424598 ], [ -123.042833709608473, 53.447478484638076 ], [ -123.042335567257453, 53.447890152787494 ], [ -123.04183414554771, 53.448375719852656 ], [ -123.041585350030942, 53.448874178310717 ], [ -123.041468696888415, 53.449352623539433 ], [ -123.040369677471773, 53.449541765488263 ], [ -123.039250439526597, 53.449599069253509 ], [ -123.038111009208308, 53.449524525697221 ], [ -123.03700506519435, 53.44948192899195 ], [ -123.035877336749479, 53.449387392276201 ], [ -123.034782973866712, 53.449183966146315 ], [ -123.033712472200548, 53.44950787301741 ], [ -123.032919765417802, 53.449927570814992 ], [ -123.032404841341688, 53.450443064649249 ], [ -123.033193600046815, 53.451383669974547 ], [ -123.033602358010313, 53.452028744988787 ], [ -123.034131460972887, 53.45249401051688 ], [ -123.034914735377527, 53.452766443847032 ], [ -123.035945587288865, 53.452940919445531 ], [ -123.037090234674451, 53.45314731361232 ], [ -123.037105762232457, 53.453677649070109 ], [ -123.037121210840013, 53.45412707552714 ], [ -123.037121679660103, 53.454675388306136 ], [ -123.035982255148284, 53.454756641164323 ], [ -123.034822705439055, 53.454810912727503 ], [ -123.03367333954516, 53.455034963622744 ], [ -123.032514010517943, 53.455368868138052 ], [ -123.032147865896619, 53.455788439638738 ], [ -123.031786785844091, 53.456258949864896 ], [ -123.031430739690293, 53.456780389123743 ], [ -123.030400329967165, 53.457298002291729 ], [ -123.029112188255212, 53.457823667672002 ], [ -123.029512478203912, 53.458325942644358 ], [ -123.029395644343268, 53.458782397644711 ], [ -123.028761684655095, 53.459193040512055 ], [ -123.028258238052601, 53.459586663451077 ], [ -123.028014162946036, 53.459972240404007 ], [ -123.028014491704283, 53.460466616119213 ], [ -123.028029857310443, 53.460934026956423 ], [ -123.028030149206742, 53.461374475447627 ], [ -123.028045505684716, 53.46180593513359 ], [ -123.028045761309798, 53.462192447509914 ], [ -123.02753217616349, 53.462514164791507 ], [ -123.026764202712457, 53.462831937476459 ], [ -123.025741819686274, 53.463145769228959 ], [ -123.026128668720261, 53.463544189860514 ], [ -123.026647766095067, 53.463983518645584 ], [ -123.027299107210283, 53.464427820831361 ], [ -123.028219865944237, 53.464806128769801 ], [ -123.02926781819744, 53.465131467166508 ], [ -123.029268071102052, 53.465508990939703 ], [ -123.02928349162508, 53.466021348737669 ], [ -123.029283821376964, 53.466506735062239 ], [ -123.029299242458137, 53.467019092621591 ], [ -123.029314561961485, 53.467387627212638 ], [ -123.029314828202388, 53.467783126206136 ], [ -123.029330173306462, 53.468187620841356 ], [ -123.029330517611612, 53.46868199467098 ], [ -123.029213615513427, 53.469075532877937 ], [ -123.028964450817142, 53.469431151153167 ], [ -123.028455792293755, 53.469713915168718 ], [ -123.027942097886921, 53.470006669408249 ], [ -123.02742339792853, 53.470309405601164 ], [ -123.027164168613893, 53.470654032736412 ], [ -123.027042181791799, 53.471001625026844 ], [ -123.02704248821145, 53.471469043986517 ], [ -123.027454588550867, 53.471954338988823 ], [ -123.027861692912637, 53.472460604376131 ], [ -123.028263801092137, 53.472987849138967 ], [ -123.028279135354225, 53.473410318129517 ], [ -123.028294585431269, 53.473967613282397 ], [ -123.028294866415877, 53.474399071150728 ], [ -123.027252075916977, 53.474637012961772 ], [ -123.026483970476889, 53.475101600269952 ], [ -123.026117720456853, 53.475709919739529 ], [ -123.025866946926257, 53.47626527387699 ], [ -123.025465369600084, 53.476606938218538 ], [ -123.024785782861088, 53.476817809854566 ], [ -123.024131293825874, 53.477006709604183 ], [ -123.023744744305219, 53.477312398478631 ], [ -123.02362610547965, 53.477734896187876 ], [ -123.02362639257781, 53.478247252339642 ], [ -123.023514438447023, 53.478642774448439 ], [ -123.0232752545583, 53.479056306198849 ], [ -123.022783242894832, 53.479448903507603 ], [ -123.022287851236371, 53.479822533319513 ], [ -123.021789096522383, 53.480177178071578 ], [ -123.021412586177362, 53.480566753295129 ], [ -123.021427894576831, 53.481052145104435 ], [ -123.021322635029051, 53.481491604699457 ], [ -123.021096839751664, 53.481957060643111 ], [ -123.02075046845664, 53.482421539473975 ], [ -123.020404084040479, 53.482859045199405 ], [ -123.021382125554993, 53.483259375203822 ], [ -123.02224799704166, 53.483638740720245 ], [ -123.023001679075435, 53.483997143825398 ], [ -123.023912793309577, 53.484401458376816 ], [ -123.024956204709895, 53.484781762797105 ], [ -123.024294898201347, 53.484980649389527 ], [ -123.023765912007747, 53.485231441922174 ], [ -123.023781228856294, 53.48568087250468 ], [ -123.023796589857128, 53.486193226255843 ], [ -123.023796805897746, 53.486579743253493 ], [ -123.023812186256322, 53.487137035241986 ], [ -123.023721987604958, 53.487559524073603 ], [ -123.023737419304965, 53.488206702009549 ], [ -123.022587293681056, 53.488806171562189 ], [ -123.021952849114172, 53.489249736911397 ], [ -123.021572948097898, 53.489751169673738 ], [ -123.021447642184299, 53.490310491279352 ], [ -123.021463017978547, 53.490930705372293 ], [ -123.02099766352498, 53.491347266034587 ], [ -123.020413368174076, 53.491724894045042 ], [ -123.01971014898983, 53.492096542666843 ], [ -123.019120766559112, 53.492393265854737 ], [ -123.018650309579002, 53.492725922869226 ], [ -123.018298736026352, 53.493052562901994 ], [ -123.017778027120585, 53.493383224831923 ], [ -123.017123291557198, 53.493672958638314 ], [ -123.017108316160034, 53.493903669567814 ], [ -123.017074936279712, 53.494212288109509 ], [ -123.016924297944726, 53.494458998231877 ], [ -123.016656399754694, 53.49464379951165 ], [ -123.01745383433439, 53.495135072882299 ], [ -123.018314893772029, 53.495569395037911 ], [ -123.019425486135333, 53.495871832055855 ], [ -123.020500910875143, 53.496162293299427 ], [ -123.021586489913915, 53.496620523794419 ], [ -123.021586847022036, 53.497312647165863 ], [ -123.021602173151081, 53.497816010612183 ], [ -123.021617470796258, 53.49826544784964 ], [ -123.021750016901166, 53.498677897835584 ], [ -123.022014866815141, 53.499080339892714 ], [ -123.022281392623952, 53.499455824460277 ], [ -123.022289965606788, 53.499815370169962 ], [ -123.022040564031911, 53.500158976708306 ], [ -123.021789488632081, 53.500520569903763 ], [ -123.021548447863495, 53.500875165734016 ], [ -123.021198522124095, 53.50121779438949 ], [ -123.020614053144158, 53.501513528156359 ], [ -123.020017864369109, 53.501827237554735 ], [ -123.019664581878416, 53.502209809619949 ], [ -123.01955422503417, 53.502661255804121 ], [ -123.019584638751937, 53.503200578268689 ], [ -123.019599957364008, 53.503748878740417 ], [ -123.019147910645543, 53.504319236312284 ], [ -123.0185752132913, 53.504845657705992 ], [ -123.017412514656627, 53.504664065309228 ], [ -123.016238065928817, 53.504411549559279 ], [ -123.015083754068982, 53.504216949329745 ], [ -123.01394624138473, 53.504082253786052 ], [ -123.012850649031392, 53.504092362424593 ], [ -123.011744976608966, 53.504013579384214 ], [ -123.010659374119783, 53.503818925551762 ], [ -123.009603939597724, 53.503597292601086 ], [ -123.009232161580698, 53.504103683176844 ], [ -123.008855330032475, 53.504574121148835 ], [ -123.008610846241723, 53.505055527947711 ], [ -123.008503727472544, 53.505583872858843 ], [ -123.00851893026163, 53.506159146628356 ], [ -123.008549182243456, 53.506662511120609 ], [ -123.008564373089982, 53.507210812523184 ], [ -123.008594698520895, 53.508082714719933 ], [ -123.008619897795086, 53.508421287161916 ], [ -123.008609907511385, 53.508675963109731 ], [ -123.008549623574325, 53.508882708901396 ], [ -123.008519519144386, 53.509107424138122 ], [ -123.007788995145376, 53.508929696094057 ], [ -123.007046759804467, 53.508691043693496 ], [ -123.006252562499583, 53.508376490826741 ], [ -123.005458379167422, 53.508037956757093 ], [ -123.004674284587651, 53.507801287777525 ], [ -123.003905266620478, 53.507498697125222 ], [ -123.003362478022581, 53.507912191776114 ], [ -123.00274429356007, 53.508272752515168 ], [ -123.00197027241758, 53.508494490231342 ], [ -123.001032041173445, 53.508520466993325 ], [ -122.999969847063682, 53.508379649232026 ], [ -122.999939688622348, 53.507813360310394 ], [ -122.999894456333763, 53.507022359873744 ], [ -122.998942854329812, 53.506943459178295 ], [ -122.998070029147016, 53.506694763063052 ], [ -122.997275944682798, 53.506276272058813 ], [ -122.996461791730212, 53.505784866394166 ], [ -122.995776642337901, 53.505239539275571 ], [ -122.995220517846249, 53.504649254250552 ], [ -122.994134795033318, 53.505826726489708 ], [ -122.993362511621427, 53.505656896221829 ], [ -122.992590217119371, 53.505613910694763 ], [ -122.991682216495164, 53.505616840663969 ], [ -122.990636833823203, 53.505610772815608 ], [ -122.989440710299192, 53.50550280738382 ], [ -122.98823957580835, 53.505349890311116 ], [ -122.987688266216878, 53.505844215821227 ], [ -122.987445202216819, 53.506342556068809 ], [ -122.987510393429531, 53.506844930841325 ], [ -122.987456620329425, 53.507407215382663 ], [ -122.987283839358611, 53.508112307101534 ], [ -122.986926758479029, 53.508882295644369 ], [ -122.986620010637921, 53.509316712887603 ], [ -122.986298110134285, 53.510025786571461 ], [ -122.986051573457033, 53.510769816839762 ], [ -122.98472808543606, 53.510363170945382 ], [ -122.983603968385964, 53.510023450870321 ], [ -122.982679227188285, 53.509750662658682 ], [ -122.981945526186649, 53.509426961514293 ], [ -122.981242001615527, 53.509052326148179 ], [ -122.981754798011551, 53.508761771430549 ], [ -122.982036404946072, 53.508438223974238 ], [ -122.982086827744453, 53.508081676447404 ], [ -122.982098739319639, 53.507617270570933 ], [ -122.982167672085964, 53.507068968376345 ], [ -122.982340460660822, 53.506515695733334 ], [ -122.98270087006172, 53.505987413213738 ], [ -122.983248893205939, 53.50548412808952 ], [ -122.983264193908454, 53.504884883847581 ], [ -122.98341513633595, 53.504454445840473 ], [ -122.983566041426968, 53.504117893625789 ], [ -122.983636585672642, 53.503645497705932 ], [ -122.983114122498861, 53.503115095289516 ], [ -122.981998707380981, 53.502526670358179 ], [ -122.980852916188127, 53.502490544675027 ], [ -122.979736985908303, 53.503038669362681 ], [ -122.979578184144955, 53.502348510296009 ], [ -122.979166398176233, 53.501712239392511 ], [ -122.978389370366557, 53.501257673909123 ], [ -122.977504994516607, 53.501108694413965 ], [ -122.976766213872622, 53.501220420608419 ], [ -122.976407597291626, 53.501483018715817 ], [ -122.976300212137332, 53.501806584013679 ], [ -122.975640347950076, 53.50155776934357 ], [ -122.975238490255848, 53.501255063672716 ], [ -122.975094633730961, 53.500898487491895 ], [ -122.97507973905897, 53.500610840942286 ], [ -122.975064995768065, 53.500035570488016 ], [ -122.975035147579646, 53.499523208189146 ], [ -122.974983360596951, 53.499274505832446 ], [ -122.974879665911047, 53.49901081683042 ], [ -122.97458341030233, 53.498651208247843 ], [ -122.974615432755698, 53.498310645011571 ], [ -122.974553683809134, 53.497932110700653 ], [ -122.975659463738907, 53.4974349686184 ], [ -122.976599371988897, 53.496955758833906 ], [ -122.977241109905123, 53.496516436172129 ], [ -122.977750515344482, 53.496099061052902 ], [ -122.978132585681507, 53.495724598683161 ], [ -122.978519655790123, 53.495371116803106 ], [ -122.978519925240022, 53.494831792423192 ], [ -122.978520101870856, 53.494508199904871 ], [ -122.978490202844341, 53.494004833646798 ], [ -122.978590965799995, 53.493450545747294 ], [ -122.978584506563237, 53.492997116404375 ], [ -122.978536138951057, 53.492593618944426 ], [ -122.978720584390771, 53.492149205985072 ], [ -122.978812909800581, 53.49170678250308 ], [ -122.978779633304683, 53.491271321850718 ], [ -122.978908794413755, 53.490875846897296 ], [ -122.979200360013394, 53.490520338465188 ], [ -122.979697927583544, 53.490139908272901 ], [ -122.978778212997028, 53.489933077815309 ], [ -122.978761562028154, 53.489937347207302 ], [ -122.978749282381855, 53.489940749629369 ], [ -122.978629245455267, 53.489979283794518 ], [ -122.978563336356871, 53.490006030471811 ], [ -122.978485781371873, 53.4900372450454 ], [ -122.978440155239284, 53.490055472903144 ], [ -122.978362654012258, 53.49008425792298 ], [ -122.978199579931797, 53.490150826389659 ], [ -122.977857642620421, 53.490218701267793 ], [ -122.977260375700368, 53.490324100735862 ], [ -122.976334720498983, 53.490485476474653 ], [ -122.975487483919466, 53.490681439713384 ], [ -122.974978218073943, 53.490949988984845 ], [ -122.974597907158483, 53.491204594577781 ], [ -122.974346555833478, 53.491445230869509 ], [ -122.973708405305942, 53.491577929756183 ], [ -122.97280903439821, 53.491630656698959 ], [ -122.97164862946245, 53.491360729259483 ], [ -122.971779584681599, 53.490859389064298 ], [ -122.972041159825864, 53.490378058438672 ], [ -122.972433282286474, 53.490003626424318 ], [ -122.97282533072098, 53.489716074003184 ], [ -122.971676568092306, 53.489644900440581 ], [ -122.97053453766209, 53.489517779815152 ], [ -122.969948476030339, 53.489426752770846 ], [ -122.969556720669075, 53.489261859948002 ], [ -122.969359286447698, 53.489023103627353 ], [ -122.968228800612735, 53.489184610606202 ], [ -122.967577193608903, 53.489400157531776 ], [ -122.967185060911689, 53.489747619686121 ], [ -122.967052391468428, 53.490226981273949 ], [ -122.967052044098523, 53.490667423815232 ], [ -122.96592673564561, 53.490562239594418 ], [ -122.964871771291612, 53.490454071965878 ], [ -122.963887151365228, 53.49034291384136 ], [ -122.964223382603009, 53.490792455180696 ], [ -122.964360339134828, 53.491238932082993 ], [ -122.964403448868339, 53.491756295419329 ], [ -122.964253887034701, 53.492353493306481 ], [ -122.964110969486526, 53.493030602984156 ], [ -122.963626436608934, 53.493630700121415 ], [ -122.963009637407353, 53.49416882666641 ], [ -122.962397892132557, 53.494663018591531 ], [ -122.962055709644901, 53.495236183856711 ], [ -122.96198309775518, 53.495888342626053 ], [ -122.960927368678838, 53.496491244425414 ], [ -122.95994706453115, 53.496987290286555 ], [ -122.959278473188576, 53.497289684971037 ], [ -122.958574730283232, 53.497550115244749 ], [ -122.957830742938143, 53.49785846419708 ], [ -122.957212337015875, 53.498201811103144 ], [ -122.956717899082406, 53.498505253309645 ], [ -122.95634744897869, 53.498768783805652 ], [ -122.955846417518273, 53.498966352221153 ], [ -122.955347051528307, 53.499170912881077 ], [ -122.95484933633864, 53.499382456465703 ], [ -122.95461772863915, 53.499807828757298 ], [ -122.954516672185449, 53.500326144093108 ], [ -122.953865452849129, 53.499968341779173 ], [ -122.953341581435282, 53.499588618693394 ], [ -122.952940184605282, 53.499025168003527 ], [ -122.95254377355613, 53.498515653930397 ], [ -122.952152347229045, 53.498060067607597 ], [ -122.951626892198774, 53.497629399397731 ], [ -122.950977470704714, 53.497214656618731 ], [ -122.949832340079311, 53.49676475475399 ], [ -122.949043339683996, 53.496854304406661 ], [ -122.948626195037463, 53.496917043492047 ], [ -122.94750908810343, 53.496854641002969 ], [ -122.94638039657552, 53.496682353417221 ], [ -122.946027721151594, 53.496103923172754 ], [ -122.945733712409577, 53.495495553908256 ], [ -122.944557989726221, 53.495468048924785 ], [ -122.943430804358826, 53.495450548991172 ], [ -122.942290425401893, 53.495291197376837 ], [ -122.941136863256276, 53.494990011579432 ], [ -122.939956096656303, 53.494980442030418 ], [ -122.938800316530106, 53.495060754471204 ], [ -122.938454837014007, 53.494224628935726 ], [ -122.938214459234644, 53.493676197931968 ], [ -122.937888595357578, 53.493175651228583 ], [ -122.937622951056781, 53.492738067998857 ], [ -122.937417494377783, 53.492363430000715 ], [ -122.937181902035164, 53.491997768015665 ], [ -122.936695318061297, 53.491482163446236 ], [ -122.936334496667953, 53.490861751448236 ], [ -122.935771350278443, 53.49116407090483 ], [ -122.935049505073437, 53.491189644449889 ], [ -122.934247802674918, 53.490874601243249 ], [ -122.933486654736171, 53.490338853513045 ], [ -122.934000561198744, 53.489395322457746 ], [ -122.933324685116844, 53.488970483122785 ], [ -122.932539922276305, 53.488567551274926 ], [ -122.931867345292119, 53.488179654986411 ], [ -122.931320451950327, 53.487748882474861 ], [ -122.931261387475544, 53.486993797514828 ], [ -122.931202237232725, 53.486292647583561 ], [ -122.931158051307222, 53.485654422483385 ], [ -122.92996775707644, 53.485491937359299 ], [ -122.928812446006589, 53.485434323508251 ], [ -122.927647253257362, 53.485292805758249 ], [ -122.927467277609978, 53.484780338896293 ], [ -122.926430492881295, 53.484950494892836 ], [ -122.92560138389895, 53.485085810663868 ], [ -122.925020001305825, 53.485280200787216 ], [ -122.924707939838186, 53.485623569009661 ], [ -122.924150279479647, 53.485572038908145 ], [ -122.923647839112434, 53.485460368381275 ], [ -122.923435519640663, 53.485268578916262 ], [ -122.923329113573331, 53.485117062362804 ], [ -122.923328618802017, 53.485005827965935 ], [ -122.923327038019266, 53.484987586619447 ], [ -122.92331768718222, 53.48491694712046 ], [ -122.923312346297735, 53.484876577909624 ], [ -122.92331842789045, 53.484799582058287 ], [ -122.923327626603069, 53.484707489042037 ], [ -122.923333160933097, 53.484595055698463 ], [ -122.923326710430587, 53.48453166719591 ], [ -122.923309042023163, 53.48448045781393 ], [ -122.923280598962577, 53.484419291530976 ], [ -122.923245160079162, 53.48431558736344 ], [ -122.923238741888923, 53.484287443645854 ], [ -122.923232694651631, 53.484244544528444 ], [ -122.923231762791346, 53.484190430093058 ], [ -122.923239288864536, 53.484157048795119 ], [ -122.923284483881872, 53.484097316274671 ], [ -122.923337054083021, 53.484029772621305 ], [ -122.923396998746895, 53.483954426777856 ], [ -122.923552110746371, 53.48378991476941 ], [ -122.923693369843889, 53.483572443816513 ], [ -122.923898878268218, 53.483325431973995 ], [ -122.923993554359285, 53.483096048402125 ], [ -122.924117241638399, 53.482736026478662 ], [ -122.924216789194077, 53.482162608134516 ], [ -122.924127920933216, 53.481290652721057 ], [ -122.924083862833726, 53.480652423931673 ], [ -122.923995291263196, 53.479618670343342 ], [ -122.924056781425463, 53.478935568238555 ], [ -122.924088057994553, 53.478297389716332 ], [ -122.923727713121167, 53.477587049677794 ], [ -122.92366860430802, 53.476939828536587 ], [ -122.923115318333714, 53.476457077992734 ], [ -122.922315697268502, 53.476123975415511 ], [ -122.92126970759881, 53.475940524093566 ], [ -122.920099856584471, 53.475750983764556 ], [ -122.919376889684088, 53.475624659103289 ], [ -122.919101592837862, 53.475129094976857 ], [ -122.918545068170189, 53.474637329666109 ], [ -122.91770730966239, 53.474149367800351 ], [ -122.917154174173561, 53.473646622290602 ], [ -122.916346469622738, 53.473214594332646 ], [ -122.915284197811076, 53.472853305656756 ], [ -122.914702240457672, 53.472556262022671 ], [ -122.913989562850944, 53.472340017360715 ], [ -122.91418707325505, 53.471522185215932 ], [ -122.91289151774852, 53.471485300274765 ], [ -122.912277659291547, 53.472066114699196 ], [ -122.911759159945646, 53.472661991272382 ], [ -122.910678932552287, 53.47290288450948 ], [ -122.909573836852942, 53.473028895255275 ], [ -122.908443852177811, 53.473040013102967 ], [ -122.907313938744906, 53.473027162310537 ], [ -122.907641516161377, 53.472500077647922 ], [ -122.907974093595072, 53.471975992388444 ], [ -122.908058988955361, 53.471421754914907 ], [ -122.907773752700137, 53.470953117727284 ], [ -122.907000986892001, 53.470688848989738 ], [ -122.905993349748414, 53.470662095409907 ], [ -122.906037005796293, 53.471363248878895 ], [ -122.905925108081178, 53.472001357235591 ], [ -122.905969136213997, 53.472531733323791 ], [ -122.905936241196173, 53.47302308289823 ], [ -122.905826406020594, 53.473484420753863 ], [ -122.905478753174549, 53.4739935055605 ], [ -122.905126123797118, 53.474481613143119 ], [ -122.905210468393733, 53.474943102975679 ], [ -122.905249619854388, 53.475401553480928 ], [ -122.905243590457133, 53.475856983003439 ], [ -122.905165144412535, 53.476502112048088 ], [ -122.904817449341394, 53.477014190075558 ], [ -122.904200498701769, 53.477393214825376 ], [ -122.903837847191184, 53.477848352811122 ], [ -122.903475174897721, 53.478312477551299 ], [ -122.903375398930336, 53.478751845854937 ], [ -122.903665927335254, 53.479101646604541 ], [ -122.904346753576931, 53.479361867646581 ], [ -122.904405487034069, 53.480045048615402 ], [ -122.905100534929588, 53.480695789499855 ], [ -122.905668283407124, 53.481376384927323 ], [ -122.904537131155962, 53.481812939799354 ], [ -122.903787784303915, 53.482216827313067 ], [ -122.903488864081382, 53.482610091612088 ], [ -122.903368969976384, 53.483055431316906 ], [ -122.903664535902465, 53.48340722727297 ], [ -122.904028920142679, 53.483690168040965 ], [ -122.904420212604933, 53.483924191331305 ], [ -122.904727689830665, 53.484198090167595 ], [ -122.904706436798037, 53.484718417708251 ], [ -122.90436733290062, 53.485099670115282 ], [ -122.903710388601368, 53.48534183618991 ], [ -122.903048661679165, 53.485474131700293 ], [ -122.902494209513236, 53.485562573825192 ], [ -122.901550447065958, 53.486001244275201 ], [ -122.900835977320497, 53.486486045772452 ], [ -122.900350791433581, 53.487016973060328 ], [ -122.90040958378988, 53.487655215211397 ], [ -122.900468207675644, 53.488365376769437 ], [ -122.900526763345567, 53.489102492053242 ], [ -122.900570656852835, 53.489668816809044 ], [ -122.901745813442929, 53.489867540187475 ], [ -122.901819202596229, 53.490721527482428 ], [ -122.901848305274569, 53.491170987189989 ], [ -122.901877839506525, 53.491431686962351 ], [ -122.901907515381737, 53.491638442975997 ], [ -122.90192169878965, 53.492024973914624 ], [ -122.901965460364835, 53.492654220039817 ], [ -122.902038997452564, 53.493445283110873 ], [ -122.90208283279506, 53.494047556955373 ], [ -122.903167874874867, 53.494156308903975 ], [ -122.903226691303686, 53.494803544035285 ], [ -122.903845600777544, 53.495153594754235 ], [ -122.904191357073771, 53.495571354824833 ], [ -122.904263955694034, 53.496056799723434 ], [ -122.904308282858793, 53.496458329308645 ], [ -122.90338780323053, 53.496871070307428 ], [ -122.903070923725764, 53.497014628429504 ], [ -122.901935016838365, 53.497139541822797 ], [ -122.900808934182706, 53.497363328133787 ], [ -122.899658054687436, 53.49743827930574 ], [ -122.898507525404113, 53.497365398105707 ], [ -122.897357357819772, 53.497144693482305 ], [ -122.896830332149165, 53.497599662598745 ], [ -122.896502759689, 53.497990882937671 ], [ -122.896374661937557, 53.4983183655213 ], [ -122.896409031406876, 53.498644980578533 ], [ -122.89642804068707, 53.499094429877871 ], [ -122.896507151995806, 53.499624830088656 ], [ -122.896256255840228, 53.500159937130441 ], [ -122.895888433537891, 53.500561115175309 ], [ -122.895403685919391, 53.500828354262303 ], [ -122.895417100025753, 53.501502516347863 ], [ -122.894170955305484, 53.501441495832587 ], [ -122.892930110365342, 53.501273602387357 ], [ -122.891705997505497, 53.501121686332795 ], [ -122.890498599388451, 53.500985756746317 ], [ -122.889357903645575, 53.500966733376998 ], [ -122.889327371723468, 53.501110520951208 ], [ -122.889296697840393, 53.501308243417959 ], [ -122.889280927381265, 53.50157789293106 ], [ -122.889280502723835, 53.501739688679429 ], [ -122.889418038130813, 53.502316084714359 ], [ -122.889684634359455, 53.502869634412818 ], [ -122.889939498616556, 53.503421172949359 ], [ -122.890181159796711, 53.503902792648169 ], [ -122.890361011571912, 53.504316437960902 ], [ -122.890419724007771, 53.504937709427544 ], [ -122.890349596601524, 53.505494937987727 ], [ -122.88995309062264, 53.505937018827893 ], [ -122.889289536603897, 53.505988340345574 ], [ -122.888477195860588, 53.50592067033935 ], [ -122.887761877338676, 53.50590901606089 ], [ -122.887443741365146, 53.506474995694951 ], [ -122.887122349710751, 53.507005026263606 ], [ -122.886940141455881, 53.507482255881897 ], [ -122.886987695599942, 53.507868807894774 ], [ -122.88712419583814, 53.508201517579494 ], [ -122.887297626685978, 53.508509293292327 ], [ -122.887274662592972, 53.508950715267801 ], [ -122.887164418187595, 53.509458976102998 ], [ -122.887002305494363, 53.509938218954673 ], [ -122.886955955191524, 53.510351653087277 ], [ -122.886844622007317, 53.510636183568536 ], [ -122.886585500834002, 53.511049420556319 ], [ -122.886160677467259, 53.511391584368965 ], [ -122.885516718205139, 53.51159870157408 ], [ -122.884730503320753, 53.511745758533245 ], [ -122.883810144436254, 53.511927637019589 ], [ -122.883809747978844, 53.51207145676333 ], [ -122.883825401542452, 53.512475960500382 ], [ -122.883787380070913, 53.512898393292318 ], [ -122.883660401779082, 53.513377661793463 ], [ -122.883548409209254, 53.513886914619427 ], [ -122.883517050918115, 53.51432732727055 ], [ -122.883657990342712, 53.51486778284162 ], [ -122.884028591504261, 53.515377502401172 ], [ -122.884628862620488, 53.515856474878795 ], [ -122.884642009721276, 53.516566592941047 ], [ -122.884640482938039, 53.517132874717142 ], [ -122.885443005914752, 53.517810790645285 ], [ -122.886261005313045, 53.51835089007065 ], [ -122.88709447367242, 53.518753172775547 ], [ -122.887465422179062, 53.519164008572034 ], [ -122.887714217947718, 53.519502810326898 ], [ -122.887840710540246, 53.519832519375704 ], [ -122.887719069371386, 53.520204931921093 ], [ -122.887379547189425, 53.52058113406963 ], [ -122.886904231261369, 53.520970199577832 ], [ -122.886413896579725, 53.521338266800058 ], [ -122.886101406088585, 53.521614022204439 ], [ -122.885897844502452, 53.521867332222747 ], [ -122.88579154055067, 53.522064263256816 ], [ -122.885739603665982, 53.522205149449931 ], [ -122.885703467247581, 53.52230992102745 ], [ -122.885697300352419, 53.522382984384464 ], [ -122.885848423989799, 53.522606268994643 ], [ -122.886329981283225, 53.522999325804101 ], [ -122.887142033334612, 53.523562142954802 ], [ -122.887458287601547, 53.523751204906077 ], [ -122.887538352763357, 53.523264898682307 ], [ -122.887697089129418, 53.522813618716754 ], [ -122.888160636590882, 53.522437528095651 ], [ -122.88882175696088, 53.522134527456537 ], [ -122.889785903609635, 53.521949656684363 ], [ -122.890816830938192, 53.521860714737507 ], [ -122.891882926831883, 53.521777784027968 ], [ -122.891881281929813, 53.52242497045377 ], [ -122.891331950214493, 53.522932828482723 ], [ -122.890641903818945, 53.523403603969548 ], [ -122.891068072693429, 53.523874395196117 ], [ -122.891489155130287, 53.52437514718094 ], [ -122.891630406862177, 53.524847681923234 ], [ -122.891496945130712, 53.525262029901803 ], [ -122.891083670433801, 53.525633190356004 ], [ -122.890809293430422, 53.526094351287405 ], [ -122.890678845388919, 53.526630556684772 ], [ -122.890677213175252, 53.52726874538164 ], [ -122.890690714862714, 53.527879986929818 ], [ -122.891942791225148, 53.527890118765121 ], [ -122.89237144453007, 53.52740311977113 ], [ -122.892757987183927, 53.526995979221056 ], [ -122.893090806294495, 53.526617758348323 ], [ -122.893259329495535, 53.526255362299302 ], [ -122.894128936194193, 53.526375985860689 ], [ -122.895189629432863, 53.526484781835947 ], [ -122.896441454450155, 53.52658175526674 ], [ -122.897532496853714, 53.526621647892533 ], [ -122.898552922498752, 53.526763336924986 ], [ -122.899125825705752, 53.52689865639249 ], [ -122.898836342411229, 53.527396774814697 ], [ -122.898669235776111, 53.52789101297536 ], [ -122.898520559970436, 53.528378266638377 ], [ -122.898326735813683, 53.5288215412169 ], [ -122.898132994112444, 53.529228865200167 ], [ -122.898150428197141, 53.529651346800541 ], [ -122.898379014255184, 53.530088985132011 ], [ -122.898731692936892, 53.530514741280669 ], [ -122.899103012154001, 53.530859621039163 ], [ -122.899489691402849, 53.531084662450105 ], [ -122.899748931697758, 53.531333572165451 ], [ -122.899758308774054, 53.531619210081466 ], [ -122.899521095138326, 53.531980555954036 ], [ -122.899163055964692, 53.53239672789627 ], [ -122.898937083432415, 53.532961825713372 ], [ -122.898960917006534, 53.533511148935226 ], [ -122.89936361065979, 53.534064787614923 ], [ -122.900017936740028, 53.534554714138807 ], [ -122.901188426652226, 53.535124971568003 ], [ -122.902379309985392, 53.535593351793338 ], [ -122.902393026305916, 53.536186614707788 ], [ -122.903553658235268, 53.536705900648272 ], [ -122.904204738136912, 53.537184818452054 ], [ -122.904728443479684, 53.537653648449634 ], [ -122.904757406993824, 53.538192982067812 ], [ -122.904771847928927, 53.538480632804387 ], [ -122.905548133520213, 53.53846826668849 ], [ -122.906201694767134, 53.538608597503377 ], [ -122.906859925509792, 53.538909735680569 ], [ -122.907521295559135, 53.539321731730055 ], [ -122.908314772063804, 53.5398946143711 ], [ -122.909432956516056, 53.53916738848767 ], [ -122.90907939531067, 53.539859246332405 ], [ -122.908721018544796, 53.540437238090639 ], [ -122.908483758404586, 53.54083655078999 ], [ -122.90837237972265, 53.541171039931676 ], [ -122.909518327141541, 53.541594376840685 ], [ -122.910565162204122, 53.542119504092661 ], [ -122.911343783346965, 53.542623438976293 ], [ -122.911735054942127, 53.543148072475411 ], [ -122.911883112650116, 53.543708465799014 ], [ -122.911897168777841, 53.544211842018704 ], [ -122.910896072764089, 53.544228078956742 ], [ -122.910146187677967, 53.544392301959363 ], [ -122.909781552420625, 53.544752574974162 ], [ -122.909676564915543, 53.54523488603818 ], [ -122.909705123043139, 53.54599893976156 ], [ -122.910738720145929, 53.546496082305275 ], [ -122.911517356966357, 53.547032987150359 ], [ -122.911913643934184, 53.547581580989181 ], [ -122.912055061016986, 53.548121995011606 ], [ -122.911948677453722, 53.548480466621626 ], [ -122.911595612107021, 53.548908660228832 ], [ -122.910995885224935, 53.549406583342055 ], [ -122.911039538720971, 53.550179636330235 ], [ -122.911053257058441, 53.550835815833928 ], [ -122.91095460368787, 53.551493905465342 ], [ -122.910596083035259, 53.552110854827106 ], [ -122.909977684686453, 53.55268666161372 ], [ -122.910757018563629, 53.552941918112467 ], [ -122.911531258525514, 53.553233132809815 ], [ -122.912426013011839, 53.553640273462229 ], [ -122.913461741138249, 53.55401954763289 ], [ -122.914628450452383, 53.5543289920506 ], [ -122.915278587200561, 53.554638063282681 ], [ -122.915799585628477, 53.55494703413671 ], [ -122.916196483890801, 53.555255928820188 ], [ -122.916593336435312, 53.555588779586095 ], [ -122.916862709740272, 53.555928537012662 ], [ -122.917004638373626, 53.556251226227538 ], [ -122.916881775710536, 53.556469863934169 ], [ -122.916636387121969, 53.55672736281452 ], [ -122.916273318140028, 53.557113618636464 ], [ -122.916039253263847, 53.557577870322795 ], [ -122.915929333154779, 53.558030212730856 ], [ -122.916955372484992, 53.558287605456286 ], [ -122.917734685444941, 53.558629712336447 ], [ -122.918141391537844, 53.5590943996446 ], [ -122.918296328293891, 53.559640809329757 ], [ -122.918439573710558, 53.560172233183465 ], [ -122.918712124070822, 53.56062384987704 ], [ -122.919108935551449, 53.561013620762616 ], [ -122.919500691650342, 53.561421369983506 ], [ -122.919770124119182, 53.561760115312488 ], [ -122.919784478884765, 53.562152632478771 ], [ -122.919543750154574, 53.562598903640833 ], [ -122.919975874435337, 53.562961729643987 ], [ -122.920377815526365, 53.563315550315146 ], [ -122.920630345979404, 53.563737178695057 ], [ -122.920763622362031, 53.564235636439136 ], [ -122.921423941810147, 53.564584631030662 ], [ -122.921955111564529, 53.564928544975068 ], [ -122.921969105515501, 53.56553078558742 ], [ -122.921807265323835, 53.565959135051642 ], [ -122.921650367799856, 53.566429429304776 ], [ -122.921498426441858, 53.566941686636042 ], [ -122.921296065238081, 53.567501835360964 ], [ -122.921281882132405, 53.567906316913039 ], [ -122.92131476081984, 53.568271870881837 ], [ -122.921077637771489, 53.568571337488045 ], [ -122.920949307165145, 53.569016686137054 ], [ -122.920894767978652, 53.569473067716729 ], [ -122.920994765971358, 53.569826681209697 ], [ -122.920495597027809, 53.570284771235926 ], [ -122.920082022252743, 53.570724937382799 ], [ -122.919963750981779, 53.571158300410538 ], [ -122.919857200853201, 53.571604666816398 ], [ -122.919762373459037, 53.572064018718457 ], [ -122.919555261260186, 53.572450385109811 ], [ -122.919357712652271, 53.573097429266582 ], [ -122.919363635317794, 53.573511900696666 ], [ -122.91962635929336, 53.573884608989239 ], [ -122.920145907082059, 53.574215534955556 ], [ -122.921197322752576, 53.574590759801872 ], [ -122.920470696539354, 53.575507108208591 ], [ -122.920904797870051, 53.575787040801998 ], [ -122.921041856606635, 53.576077760389339 ], [ -122.920752718178903, 53.576349227866601 ], [ -122.920113016314389, 53.576534563973595 ], [ -122.919335852988084, 53.576647895084342 ], [ -122.919311703668441, 53.576990441648185 ], [ -122.91907788647184, 53.577285908735334 ], [ -122.919031698438559, 53.577744297915125 ], [ -122.919060986386881, 53.57822070690721 ], [ -122.918994670161496, 53.578676083369047 ], [ -122.918913211327109, 53.57915541353325 ], [ -122.918816577660621, 53.579658714479955 ], [ -122.920251217914526, 53.579785518607622 ], [ -122.921333146041164, 53.580060882412027 ], [ -122.922213504717348, 53.580453958712276 ], [ -122.922892266100106, 53.580964742168945 ], [ -122.922710041354804, 53.581494957044505 ], [ -122.922421850566565, 53.582150926794817 ], [ -122.923081168803591, 53.582293175504276 ], [ -122.92432997969685, 53.582213071522517 ], [ -122.925836026629298, 53.581869454710876 ], [ -122.927136075015554, 53.581264031540961 ], [ -122.927137178448476, 53.580616852452415 ], [ -122.927254118800093, 53.579953770150766 ], [ -122.927617562690941, 53.579399693718052 ], [ -122.928227502523242, 53.578954629937499 ], [ -122.928973908562838, 53.57918678339032 ], [ -122.929683525063751, 53.579342999249441 ], [ -122.930417028850513, 53.579264528645808 ], [ -122.931048521691451, 53.578958283207101 ], [ -122.931596410849849, 53.578462231028588 ], [ -122.932763875693382, 53.578795469833665 ], [ -122.93392146103163, 53.579029820547134 ], [ -122.933935609448596, 53.579641052191604 ], [ -122.93396500515793, 53.580162403048227 ], [ -122.93382978151125, 53.580781534616129 ], [ -122.933694501401504, 53.581432632777492 ], [ -122.933559165172042, 53.58211568855247 ], [ -122.933692345102585, 53.582806880226997 ], [ -122.933959864807804, 53.583461198697591 ], [ -122.934103262900834, 53.584064505562885 ], [ -122.934375767956254, 53.584758766992145 ], [ -122.934777511111804, 53.585454108304454 ], [ -122.93517940677792, 53.586059547894621 ], [ -122.935178544002426, 53.586625830438031 ], [ -122.93498974942689, 53.587149055976155 ], [ -122.934722240536658, 53.58755339593354 ], [ -122.934391212714402, 53.587785923421286 ], [ -122.934043581415082, 53.587901578997823 ], [ -122.933982514168534, 53.588315024633651 ], [ -122.933981451639966, 53.588989163021857 ], [ -122.935060725212182, 53.589027703508208 ], [ -122.935871657060005, 53.588908296694392 ], [ -122.936409146387106, 53.588685864670424 ], [ -122.936943073760176, 53.588582277621079 ], [ -122.937693041873473, 53.588828355430159 ], [ -122.938664149898415, 53.589369167848247 ], [ -122.938663156604903, 53.590052302435218 ], [ -122.93843275953391, 53.590344806081056 ], [ -122.938437194807435, 53.590755283818829 ], [ -122.938676484492902, 53.591283735947769 ], [ -122.938088602701967, 53.591519131624594 ], [ -122.937618080609411, 53.591849470582162 ], [ -122.937662747030743, 53.592298920742408 ], [ -122.937616454069826, 53.592955052749261 ], [ -122.938714203604604, 53.593054495521685 ], [ -122.939502986663328, 53.593213695005645 ], [ -122.940214536590716, 53.59338782921693 ], [ -122.940589347715488, 53.593069427313623 ], [ -122.9408467816734, 53.592647093819053 ], [ -122.940995038152607, 53.592265648520836 ], [ -122.941206916569186, 53.592003091705614 ], [ -122.941619914441816, 53.591973330782203 ], [ -122.942225850380936, 53.592031554009495 ], [ -122.943117125371913, 53.59212186312142 ], [ -122.943404145977496, 53.59214896243553 ], [ -122.944066691048633, 53.592562746195554 ], [ -122.944463930610837, 53.593024343476145 ], [ -122.944595887511653, 53.593533757665597 ], [ -122.945773889096216, 53.593911819007609 ], [ -122.946292460653652, 53.594049870006295 ], [ -122.946594402973261, 53.594233773092569 ], [ -122.946938212321498, 53.594510575774471 ], [ -122.947323877339358, 53.594880268318782 ], [ -122.947843758043277, 53.595329923872335 ], [ -122.948496405208772, 53.595676765129582 ], [ -122.949414515594711, 53.595854930456788 ], [ -122.950470462061219, 53.595900319988907 ], [ -122.951025204913208, 53.596731484195885 ], [ -122.951167003720911, 53.597509545662284 ], [ -122.95103189711979, 53.598196616856491 ], [ -122.951032844622631, 53.598833806142046 ], [ -122.951307488029926, 53.599445136564775 ], [ -122.951719789892493, 53.600089476583328 ], [ -122.9517191353101, 53.600655755456827 ], [ -122.952927508352488, 53.601141618593793 ], [ -122.952926767894752, 53.601806766363566 ], [ -122.95345860279653, 53.602202467004709 ], [ -122.954119785593733, 53.602568254482293 ], [ -122.954774139084876, 53.603038906683281 ], [ -122.955166535503707, 53.603525434337037 ], [ -122.95529698130008, 53.604027840396462 ], [ -122.955296582160372, 53.604405359171324 ], [ -122.955296108921928, 53.604845797473111 ], [ -122.955166375524897, 53.605266207321144 ], [ -122.955038369883297, 53.60562969534039 ], [ -122.954781127113705, 53.605924226128927 ], [ -122.954654900638658, 53.606189838397441 ], [ -122.95439929972305, 53.606521311032267 ], [ -122.954402218222469, 53.606924800250361 ], [ -122.9546620214076, 53.607374324223279 ], [ -122.95530810475455, 53.607812003085719 ], [ -122.955598334790693, 53.608083769241375 ], [ -122.955764309775191, 53.608347492254609 ], [ -122.955832915484137, 53.608591210017558 ], [ -122.955866266388014, 53.608818925610997 ], [ -122.955881309249975, 53.608881853135898 ], [ -122.955971746810206, 53.6091245746954 ], [ -122.956031952208804, 53.609367289069198 ], [ -122.95604682602206, 53.609600992277976 ], [ -122.955719143874376, 53.609782644435747 ], [ -122.955320959721561, 53.609951280041045 ], [ -122.95532037130684, 53.61050856057151 ], [ -122.955294688453478, 53.610969963578043 ], [ -122.955188504838958, 53.611320480764533 ], [ -122.955072157274429, 53.611765861021951 ], [ -122.954782735232271, 53.612283093603899 ], [ -122.954320232112394, 53.612872159301901 ], [ -122.954005147628877, 53.613804851397298 ], [ -122.9539910414356, 53.614414061650919 ], [ -122.954277940829456, 53.614699808709183 ], [ -122.954907369417128, 53.615101533232433 ], [ -122.954237254005278, 53.615047346506159 ], [ -122.953592281022964, 53.615056089746581 ], [ -122.952910052946507, 53.615334464419441 ], [ -122.952165431253334, 53.615819545139104 ], [ -122.951487905599322, 53.61636757561412 ], [ -122.950944763909362, 53.616894675842374 ], [ -122.950536058894301, 53.61734693295616 ], [ -122.950535361428152, 53.617949156929235 ], [ -122.950534536755612, 53.618659254109602 ], [ -122.950399279609925, 53.619397245631852 ], [ -122.949995560623819, 53.619888457418263 ], [ -122.949323334030836, 53.620132858888056 ], [ -122.950003196187168, 53.620530637397223 ], [ -122.950546985757697, 53.620933347527945 ], [ -122.950546372513031, 53.621463664063342 ], [ -122.95043501501965, 53.621880087896862 ], [ -122.950338840434853, 53.62224257922567 ], [ -122.950333460690672, 53.622528211063965 ], [ -122.950378467937128, 53.6228298462973 ], [ -122.95012092644123, 53.623261181916149 ], [ -122.949863549588017, 53.623548712918776 ], [ -122.949560730933015, 53.623917111044335 ], [ -122.949333633556236, 53.624168691853967 ], [ -122.94892525989853, 53.624276379628803 ], [ -122.948528647209642, 53.624397057911118 ], [ -122.948118541237463, 53.624545689584629 ], [ -122.947585727217188, 53.624750190817231 ], [ -122.946878156065807, 53.624988574980279 ], [ -122.945799376811749, 53.625153876457688 ], [ -122.944668492282659, 53.625331130648497 ], [ -122.943485500847743, 53.625520336073542 ], [ -122.942443284124238, 53.625969271297045 ], [ -122.941669567371818, 53.626611072253887 ], [ -122.941154550134613, 53.627272972999279 ], [ -122.940755566552866, 53.627841039225657 ], [ -122.940346710219373, 53.628257311175055 ], [ -122.940073841057327, 53.628740555152412 ], [ -122.939936994655895, 53.629269802054658 ], [ -122.939936215638411, 53.629827087327484 ], [ -122.939950652809173, 53.630303488524412 ], [ -122.939818904950627, 53.630786797906481 ], [ -122.939438593507518, 53.631193087596479 ], [ -122.938675367541663, 53.631461351664321 ], [ -122.937660226755256, 53.631638599296465 ], [ -122.936613112309232, 53.631848781407506 ], [ -122.935817838048791, 53.632169944155635 ], [ -122.935274448216546, 53.632602102630905 ], [ -122.935288628359885, 53.633222307617551 ], [ -122.93515327482973, 53.633827461755438 ], [ -122.934883541749969, 53.634390595703486 ], [ -122.934479391255309, 53.634944661902864 ], [ -122.934075180687813, 53.635531688487362 ], [ -122.933545188108624, 53.63595285476498 ], [ -122.932879111904583, 53.63633998089297 ], [ -122.932877700674169, 53.637229842090839 ], [ -122.931676535335242, 53.636991468786924 ], [ -122.930496949552051, 53.636920874321525 ], [ -122.92933892771336, 53.637018077252236 ], [ -122.928285168595906, 53.63708136733225 ], [ -122.927251658385316, 53.63708273975891 ], [ -122.927144685704249, 53.637724853022704 ], [ -122.926931932997022, 53.638307974727688 ], [ -122.926613342146183, 53.638865057227861 ], [ -122.926294686650124, 53.639455109524398 ], [ -122.925769280781026, 53.640065996886001 ], [ -122.924981808812021, 53.640598823057672 ], [ -122.92393228094339, 53.641053574358061 ], [ -122.924321761630438, 53.640349729570616 ], [ -122.924711285407042, 53.639618913173159 ], [ -122.924971414108654, 53.638880026114755 ], [ -122.925102084015023, 53.63816003004478 ], [ -122.924052740397812, 53.638545872504622 ], [ -122.923265381576073, 53.639021760353067 ], [ -122.922740012063599, 53.639587689752055 ], [ -122.922208150064463, 53.640019793949072 ], [ -122.921380664962811, 53.640357815979783 ], [ -122.920324893783672, 53.640536892064105 ], [ -122.919158555611546, 53.640535110737893 ], [ -122.918029568608304, 53.64033060644465 ], [ -122.916870605104165, 53.639988244945599 ], [ -122.916384088216319, 53.639555456033705 ], [ -122.915768187604328, 53.63911559020864 ], [ -122.915668479922459, 53.638550246752409 ], [ -122.915299759652228, 53.63805561970554 ], [ -122.914524147507805, 53.637665573110766 ], [ -122.91347274539541, 53.637370196226996 ], [ -122.912814624805236, 53.637058118489605 ], [ -122.912427212867925, 53.636683309174209 ], [ -122.912310487586723, 53.636245788393481 ], [ -122.912341763213647, 53.63575144209112 ], [ -122.912357799333435, 53.635311022892004 ], [ -122.911117932661611, 53.63517827815852 ], [ -122.909908559568478, 53.634931684034562 ], [ -122.90874450149181, 53.6347150855077 ], [ -122.907917127793056, 53.635005075131772 ], [ -122.90723742478707, 53.635373082301008 ], [ -122.906690396063993, 53.63577713826691 ], [ -122.906408797628345, 53.636218353555108 ], [ -122.906259857158858, 53.636690624502627 ], [ -122.907292581272159, 53.637041985359815 ], [ -122.908062986473794, 53.637477019138061 ], [ -122.908434931613627, 53.637997631800722 ], [ -122.908539575215457, 53.638561990255802 ], [ -122.908508123219391, 53.639119254023335 ], [ -122.908476513936606, 53.63974842360043 ], [ -122.90728153873782, 53.639777458272476 ], [ -122.906096697036418, 53.639791521445709 ], [ -122.904930267163436, 53.63983254558277 ], [ -122.90389469610092, 53.639972533991866 ], [ -122.903010027435926, 53.640270437605182 ], [ -122.902267905409289, 53.6406843075141 ], [ -122.901621241650773, 53.641244052280271 ], [ -122.901076974319182, 53.641132747263697 ], [ -122.900131155838352, 53.640969178280656 ], [ -122.89916328810547, 53.640891462729279 ], [ -122.898173379767172, 53.64089960942826 ], [ -122.897920459792033, 53.641240954643919 ], [ -122.897747631406574, 53.641817068383759 ], [ -122.897568047592742, 53.642411152533882 ], [ -122.897381677539457, 53.643023206265518 ], [ -122.897062915996671, 53.643478355387586 ], [ -122.896427037167186, 53.643702517966318 ], [ -122.896793923196327, 53.644193203237919 ], [ -122.897162520078055, 53.644676899143775 ], [ -122.897398255685232, 53.645195432616362 ], [ -122.897502809635441, 53.645748812186646 ], [ -122.897472796529755, 53.646339031531276 ], [ -122.897444555307374, 53.646893292207082 ], [ -122.897416408087423, 53.647415596091065 ], [ -122.896221111839182, 53.647486478244545 ], [ -122.895811919784592, 53.647097623013714 ], [ -122.895308107713817, 53.646914418796868 ], [ -122.894709669440772, 53.646936864446438 ], [ -122.894785811665827, 53.647409320315646 ], [ -122.894798168335626, 53.647844771651791 ], [ -122.894852505829178, 53.648300238027844 ], [ -122.894866728082832, 53.648663782390109 ], [ -122.894771831741082, 53.648973296959923 ], [ -122.894567798936748, 53.649228790058103 ], [ -122.893765469786899, 53.64942583037778 ], [ -122.892564627282454, 53.649676430818303 ], [ -122.891348768612559, 53.649867088455068 ], [ -122.890117944908866, 53.649997795073247 ], [ -122.889562306601846, 53.650346840449899 ], [ -122.88887556661382, 53.650679775199585 ], [ -122.887681194043836, 53.650367060730943 ], [ -122.88647142261155, 53.650156188738755 ], [ -122.885823994728568, 53.650243460234712 ], [ -122.885109201913124, 53.650376604989013 ], [ -122.884155577504842, 53.650558451474758 ], [ -122.883106282487432, 53.650675280234005 ], [ -122.882324863821978, 53.650584626812289 ], [ -122.881991182314081, 53.65028068636294 ], [ -122.881973764683664, 53.649897168548961 ], [ -122.882294113222514, 53.649554918691898 ], [ -122.88261445322253, 53.649210676549359 ], [ -122.882934800453498, 53.648864433562558 ], [ -122.883183117463432, 53.648424248355134 ], [ -122.883376368296126, 53.647834187814432 ], [ -122.883150143948598, 53.647582291840109 ], [ -122.881975431338972, 53.647494255815019 ], [ -122.880933598096604, 53.647381370892802 ], [ -122.88015583249171, 53.647205816610253 ], [ -122.879642164321325, 53.64696760783994 ], [ -122.879359117107001, 53.647198027966937 ], [ -122.878974931777009, 53.64752721436561 ], [ -122.878489602554936, 53.647955174975074 ], [ -122.877822297932681, 53.64852975339528 ], [ -122.877412434038931, 53.649005720462497 ], [ -122.877042674096145, 53.649565622693473 ], [ -122.876758641581517, 53.65012860375456 ], [ -122.876545547138861, 53.650568826311137 ], [ -122.8761021809986, 53.650994814441773 ], [ -122.875440919930284, 53.651200860807052 ], [ -122.874508177975599, 53.651122989068895 ], [ -122.873412881913964, 53.650871155155194 ], [ -122.873050187936016, 53.650735951553031 ], [ -122.872460576963206, 53.650591508720844 ], [ -122.872684406341222, 53.651065133725474 ], [ -122.872972167574488, 53.651526847727659 ], [ -122.873364662274952, 53.651814895358136 ], [ -122.873299311028788, 53.652309193667868 ], [ -122.873239199756824, 53.652731583017754 ], [ -122.87318435855687, 53.653082073196671 ], [ -122.873462193520439, 53.653489841435736 ], [ -122.874039256790738, 53.653912912022975 ], [ -122.874668351053998, 53.654362991425835 ], [ -122.875031580382441, 53.654899683063284 ], [ -122.875128922318098, 53.655522979948898 ], [ -122.875224488610513, 53.656181239355611 ], [ -122.875452966222383, 53.656814658359451 ], [ -122.875162302920685, 53.657314709988356 ], [ -122.874869777501146, 53.657873688876798 ], [ -122.874575404473518, 53.658491586414094 ], [ -122.874025516002632, 53.659086245497342 ], [ -122.873346259637117, 53.659640810813535 ], [ -122.872736282289793, 53.6600795967747 ], [ -122.872253958582789, 53.660556472458559 ], [ -122.871899147274817, 53.661116374378061 ], [ -122.871331093878638, 53.661582162872307 ], [ -122.870497318667759, 53.662051660709253 ], [ -122.869397858600536, 53.662524854576034 ], [ -122.868904931822328, 53.662059914236892 ], [ -122.868280758917862, 53.661633777912861 ], [ -122.867300189860103, 53.661182276251708 ], [ -122.866437423609014, 53.660711917592515 ], [ -122.865798125079834, 53.660294735601404 ], [ -122.865158399654817, 53.660014382724832 ], [ -122.864509566588339, 53.65995472427435 ], [ -122.863715478608668, 53.660100632210884 ], [ -122.863220968394202, 53.660672334246783 ], [ -122.862881160758732, 53.661238220799731 ], [ -122.86269606279528, 53.661798284237825 ], [ -122.86202050216535, 53.662193994472688 ], [ -122.86112320263986, 53.662518543431354 ], [ -122.860131817002156, 53.662815001023837 ], [ -122.859290074882736, 53.663111635260137 ], [ -122.858720372945243, 53.663514445894819 ], [ -122.85829506076368, 53.663980342188886 ], [ -122.857879615234282, 53.664510164228645 ], [ -122.857464110285591, 53.665054972099824 ], [ -122.856926889756963, 53.665782395250694 ], [ -122.856611635841531, 53.666510081392026 ], [ -122.855420695538811, 53.666607524201972 ], [ -122.854290231473655, 53.666717011760227 ], [ -122.85322027345228, 53.66683854657321 ], [ -122.851995191760395, 53.666594345824024 ], [ -122.851694893792114, 53.665907860106266 ], [ -122.851373934532106, 53.665365155842345 ], [ -122.850985801061825, 53.664797407024587 ], [ -122.850722072131447, 53.66424379089321 ], [ -122.850583034137159, 53.663617424300405 ], [ -122.850615621207652, 53.662961306137866 ], [ -122.850041822829695, 53.66260205520468 ], [ -122.849851312758233, 53.662269246353688 ], [ -122.850044081482054, 53.661962881423825 ], [ -122.849786928103583, 53.661460204615722 ], [ -122.84922313392768, 53.661128920157765 ], [ -122.848352714461882, 53.660969024189413 ], [ -122.847171172340268, 53.660828700961403 ], [ -122.845993192473856, 53.660636433928502 ], [ -122.844826478460064, 53.661039411819317 ], [ -122.844302867682899, 53.660770076879771 ], [ -122.843516611026772, 53.660592279372068 ], [ -122.842473140219639, 53.660405146474993 ], [ -122.841303793789251, 53.660162917854123 ], [ -122.841335775707464, 53.659704542944837 ], [ -122.840308963518979, 53.659566357433604 ], [ -122.839437078564941, 53.659370440278671 ], [ -122.838720091298811, 53.65911680300043 ], [ -122.839024030995674, 53.658778647981613 ], [ -122.839333720936182, 53.658251744705268 ], [ -122.839759693563636, 53.657650086263736 ], [ -122.840170192696021, 53.657138292253279 ], [ -122.840365309180612, 53.65667015714687 ], [ -122.840456159593018, 53.656206876781091 ], [ -122.840473466209858, 53.655631638335763 ], [ -122.840383391782254, 53.655000328861007 ], [ -122.840155386811162, 53.654384816695185 ], [ -122.839789213535312, 53.653856998315902 ], [ -122.839550512425973, 53.653406259367806 ], [ -122.839439569031782, 53.652960686674234 ], [ -122.839349089242148, 53.652442234330522 ], [ -122.839008014782806, 53.651950399067488 ], [ -122.838416366958569, 53.651485206017242 ], [ -122.837869912370849, 53.65195186296441 ], [ -122.837186031754669, 53.652741916674422 ], [ -122.836239597386111, 53.652300196125225 ], [ -122.835535528213796, 53.651786888768733 ], [ -122.835073849227243, 53.651201999633969 ], [ -122.833967358084763, 53.651291360971385 ], [ -122.832874095592999, 53.651435645060758 ], [ -122.831753369151571, 53.651724705051393 ], [ -122.830775245733932, 53.652077871953438 ], [ -122.830064368368483, 53.652440395417258 ], [ -122.829620742846885, 53.65281228914872 ], [ -122.829442369745507, 53.653272448663571 ], [ -122.829364763323099, 53.653754714873635 ], [ -122.829387956561405, 53.654259097716192 ], [ -122.828812375759313, 53.654411081976519 ], [ -122.828065159547691, 53.654598765039751 ], [ -122.827317728923617, 53.654840384029605 ], [ -122.826525188794619, 53.655010019853414 ], [ -122.826170603498056, 53.655384019939383 ], [ -122.825881628160715, 53.655743136985762 ], [ -122.8256582950808, 53.656087372277277 ], [ -122.825125616451302, 53.656832637955617 ], [ -122.824825266391088, 53.657497340233952 ], [ -122.824472178864895, 53.657906296165336 ], [ -122.824105891772888, 53.658251312059093 ], [ -122.823813418055067, 53.658636390018266 ], [ -122.82358818581956, 53.659023565183325 ], [ -122.8233039455354, 53.659446597654657 ], [ -122.822954242511102, 53.659843565666897 ], [ -122.822599675146279, 53.660192593083053 ], [ -122.82229540950101, 53.660576646205577 ], [ -122.822035010341352, 53.660923820737771 ], [ -122.821700448760922, 53.661309822252377 ], [ -122.821291750717023, 53.661734668818404 ], [ -122.820813800559961, 53.662228315002693 ], [ -122.820221832895314, 53.662641896589321 ], [ -122.81950938655396, 53.662914467872682 ], [ -122.818852496053992, 53.663171144930928 ], [ -122.81835686590253, 53.663466019368393 ], [ -122.818094295151695, 53.663912041944194 ], [ -122.817950873304952, 53.664417176757745 ], [ -122.817856929327959, 53.665145098058332 ], [ -122.817747610854468, 53.665926924565795 ], [ -122.817541646612284, 53.66650387089102 ], [ -122.817223382106675, 53.666992750896441 ], [ -122.816792798457371, 53.667396577243146 ], [ -122.816464106395188, 53.667958347417162 ], [ -122.816237321249147, 53.668675075503224 ], [ -122.81612796326678, 53.66945689941479 ], [ -122.816049698504742, 53.670050020554214 ], [ -122.81605284112014, 53.670173003383681 ], [ -122.816069823354312, 53.670837035520485 ], [ -122.816219536585251, 53.671602280172742 ], [ -122.816284090372164, 53.671718920949694 ], [ -122.816603488590602, 53.672296006599638 ], [ -122.81662671708014, 53.67233795813862 ], [ -122.817037377053722, 53.673050673484489 ], [ -122.817451516689246, 53.673740417242691 ], [ -122.817741350885782, 53.674394017081788 ], [ -122.816951493281692, 53.674605336369694 ], [ -122.816687208509251, 53.674676038503485 ], [ -122.815878255164151, 53.675043326506596 ], [ -122.815314478570372, 53.675495867711021 ], [ -122.815236587648656, 53.675999099289079 ], [ -122.81515861507124, 53.676520313599212 ], [ -122.815095623669123, 53.677077492482333 ], [ -122.815001871724519, 53.677742489934666 ], [ -122.814907925669743, 53.678452431085944 ], [ -122.814814453297174, 53.67905451057495 ], [ -122.813739989342011, 53.679336480149317 ], [ -122.81290535641385, 53.679778613457188 ], [ -122.812310553895045, 53.680380897519193 ], [ -122.811356317325206, 53.680475279278198 ], [ -122.810484272935298, 53.680618719625777 ], [ -122.809719626905775, 53.680823238845583 ], [ -122.80892621014533, 53.681064661398011 ], [ -122.808127676320524, 53.68131806118636 ], [ -122.807011937521608, 53.681036626914157 ], [ -122.805861821376681, 53.68092091201477 ], [ -122.804677298650006, 53.680970924069065 ], [ -122.80378336653024, 53.681113275236747 ], [ -122.803110848318084, 53.68139381125841 ], [ -122.802659727327864, 53.681812526457456 ], [ -122.80202984578338, 53.682321829819273 ], [ -122.80127759421724, 53.682736044618814 ], [ -122.802409650262959, 53.68348395650407 ], [ -122.802284781450879, 53.684283718903082 ], [ -122.802162305317367, 53.684571144623163 ], [ -122.802131388661039, 53.684705920745458 ], [ -122.802085328298887, 53.684840669383497 ], [ -122.80205612975854, 53.684970459105557 ], [ -122.802043714300481, 53.685104257940353 ], [ -122.802083389728665, 53.685254131281624 ], [ -122.8020631204365, 53.685630613383957 ], [ -122.802308144151098, 53.686119386817055 ], [ -122.802818486629306, 53.686720459244917 ], [ -122.802427510956591, 53.687217168709047 ], [ -122.802188315008166, 53.687637232955851 ], [ -122.802351507446403, 53.687999038315027 ], [ -122.802917098038264, 53.688302583168721 ], [ -122.802363313130797, 53.689068679919401 ], [ -122.801809471562294, 53.689846756969466 ], [ -122.801255542528651, 53.69063681349769 ], [ -122.800757476093622, 53.691352068515918 ], [ -122.800254334480343, 53.692067302806173 ], [ -122.7997461463832, 53.692782535018281 ], [ -122.800878737725156, 53.692753458145418 ], [ -122.801781397772373, 53.692955699374522 ], [ -122.802454139546228, 53.693389245938732 ], [ -122.80278879718955, 53.693075207332114 ], [ -122.803320731744407, 53.692671607981602 ], [ -122.803838050278856, 53.692151122122858 ], [ -122.804305810949785, 53.692520418675905 ], [ -122.804858362128485, 53.693113552858037 ], [ -122.805153243320419, 53.693755204696821 ], [ -122.805190443684126, 53.694445376056173 ], [ -122.805096662770026, 53.695074404601648 ], [ -122.804884967850285, 53.695728222033459 ], [ -122.804555942312163, 53.696280966467583 ], [ -122.804018643347206, 53.696744492147339 ], [ -122.803518242176807, 53.697232043917353 ], [ -122.803054755079486, 53.697743613678419 ], [ -122.802789405565079, 53.698343405139795 ], [ -122.802609896769539, 53.698944329091269 ], [ -122.802453838961796, 53.699923805307996 ], [ -122.802344105875534, 53.700714602880929 ], [ -122.801518245881624, 53.701322453362373 ], [ -122.800838732933997, 53.701943524883767 ], [ -122.802125766572047, 53.702053515486476 ], [ -122.804140101589184, 53.702119746810482 ], [ -122.805286238156199, 53.702127607601817 ], [ -122.806442711913149, 53.70208753685742 ], [ -122.807376349361164, 53.702188906124626 ], [ -122.808259361922453, 53.70232415415753 ], [ -122.808181320851588, 53.702827375359959 ], [ -122.80806025366789, 53.703171739728731 ], [ -122.80777593362842, 53.703515837598346 ], [ -122.807328326370779, 53.703859667000067 ], [ -122.80664476204997, 53.704271032152718 ], [ -122.806082159136452, 53.70472953416585 ], [ -122.805476444198376, 53.705410669138793 ], [ -122.804654046576317, 53.705986583692273 ], [ -122.803736041034028, 53.706485438671919 ], [ -122.803050861512844, 53.706868818207617 ], [ -122.802858839177219, 53.707256001482769 ], [ -122.803038937533984, 53.707618825873759 ], [ -122.802871654136695, 53.707753373041406 ], [ -122.802690851770478, 53.707901884565366 ], [ -122.802511617667761, 53.708073365089412 ], [ -122.802323571636833, 53.708327726683699 ], [ -122.801389294242981, 53.70869271091383 ], [ -122.800639848777067, 53.709125904973696 ], [ -122.800196153683387, 53.709685436528879 ], [ -122.79983627171724, 53.710317017884236 ], [ -122.799467800403406, 53.710986536522178 ], [ -122.798893901316248, 53.711657709258297 ], [ -122.798254494567516, 53.712296802376329 ], [ -122.797720520045161, 53.712713363097272 ], [ -122.797149894662724, 53.713046965238689 ], [ -122.795858970499168, 53.71367395882055 ], [ -122.795623531005447, 53.71431473028958 ], [ -122.795262063045854, 53.714904349204005 ], [ -122.794457594039557, 53.715190596971439 ], [ -122.794450967019642, 53.714479506670038 ], [ -122.79416566453186, 53.713948699283691 ], [ -122.793509002993105, 53.713621994183242 ], [ -122.792697238153366, 53.713339951059289 ], [ -122.791861962868651, 53.713046885641894 ], [ -122.792157586139965, 53.712502104482873 ], [ -122.792323783773455, 53.711912157899491 ], [ -122.79236045000809, 53.711304007509412 ], [ -122.791946280009455, 53.710630161202886 ], [ -122.791397146051906, 53.710016998294577 ], [ -122.790687500741356, 53.709527386099531 ], [ -122.790022858302251, 53.709132738745936 ], [ -122.789623978264459, 53.708779488716246 ], [ -122.7894908664925, 53.70846765698834 ], [ -122.789582743755716, 53.708270075191379 ], [ -122.789689824710877, 53.708063535703694 ], [ -122.789904074843761, 53.707632464795637 ], [ -122.790026342349634, 53.707416957961506 ], [ -122.790163760197586, 53.707201479961 ], [ -122.790270708330951, 53.707021900616354 ], [ -122.790135514839534, 53.706787963908134 ], [ -122.789014876190592, 53.706705098373206 ], [ -122.787994028009678, 53.7065295258828 ], [ -122.787221070298628, 53.706263496104803 ], [ -122.78680705338347, 53.705917202679842 ], [ -122.786611879292153, 53.705568306748212 ], [ -122.785844002744085, 53.70563285457181 ], [ -122.785293200027098, 53.705709767657488 ], [ -122.785049717795687, 53.70592505121045 ], [ -122.784851871774109, 53.706104466849339 ], [ -122.784684628140667, 53.706221015031666 ], [ -122.784380495202683, 53.706445174500253 ], [ -122.784137282174981, 53.706606526101659 ], [ -122.783865357481716, 53.706785809672283 ], [ -122.783606930812965, 53.706960117621179 ], [ -122.783361987261912, 53.707129449629591 ], [ -122.783052704314954, 53.707368582528865 ], [ -122.782807381715131, 53.70761082169804 ], [ -122.782622610868302, 53.707861162090197 ], [ -122.782498407923953, 53.708119604389964 ], [ -122.78245531754763, 53.708640851485427 ], [ -122.782441445945366, 53.709371878229902 ], [ -122.782484003537874, 53.709932237384074 ], [ -122.78251729697277, 53.710330777494072 ], [ -122.782497701151186, 53.710539471195339 ], [ -122.782434481230666, 53.710720128455385 ], [ -122.78229734677295, 53.710872680732237 ], [ -122.782099170165935, 53.711106012060817 ], [ -122.78199260517782, 53.711204693609218 ], [ -122.781885946206259, 53.711321348719281 ], [ -122.781748886141344, 53.711455926266886 ], [ -122.781550773271135, 53.71168027041827 ], [ -122.781351256535117, 53.711846692239661 ], [ -122.781135026155823, 53.711991109744844 ], [ -122.780745290530092, 53.712155185981189 ], [ -122.779986107941738, 53.712786972228621 ], [ -122.779359897723339, 53.713420003049144 ], [ -122.778877179471664, 53.713973392087546 ], [ -122.77839979492272, 53.714472868584558 ], [ -122.778067792983748, 53.714856750007336 ], [ -122.777753010345222, 53.715166766700172 ], [ -122.777445070783628, 53.715455823928544 ], [ -122.777003910667787, 53.715785576018675 ], [ -122.77655646844606, 53.716345018032705 ], [ -122.776377911918246, 53.716679253485289 ], [ -122.775914999350434, 53.716976994679477 ], [ -122.775058386389986, 53.717222075462089 ], [ -122.773944169265647, 53.717463664059615 ], [ -122.772578144947403, 53.717567939870428 ], [ -122.771142250173639, 53.717512273077887 ], [ -122.769719347723452, 53.717236900182442 ], [ -122.768462112798957, 53.716841988970842 ], [ -122.76808500001313, 53.71744946767658 ], [ -122.767758194420708, 53.718090002206914 ], [ -122.766644049836529, 53.718612159585419 ], [ -122.765691498003321, 53.719137616657967 ], [ -122.765174825801935, 53.719397270334255 ], [ -122.76575836080697, 53.719831848566741 ], [ -122.766504233423134, 53.720144904553038 ], [ -122.767412426310727, 53.720336425949988 ], [ -122.766800846916482, 53.720705754167113 ], [ -122.766276560698714, 53.721122194944236 ], [ -122.765783810291026, 53.721615596381419 ], [ -122.765235334466709, 53.722138843645986 ], [ -122.764937662756381, 53.722674560163497 ], [ -122.76459310278598, 53.723162249310988 ], [ -122.763796379671845, 53.723803855224283 ], [ -122.763272062075487, 53.724512900483838 ], [ -122.763020145463258, 53.725289397146604 ], [ -122.762910065529766, 53.725999252020756 ], [ -122.761635541745818, 53.726245403629818 ], [ -122.760596138612328, 53.726603867436211 ], [ -122.759616253783975, 53.726855579575144 ], [ -122.758695926897175, 53.72700053340494 ], [ -122.757665556193984, 53.726951520118476 ], [ -122.756753152583869, 53.726888743448491 ], [ -122.75595871434912, 53.726812232938784 ], [ -122.75555727863464, 53.726919269238032 ], [ -122.755153850282539, 53.727081237927663 ], [ -122.75462207148702, 53.727301860027815 ], [ -122.753898605122586, 53.727473158030612 ], [ -122.753368201177693, 53.727746709645757 ], [ -122.752962413146165, 53.728018520002074 ], [ -122.752681273863203, 53.72828859118605 ], [ -122.752602165143131, 53.728854687822917 ], [ -122.753678507199936, 53.728823950584975 ], [ -122.754740210783112, 53.728706280692855 ], [ -122.755274188088023, 53.728978021780947 ], [ -122.755726878230732, 53.729328499854368 ], [ -122.756195523096906, 53.729833794090709 ], [ -122.756584866741093, 53.730366893180253 ], [ -122.756760084646345, 53.730940513933156 ], [ -122.756800400212185, 53.731541810481502 ], [ -122.757267909483232, 53.732250844722962 ], [ -122.758032857661661, 53.73278869158186 ], [ -122.758945274125438, 53.733166049123938 ], [ -122.759851052988523, 53.733529396856817 ], [ -122.760416065503307, 53.7339879292944 ], [ -122.760790279436179, 53.734530972294877 ], [ -122.760834034032612, 53.734834673348232 ], [ -122.760736610536483, 53.73508215810962 ], [ -122.760675625789219, 53.73514495301044 ], [ -122.760492536651725, 53.735351319124192 ], [ -122.760324652090759, 53.735548721794558 ], [ -122.760171824304848, 53.735764139402569 ], [ -122.760018804221772, 53.736015504147524 ], [ -122.759896238291347, 53.736239973456939 ], [ -122.759835191485053, 53.736311754431505 ], [ -122.75975898160182, 53.736383511509693 ], [ -122.759575942356904, 53.736580880647772 ], [ -122.759377723192543, 53.736778225170156 ], [ -122.759240358968611, 53.736939745014261 ], [ -122.759133215907767, 53.737119294994294 ], [ -122.759675510151538, 53.737431979200153 ], [ -122.760096599205127, 53.737735430994228 ], [ -122.760244419830485, 53.738103253688152 ], [ -122.760457530444896, 53.738545102969418 ], [ -122.760578961511754, 53.739111610263848 ], [ -122.760854160946622, 53.739596532343072 ], [ -122.761215984772079, 53.739957788316332 ], [ -122.761738670056062, 53.740174543365569 ], [ -122.762313287325924, 53.740442338383232 ], [ -122.761994191117694, 53.740567542939431 ], [ -122.761933448694208, 53.740585395591658 ], [ -122.761771355391573, 53.740650987614572 ], [ -122.761675092995347, 53.740692746641436 ], [ -122.761462418188259, 53.740764229752592 ], [ -122.76135603656148, 53.740808962565595 ], [ -122.761112740017893, 53.740934309494328 ], [ -122.760823802677322, 53.741086536149936 ], [ -122.760502407813362, 53.74131859028261 ], [ -122.760261288789948, 53.74165067596492 ], [ -122.760100476150697, 53.742082794462306 ], [ -122.760086427505101, 53.742774866746082 ], [ -122.760893414074886, 53.743070103132418 ], [ -122.761523188363199, 53.743420901588017 ], [ -122.762000960193831, 53.74384230651642 ], [ -122.762312765422834, 53.744417176880091 ], [ -122.762769073838641, 53.745063239035751 ], [ -122.763538684978116, 53.745723904023592 ], [ -122.764645919224932, 53.746271377999392 ], [ -122.764472794243048, 53.746499744407586 ], [ -122.764282634036974, 53.746758033005811 ], [ -122.764075468246332, 53.74704624452319 ], [ -122.763964430577488, 53.747318677520425 ], [ -122.76377782309342, 53.747545010989384 ], [ -122.763515643793866, 53.747725262492473 ], [ -122.763367668658873, 53.747974641151572 ], [ -122.763327580020587, 53.748211259092528 ], [ -122.763324602886769, 53.74844195314629 ], [ -122.76331316063235, 53.748677621509721 ], [ -122.762935029535143, 53.749401930593294 ], [ -122.762683055145501, 53.750162445988749 ], [ -122.762849152683998, 53.750888833139072 ], [ -122.763433328389198, 53.751581089928237 ], [ -122.764253505107447, 53.752262816283491 ], [ -122.76507354496573, 53.75297450154325 ], [ -122.765893449723279, 53.753716145686369 ], [ -122.765904706496627, 53.754417255170424 ], [ -122.765250055419529, 53.754865392073583 ], [ -122.764731319176093, 53.755412658493903 ], [ -122.765797424453368, 53.755528601173694 ], [ -122.766599268628099, 53.755889698141686 ], [ -122.767136874158609, 53.756495954999487 ], [ -122.767163479793368, 53.757170135717395 ], [ -122.767174373645886, 53.757943146824914 ], [ -122.767200823348759, 53.758644286940786 ], [ -122.767212518932851, 53.759273493186157 ], [ -122.767369742727581, 53.760099717386133 ], [ -122.767658747790009, 53.760871274257127 ], [ -122.768079444688368, 53.761603140305823 ], [ -122.768363763284896, 53.762310773252345 ], [ -122.768511777105118, 53.76297918732196 ], [ -122.769832570201061, 53.76309757628551 ], [ -122.771086151425862, 53.763180872701817 ], [ -122.772136360964737, 53.763156904314094 ], [ -122.772905020300044, 53.762832791543275 ], [ -122.773400122079366, 53.762287439801469 ], [ -122.774719759383743, 53.762621490859495 ], [ -122.776003105452503, 53.762809650675813 ], [ -122.777250160828956, 53.762851929804398 ], [ -122.777836372325496, 53.763557100810395 ], [ -122.778562525892113, 53.764256533703012 ], [ -122.779273338775909, 53.764993887439502 ], [ -122.779844349534272, 53.765714990765375 ], [ -122.780540329987431, 53.76607480433362 ], [ -122.781099478329594, 53.766490289750969 ], [ -122.78042169052469, 53.766842581773744 ], [ -122.77988168960502, 53.767279026888119 ], [ -122.779908508774369, 53.767953193074845 ], [ -122.779788273244989, 53.768702000377935 ], [ -122.779379766302242, 53.769450268320902 ], [ -122.778682986256655, 53.770198012274008 ], [ -122.777465083762195, 53.770977736987589 ], [ -122.779034393058311, 53.771337179820414 ], [ -122.780286102930702, 53.77182783624653 ], [ -122.781220211911318, 53.772449742975105 ], [ -122.782037769340718, 53.772792782062801 ], [ -122.782722997769056, 53.773300365727962 ], [ -122.783180048687754, 53.773925383473532 ], [ -122.783181833209099, 53.774558555192705 ], [ -122.782860328118801, 53.775113252085461 ], [ -122.78264507642885, 53.77565814780624 ], [ -122.78255067459942, 53.776308134940628 ], [ -122.781745009561689, 53.776579313003005 ], [ -122.780964555112632, 53.776868509617671 ], [ -122.780209265184354, 53.777175724047964 ], [ -122.781374300178825, 53.777834000853453 ], [ -122.780753432219541, 53.778231345880997 ], [ -122.780386618020344, 53.778731020716911 ], [ -122.780273879206973, 53.779333028038117 ], [ -122.78030010492725, 53.780124043864063 ], [ -122.780311232384719, 53.780897055644893 ], [ -122.780337743403592, 53.7816341425237 ], [ -122.780209270948987, 53.782337984519465 ], [ -122.779926216505075, 53.782936680358553 ], [ -122.779350704940327, 53.783349085475606 ], [ -122.778637286943365, 53.783689330613335 ], [ -122.777693615793183, 53.783879328124982 ], [ -122.776622093447017, 53.784009170114928 ], [ -122.775868408522442, 53.783671196770712 ], [ -122.775260198599184, 53.783251605353016 ], [ -122.774546673302751, 53.783604803691134 ], [ -122.773981090524572, 53.784040172189947 ], [ -122.774579034129985, 53.784802307269189 ], [ -122.775480771591987, 53.785526050496244 ], [ -122.776430242018179, 53.786156003896778 ], [ -122.777156130554445, 53.786657698534228 ], [ -122.777371804037799, 53.787011643909885 ], [ -122.777333313586297, 53.787273232187914 ], [ -122.777150078004198, 53.787479619637814 ], [ -122.777002486691075, 53.787644132022763 ], [ -122.776905706877642, 53.787766790772849 ], [ -122.776967086084241, 53.787959649489004 ], [ -122.776950845506803, 53.788160354946676 ], [ -122.776856968817697, 53.78836890670479 ], [ -122.776759974400534, 53.788531520551516 ], [ -122.776597040225056, 53.788726961639341 ], [ -122.776368134583535, 53.788955228877164 ], [ -122.77619462946555, 53.789231545523386 ], [ -122.776051640072794, 53.789478954757911 ], [ -122.775939167245852, 53.789697456697581 ], [ -122.775771288339413, 53.789867926395921 ], [ -122.77561853466996, 53.790047404064552 ], [ -122.775511559774927, 53.790182023118078 ], [ -122.775389167462166, 53.790361562121277 ], [ -122.776742571702911, 53.790858448185688 ], [ -122.777971741685192, 53.791248221899082 ], [ -122.779141716227102, 53.791677818034231 ], [ -122.780146128546946, 53.792159043865261 ], [ -122.780857589131344, 53.792543841518523 ], [ -122.78151317454838, 53.792973475803763 ], [ -122.782112869986335, 53.793447947206829 ], [ -122.782449652476174, 53.793232838653815 ], [ -122.782850875575733, 53.793273517431089 ], [ -122.783317840861287, 53.793650871808921 ], [ -122.783864669829939, 53.794245082619078 ], [ -122.784571109005753, 53.794964413482774 ], [ -122.785193709178813, 53.795592712294166 ], [ -122.785732432769464, 53.796129970654562 ], [ -122.786060388489474, 53.796322303744255 ], [ -122.786212989397796, 53.796169782002913 ], [ -122.786617260334182, 53.795949784911677 ], [ -122.787260857865576, 53.795768173728526 ], [ -122.788076515789101, 53.795585849644624 ], [ -122.788806625870961, 53.795305507535943 ], [ -122.789331528207057, 53.794907957725314 ], [ -122.790581377089765, 53.79492212490387 ], [ -122.791821350149675, 53.794885335935135 ], [ -122.790821415287127, 53.794479123394126 ], [ -122.790146365044109, 53.794209295837895 ], [ -122.789554151406378, 53.793904659708303 ], [ -122.788981841027777, 53.793333395216443 ], [ -122.78849255625282, 53.792689377401977 ], [ -122.788212834939316, 53.791964832281806 ], [ -122.787954923290371, 53.791266289789334 ], [ -122.787608958239076, 53.790639491282427 ], [ -122.787048428684983, 53.790086218595562 ], [ -122.787352738235839, 53.789942947334879 ], [ -122.787672410325698, 53.789763749380739 ], [ -122.787915820876606, 53.789656324070073 ], [ -122.78815926873979, 53.789539902543041 ], [ -122.788402638905566, 53.789441463005758 ], [ -122.788661227141745, 53.789334065368919 ], [ -122.789026418581031, 53.789154941900307 ], [ -122.78936111550756, 53.789002728017138 ], [ -122.789692408066443, 53.78885849511726 ], [ -122.790154629840941, 53.788837337261512 ], [ -122.790842420392153, 53.788902457778406 ], [ -122.791803258121448, 53.78900099692008 ], [ -122.792945696329355, 53.788873144414438 ], [ -122.794175053257362, 53.788555683155963 ], [ -122.794826275348825, 53.788164309047083 ], [ -122.795258038384887, 53.787816499806496 ], [ -122.795470333324772, 53.78751226636205 ], [ -122.795864274761584, 53.787307205110572 ], [ -122.796154036103516, 53.787026062422157 ], [ -122.796339586789202, 53.78666884716727 ], [ -122.79659861204162, 53.786462552932456 ], [ -122.796827113469647, 53.78629216648423 ], [ -122.797403618918779, 53.786695618989796 ], [ -122.797870190747986, 53.787165787914809 ], [ -122.798414161042885, 53.787677036420568 ], [ -122.79911758741541, 53.7879997978986 ], [ -122.799998651676987, 53.788205002818522 ], [ -122.800895350191198, 53.788318354381033 ], [ -122.801749464440945, 53.78852050504544 ], [ -122.801776429171753, 53.789239611530405 ], [ -122.802218999877454, 53.789809592258578 ], [ -122.802656849300604, 53.790310665157108 ], [ -122.803089976473771, 53.790742812413029 ], [ -122.803117763727059, 53.791291137283451 ], [ -122.803763854928334, 53.791629752863265 ], [ -122.804161686538947, 53.792040872951517 ], [ -122.804311239464127, 53.792524481672984 ], [ -122.804323910055132, 53.793063801310225 ], [ -122.804337493048024, 53.793405371416213 ], [ -122.804223184702522, 53.794045352761856 ], [ -122.803832671583166, 53.794593992832738 ], [ -122.80316594466521, 53.79505129794385 ], [ -122.802340904520861, 53.795450423777339 ], [ -122.801502577736343, 53.795803570436604 ], [ -122.800681266042858, 53.796122792654103 ], [ -122.799326942552668, 53.796785658075869 ], [ -122.800509199087884, 53.797192104005802 ], [ -122.801964586193662, 53.797634942422782 ], [ -122.803313472243005, 53.798131509557543 ], [ -122.804093141803577, 53.798426403450861 ], [ -122.804866597474955, 53.798607426596206 ], [ -122.805633847353107, 53.798674588491998 ], [ -122.805661471018681, 53.799267861971991 ], [ -122.805674663717014, 53.799699314829276 ], [ -122.805687221402721, 53.800265592304257 ], [ -122.805700699710727, 53.800634130108321 ], [ -122.805713440049431, 53.801164461660939 ], [ -122.805726048006292, 53.801721752499255 ], [ -122.805753743879521, 53.80229704288233 ], [ -122.805638176387859, 53.802847131658801 ], [ -122.805394480344646, 53.803372053221288 ], [ -122.80489328375856, 53.803762721671475 ], [ -122.804262393946374, 53.804101251342942 ], [ -122.803497157399448, 53.804306726312717 ], [ -122.803524874006825, 53.804873030347821 ], [ -122.803037953702855, 53.805087951437379 ], [ -122.802550603104564, 53.805392753617603 ], [ -122.802352445817419, 53.805554209357553 ], [ -122.801681084819535, 53.806236211922503 ], [ -122.801513109148189, 53.806433675867368 ], [ -122.801360284596953, 53.806640153839936 ], [ -122.801253229167457, 53.806801763665867 ], [ -122.801191928533271, 53.806918505070648 ], [ -122.801099959043285, 53.807098114942484 ], [ -122.801007952950954, 53.807286720396789 ], [ -122.801098072965161, 53.807496588867359 ], [ -122.801224906640755, 53.807794413783768 ], [ -122.801256542659871, 53.808239884194194 ], [ -122.801031141941621, 53.808805765458679 ], [ -122.801186148221689, 53.809567024233068 ], [ -122.801622961726281, 53.810328750764619 ], [ -122.80234158271702, 53.811090941577511 ], [ -122.803037905613039, 53.81157745178669 ], [ -122.803870075631636, 53.811162359407639 ], [ -122.804907362191216, 53.810906383749249 ], [ -122.805998061528129, 53.810770335316249 ], [ -122.807067623068747, 53.810830985355068 ], [ -122.808072716584135, 53.810965420069806 ], [ -122.808811313748592, 53.811074462802686 ], [ -122.809419610475729, 53.810895667854815 ], [ -122.809963925476779, 53.810681813464328 ], [ -122.810560405006456, 53.810501990712396 ], [ -122.811689942851771, 53.810355961286184 ], [ -122.81270233671799, 53.810368537023358 ], [ -122.813597584222336, 53.810539702574182 ], [ -122.814364507952348, 53.810733641997643 ], [ -122.815129970572571, 53.810877639630291 ], [ -122.814630993096301, 53.811146518242928 ], [ -122.814003870373114, 53.811388228258295 ], [ -122.814017105753805, 53.811828664586997 ], [ -122.814410189568548, 53.812233747924139 ], [ -122.814930116904264, 53.812575107709577 ], [ -122.815576792538224, 53.812879702418833 ], [ -122.816354944375064, 53.813216452079971 ], [ -122.817006572007429, 53.813549020266919 ], [ -122.817403210638147, 53.813921133563397 ], [ -122.817544868404582, 53.814332812781934 ], [ -122.817558456134961, 53.814701347361947 ], [ -122.817571572813989, 53.815177737683669 ], [ -122.817964738688971, 53.815576817648605 ], [ -122.818362752015545, 53.816029823939118 ], [ -122.8187655979211, 53.816536773980971 ], [ -122.818779384754492, 53.816860366548838 ], [ -122.819786368093844, 53.816993707766805 ], [ -122.820549948161258, 53.817213571499636 ], [ -122.820943162456246, 53.817612632482266 ], [ -122.821082636917069, 53.818149140118628 ], [ -122.821095764176931, 53.818634516142794 ], [ -122.821108967861463, 53.81910192807397 ], [ -122.821122850540533, 53.819407547117066 ], [ -122.821769846174675, 53.819668170407439 ], [ -122.822290187117233, 53.819948574216276 ], [ -122.822303634852375, 53.820362049040313 ], [ -122.823457675986077, 53.820462621704259 ], [ -122.824611541378275, 53.82060812482122 ], [ -122.824235729951852, 53.820871229144366 ], [ -122.823859883646008, 53.821146314768598 ], [ -122.823483971032687, 53.821433389837637 ], [ -122.824262300729188, 53.821785074164239 ], [ -122.824913492804455, 53.822265390545887 ], [ -122.8254379542078, 53.822787472925398 ], [ -122.825704551070487, 53.823217300137202 ], [ -122.825844661410869, 53.823620968374485 ], [ -122.8257312156464, 53.82411016595605 ], [ -122.825364687157986, 53.824577019567556 ], [ -122.824745022392477, 53.825021525701537 ], [ -122.825264757271157, 53.82546670360415 ], [ -122.826038057573072, 53.825830349561024 ], [ -122.827064909503946, 53.826112467264316 ], [ -122.827564164470047, 53.825799592692583 ], [ -122.828191528808219, 53.825529849069014 ], [ -122.82884616335258, 53.82602414327512 ], [ -122.829372501432516, 53.826520234273268 ], [ -122.82988769871433, 53.826854533291552 ], [ -122.83065317550151, 53.827080322704575 ], [ -122.831668929881872, 53.827197597761312 ], [ -122.832360643153791, 53.827299429257955 ], [ -122.832939195811036, 53.827415093504925 ], [ -122.833942419275743, 53.82729065081417 ], [ -122.833897849362756, 53.82703591950257 ], [ -122.833929383537495, 53.826742345450896 ], [ -122.834614417044804, 53.82639574862992 ], [ -122.835253996896142, 53.826016128013457 ], [ -122.835790432655017, 53.82654117491073 ], [ -122.836122337652981, 53.827137848239765 ], [ -122.836249720706078, 53.827806141096303 ], [ -122.836262913348818, 53.82831849083167 ], [ -122.837402643010037, 53.828257123240725 ], [ -122.838002613255171, 53.828516594463906 ], [ -122.838570188210483, 53.82886090452871 ], [ -122.839090673828196, 53.829164212192815 ], [ -122.839479448859535, 53.829473320570273 ], [ -122.839930720567082, 53.829780527209195 ], [ -122.840510306998382, 53.830082896868632 ], [ -122.841283852531447, 53.830437457566369 ], [ -122.842131497429463, 53.830843048594659 ], [ -122.842621085560566, 53.831296097169499 ], [ -122.842752576486362, 53.83179660683998 ], [ -122.842668999180873, 53.832023203460579 ], [ -122.842754240031596, 53.832254008739618 ], [ -122.843008301191844, 53.832489031268778 ], [ -122.843571062694721, 53.832336975098976 ], [ -122.843882253648289, 53.832191570022431 ], [ -122.844180151044469, 53.831987227275434 ], [ -122.844196462147053, 53.831687638472516 ], [ -122.844146775755505, 53.831426921832794 ], [ -122.844201521077238, 53.8312332476835 ], [ -122.844340558100782, 53.831070640334126 ], [ -122.844594267355504, 53.830945134931639 ], [ -122.844974672159211, 53.830792825484856 ], [ -122.845339866601009, 53.830649488822154 ], [ -122.845644113909984, 53.830551004590362 ], [ -122.845850201817257, 53.830515322411607 ], [ -122.846171120901047, 53.830470794526981 ], [ -122.846571445981652, 53.830414374155239 ], [ -122.846882188878993, 53.830382816312074 ], [ -122.847132133171684, 53.830357170750794 ], [ -122.847333027426941, 53.830357424704523 ], [ -122.847552620525875, 53.830325744323787 ], [ -122.847829585969933, 53.830296141733704 ], [ -122.848160756655886, 53.830221659609407 ], [ -122.848532476727527, 53.830132247081657 ], [ -122.848912784611031, 53.830006894044942 ], [ -122.849217056836565, 53.829896418686168 ], [ -122.849475751384929, 53.829782891647696 ], [ -122.849739595876088, 53.829645407322808 ], [ -122.850015215225156, 53.829521909222663 ], [ -122.850251881512605, 53.829433321310852 ], [ -122.850632097867376, 53.829325944270195 ], [ -122.851027573550169, 53.829200596498104 ], [ -122.851407825938509, 53.829084221789103 ], [ -122.851683194140179, 53.829030638547898 ], [ -122.851975331537957, 53.829004034070749 ], [ -122.852357029655565, 53.828955565370833 ], [ -122.852715264763503, 53.828857131953676 ], [ -122.853050035062324, 53.828708742975252 ], [ -122.853293631022623, 53.828565232053855 ], [ -122.853641284730159, 53.828594619192891 ], [ -122.853935049424706, 53.828588978119406 ], [ -122.854202003185819, 53.828522396754451 ], [ -122.854420176757174, 53.828405808172171 ], [ -122.854631720657878, 53.82825227150083 ], [ -122.85509218254289, 53.828369670841539 ], [ -122.855785599959418, 53.828487357641201 ], [ -122.85691047928357, 53.82831792915097 ], [ -122.857990082970048, 53.828058555760791 ], [ -122.858621139591961, 53.828145186036572 ], [ -122.85900530547876, 53.828361355807104 ], [ -122.859142581046257, 53.828707058455763 ], [ -122.859028102562704, 53.829116386936249 ], [ -122.858785470237677, 53.829476632692767 ], [ -122.858414677294107, 53.829799768885024 ], [ -122.858171988598386, 53.830175986427037 ], [ -122.858057472637256, 53.830593304798647 ], [ -122.858408416815209, 53.83115397973517 ], [ -122.858843810721709, 53.831708760233838 ], [ -122.859369175370887, 53.832117841567069 ], [ -122.860011378752318, 53.832429183536398 ], [ -122.858945732637551, 53.833030142930788 ], [ -122.860120315704023, 53.833178327079231 ], [ -122.861345272151041, 53.833410448411016 ], [ -122.86240964002279, 53.83371027337386 ], [ -122.863338758002214, 53.834065874282835 ], [ -122.864142779958826, 53.834477249962902 ], [ -122.864667646112053, 53.834543756488742 ], [ -122.865172882757619, 53.834416488368831 ], [ -122.865790112044465, 53.834110581682914 ], [ -122.86639921225121, 53.833706794001202 ], [ -122.867276840834364, 53.833271342323847 ], [ -122.868282393532439, 53.832953870364172 ], [ -122.86929394408989, 53.832877083587093 ], [ -122.870179995621058, 53.832976908773837 ], [ -122.870994709596232, 53.833220468461036 ], [ -122.871860296000932, 53.833395170613308 ], [ -122.87175318906398, 53.833637737286367 ], [ -122.871146708733519, 53.833755931111881 ], [ -122.870567127698877, 53.833912098145319 ], [ -122.870095116875447, 53.834217189202278 ], [ -122.869624740892334, 53.834545246470135 ], [ -122.869243421715908, 53.835005226157122 ], [ -122.868725211278885, 53.835502001804088 ], [ -122.868144360301287, 53.836051641121315 ], [ -122.867398368705835, 53.836491246750043 ], [ -122.867456538341557, 53.837318218813472 ], [ -122.867367009256142, 53.837867395896723 ], [ -122.867144202269586, 53.83837248823383 ], [ -122.86678798435652, 53.838884419059944 ], [ -122.866431597256295, 53.839447280838229 ], [ -122.866980998597413, 53.839788442640589 ], [ -122.867650677353154, 53.84000888736464 ], [ -122.868312197650155, 53.840137450274355 ], [ -122.868729993099876, 53.840454493272958 ], [ -122.868904018155575, 53.840960017646694 ], [ -122.868947623012119, 53.841598227178629 ], [ -122.868991173026728, 53.842254409386051 ], [ -122.869034837408535, 53.842874636810315 ], [ -122.869775683495234, 53.842491947672393 ], [ -122.870496252717018, 53.842109237904076 ], [ -122.871343490945563, 53.841711665678176 ], [ -122.872322310811398, 53.841359180719181 ], [ -122.873320308445884, 53.841360240986987 ], [ -122.87420151924826, 53.841448048206118 ], [ -122.874991028836817, 53.841709531159346 ], [ -122.875902409606908, 53.841883253908321 ], [ -122.876938712112135, 53.842067074882323 ], [ -122.878108191768987, 53.842334922599655 ], [ -122.879294154534747, 53.842750576296432 ], [ -122.879752211255592, 53.842018003265558 ], [ -122.880346668046002, 53.841412391382491 ], [ -122.881945825715022, 53.842013186041612 ], [ -122.883150264203394, 53.84246976667189 ], [ -122.884101833545699, 53.842784278162384 ], [ -122.885180298953273, 53.843014009327504 ], [ -122.88639082132508, 53.843117025368628 ], [ -122.887585588321684, 53.843439732125994 ], [ -122.88877554365763, 53.843667543547895 ], [ -122.889951032032869, 53.843622685173194 ], [ -122.891116709416494, 53.843453976792084 ], [ -122.89225259740077, 53.843044537896134 ], [ -122.893763596394592, 53.842536556441729 ], [ -122.89566458384661, 53.842055862132128 ], [ -122.895679006632932, 53.842370456510871 ], [ -122.896848708860873, 53.842596176229712 ], [ -122.897988286068269, 53.842722985896337 ], [ -122.899055016280926, 53.842947588352246 ], [ -122.899859858932857, 53.843229891473712 ], [ -122.900402827262553, 53.843569900889889 ], [ -122.8997756142725, 53.843856996440536 ], [ -122.899415102283243, 53.844195244537701 ], [ -122.899321280579301, 53.844584656119288 ], [ -122.899878915983066, 53.845148383298046 ], [ -122.900565049067495, 53.845664268263377 ], [ -122.90111629725925, 53.846090167598689 ], [ -122.901153902292165, 53.846612505452008 ], [ -122.900677858982874, 53.847231300547278 ], [ -122.900081788983101, 53.847896931395105 ], [ -122.899615779282357, 53.848548682414531 ], [ -122.898609563429119, 53.849081128299787 ], [ -122.897878536561151, 53.849652754411352 ], [ -122.897422708616915, 53.850263556787901 ], [ -122.897575440969959, 53.850660168763298 ], [ -122.897974888971035, 53.851014046137323 ], [ -122.898621027905151, 53.851325176733127 ], [ -122.899309404529262, 53.851645338799933 ], [ -122.899865941758492, 53.852000334069004 ], [ -122.899910564100338, 53.852413825088917 ], [ -122.899544559580249, 53.852898881102718 ], [ -122.899173724167667, 53.853282067207935 ], [ -122.898937965302508, 53.853685335828018 ], [ -122.898842108204903, 53.854210556445146 ], [ -122.898618323152945, 53.854543932760578 ], [ -122.898141122595646, 53.854896058916822 ], [ -122.897415413901868, 53.855320881662479 ], [ -122.896694620521757, 53.855799632248626 ], [ -122.896723742192776, 53.856320971784825 ], [ -122.896626424846716, 53.856738336890459 ], [ -122.896254254283988, 53.85695173310642 ], [ -122.895607246972176, 53.856961158322228 ], [ -122.894833483190212, 53.856990439810325 ], [ -122.894202960451139, 53.857150675526185 ], [ -122.893715720798525, 53.857441859925771 ], [ -122.893493395606228, 53.857843134144346 ], [ -122.893404445009892, 53.858277476477902 ], [ -122.893433480890067, 53.85881679805042 ], [ -122.893477955383077, 53.859266235942414 ], [ -122.892954299949992, 53.859243799543201 ], [ -122.892280807130788, 53.859023490796588 ], [ -122.891589282221005, 53.858592433264306 ], [ -122.891017947247647, 53.858068607022666 ], [ -122.890410171858534, 53.858572387487698 ], [ -122.889935730594132, 53.859110249938041 ], [ -122.889439709537868, 53.859504272415542 ], [ -122.888808715309153, 53.859828261765522 ], [ -122.887637749191086, 53.859908064396052 ], [ -122.887261749151747, 53.860258248021793 ], [ -122.887027472529297, 53.860684459574465 ], [ -122.886801391022871, 53.861196573082204 ], [ -122.886845451452217, 53.861769857727374 ], [ -122.887022903990101, 53.862379222578703 ], [ -122.887183878884827, 53.862517599740876 ], [ -122.887589263502718, 53.862866111183052 ], [ -122.888270958538968, 53.86319631246473 ], [ -122.889196480462701, 53.863327000761991 ], [ -122.890243857621641, 53.863379894456024 ], [ -122.891281450997397, 53.863415736209191 ], [ -122.89143149794215, 53.863420921943792 ], [ -122.892615940969648, 53.863391026804855 ], [ -122.892249801735062, 53.863858077114344 ], [ -122.891763525688319, 53.864391936874526 ], [ -122.89128055139372, 53.864946769024506 ], [ -122.891169063707309, 53.865080612543395 ], [ -122.890800894149208, 53.865522565033714 ], [ -122.890449651951329, 53.866094493426353 ], [ -122.890368676570645, 53.866689629823028 ], [ -122.89010573189509, 53.867013163931745 ], [ -122.890010997591546, 53.867129725653228 ], [ -122.889941264254489, 53.867146785388954 ], [ -122.889688081772348, 53.867208729522147 ], [ -122.88936850559368, 53.867286921975094 ], [ -122.888581094235505, 53.867290190993259 ], [ -122.887778917151095, 53.867127657243856 ], [ -122.8869700978195, 53.866927159625135 ], [ -122.885749530300444, 53.866530530975893 ], [ -122.884592667083638, 53.866942878299426 ], [ -122.883421058240828, 53.867175434211241 ], [ -122.883479771621523, 53.867939485408449 ], [ -122.883523746181638, 53.868532742767975 ], [ -122.88421688599469, 53.869020766488369 ], [ -122.884783197293743, 53.86954961261371 ], [ -122.884697079005321, 53.870141752511465 ], [ -122.884480794435206, 53.87075073904964 ], [ -122.883997708779049, 53.871283568166739 ], [ -122.883382956018636, 53.871765333666858 ], [ -122.88264668968317, 53.872181058202379 ], [ -122.882690555571983, 53.872810269246138 ], [ -122.883109992665254, 53.873296042258374 ], [ -122.883653121463908, 53.873665082196112 ], [ -122.884318426750553, 53.873863462335216 ], [ -122.885229534551968, 53.873785442385518 ], [ -122.886262758551496, 53.873541750998648 ], [ -122.886777194256084, 53.873286570742174 ], [ -122.887568393883654, 53.873173466428625 ], [ -122.88863634872186, 53.873202423274726 ], [ -122.889223435867379, 53.872311145931604 ], [ -122.889688505040539, 53.871537597143359 ], [ -122.890169967734522, 53.870949814826403 ], [ -122.890802795435945, 53.87063381837973 ], [ -122.891929495037445, 53.870140484968502 ], [ -122.892285779636182, 53.869583544534692 ], [ -122.892641977257199, 53.869062557638209 ], [ -122.892998074267851, 53.868577514954353 ], [ -122.893359069937461, 53.868152394082195 ], [ -122.893715048935789, 53.86770629883037 ], [ -122.89406599565838, 53.86723922884061 ], [ -122.895236237996798, 53.867527875819619 ], [ -122.896421631873224, 53.867843494735595 ], [ -122.897607294548692, 53.86806022552399 ], [ -122.897578080180239, 53.867565847170681 ], [ -122.897663920865014, 53.867009660829687 ], [ -122.898009742761303, 53.866545569616754 ], [ -122.898615554694572, 53.866173571728993 ], [ -122.898709634660548, 53.865694281849606 ], [ -122.899058839815183, 53.865224203191957 ], [ -122.899663132626642, 53.864763314852837 ], [ -122.900262653937801, 53.864171596087921 ], [ -122.900735521996552, 53.863550808988983 ], [ -122.901886766700883, 53.863270128324849 ], [ -122.903047883764444, 53.863094305001255 ], [ -122.903235247674132, 53.863900395257374 ], [ -122.903536306032976, 53.86449684632997 ], [ -122.903982541866938, 53.864864466730864 ], [ -122.904333218476268, 53.865181705997557 ], [ -122.904586703952575, 53.865387220394254 ], [ -122.904711516242386, 53.865518184349568 ], [ -122.905129141588205, 53.865706142643518 ], [ -122.905673859386155, 53.865919269499848 ], [ -122.906735886560355, 53.866243076332204 ], [ -122.907412363166657, 53.866733949745786 ], [ -122.907836885505787, 53.867312510030239 ], [ -122.908009460980821, 53.867978760188741 ], [ -122.908068876348082, 53.868625958589135 ], [ -122.908113242161491, 53.869201225159415 ], [ -122.908157553341937, 53.869794481788936 ], [ -122.908977470088459, 53.869632316828167 ], [ -122.909611701297578, 53.86937213788611 ], [ -122.910060261199135, 53.869013948260886 ], [ -122.911196047987247, 53.868891959880592 ], [ -122.912336882070704, 53.868778951705387 ], [ -122.913089260724973, 53.868563778668531 ], [ -122.913828443615913, 53.868198796356481 ], [ -122.91469099770994, 53.867809931527958 ], [ -122.915691761897591, 53.867588930758927 ], [ -122.916830730195841, 53.86753579920375 ], [ -122.916480243552357, 53.867898076793672 ], [ -122.916124787967433, 53.868203417346216 ], [ -122.915904363796784, 53.8685787663605 ], [ -122.915823936764298, 53.869081051567029 ], [ -122.91586866338217, 53.869530488512439 ], [ -122.91604971427995, 53.870254654907349 ], [ -122.916474404666843, 53.870825202058079 ], [ -122.917264568045695, 53.871173281884545 ], [ -122.918298467344371, 53.871321797992209 ], [ -122.919454298762773, 53.871339557036478 ], [ -122.919498833793256, 53.871905841287472 ], [ -122.919543742003555, 53.87228336786221 ], [ -122.919573300300016, 53.872732790299821 ], [ -122.920974070762497, 53.872826606580439 ], [ -122.922104782254962, 53.87274045639542 ], [ -122.92296545091898, 53.872474366017478 ], [ -122.923522113861253, 53.873023997992924 ], [ -122.923705136056753, 53.873675246309396 ], [ -122.923636273933838, 53.87436329521271 ], [ -122.923687523708722, 53.874993497659034 ], [ -122.923983998923305, 53.875527973580752 ], [ -122.924283758085281, 53.876117385554771 ], [ -122.924463344735742, 53.876807584750395 ], [ -122.924537926527478, 53.877625551733715 ], [ -122.924582724250399, 53.878092956745114 ], [ -122.924627262783247, 53.878704178495113 ], [ -122.924672144624978, 53.879117656084858 ], [ -122.925077251484083, 53.87942051241415 ], [ -122.925619034072767, 53.879852277153823 ], [ -122.926287605907532, 53.880281123837648 ], [ -122.927077991454553, 53.880650115080684 ], [ -122.927873426147869, 53.881037086387352 ], [ -122.928673743033656, 53.881537900399842 ], [ -122.929488960422702, 53.882248446084276 ], [ -122.930613423235087, 53.881996434019122 ], [ -122.931747820842233, 53.881872245290715 ], [ -122.932900493675163, 53.881938810198442 ], [ -122.934068151386839, 53.882152177971697 ], [ -122.933585877709419, 53.882485469147539 ], [ -122.932971876747047, 53.882744783058207 ], [ -122.933520495548322, 53.88320947238509 ], [ -122.934197587001236, 53.883680219670673 ], [ -122.93489130600986, 53.884335737912984 ], [ -122.935463224488629, 53.885065075911598 ], [ -122.936604558476745, 53.884867948352117 ], [ -122.93779059976336, 53.885291011562202 ], [ -122.938991751245737, 53.885803945100697 ], [ -122.939051554353071, 53.886523023079967 ], [ -122.939081306923313, 53.886990420047141 ], [ -122.939111306984913, 53.887278054961463 ], [ -122.939531601583312, 53.887727665863132 ], [ -122.939956874264936, 53.888240200166514 ], [ -122.940387142379706, 53.888815658173144 ], [ -122.93991822751444, 53.889262830530036 ], [ -122.93932081587181, 53.88969595481197 ], [ -122.938584850705382, 53.890073078143686 ], [ -122.937973961020276, 53.890460247885024 ], [ -122.937361390392965, 53.890834439177766 ], [ -122.937005810216021, 53.891193774511628 ], [ -122.936777088293795, 53.891519223624016 ], [ -122.936938798594696, 53.891913788620471 ], [ -122.937100467086893, 53.892336307572023 ], [ -122.937262108013087, 53.892786798758124 ], [ -122.937321999451854, 53.893433967822922 ], [ -122.938498431753203, 53.893659282050386 ], [ -122.939539624940338, 53.893879515286848 ], [ -122.940455662486798, 53.89413663152304 ], [ -122.941121353617575, 53.894480503333277 ], [ -122.941787082248254, 53.894796416835824 ], [ -122.942324375374724, 53.895081298561642 ], [ -122.942858354084038, 53.89531524137184 ], [ -122.943142020813795, 53.895602989870525 ], [ -122.943298872992131, 53.895890684844964 ], [ -122.943358808867401, 53.896582799629066 ], [ -122.943789228431086, 53.897143257740446 ], [ -122.944214624125564, 53.897688725439053 ], [ -122.944514860702625, 53.898252119217766 ], [ -122.94469500103979, 53.898848411614651 ], [ -122.945824792551718, 53.898672160910259 ], [ -122.946961215995316, 53.898603762960327 ], [ -122.948104265598289, 53.898643208246455 ] ], [ [ -123.178504374915775, 53.438775975612934 ], [ -123.178487012584, 53.43882408691821 ], [ -123.178508147802461, 53.438764082328035 ], [ -123.178504374915775, 53.438775975612934 ] ] ] ] } }
]
}
